id,text,label,source
t2-0001,تو این روزگاری که کسی تا پول ندی جواب سلامت رو نمیده اینکه شما اینطور دانشتون رو نشر میدین واقعا جای قدردانی داره سپاس بیکران,0,youtube-tutorials
t2-0002,واقعا خیلی مردی که به جای اینکه این دوره هارو خداد تومن بفروشی رایگان میزاری فوق العاده ای منم چنلتو به کلی از دوستام معرفی کردم بیان عشق کنن دمت گرم,0,youtube-tutorials
t2-0003,بسیار عالی بود خدا خیرتون بده که به جوونای این مملکت کمک میکنید ایشالا هرچی که میخواهید خدا بهتون بده و عاقبت بخیر بشوید,0,youtube-tutorials
t2-0004,عالیه ولی اگر ممکنه دوره پروژه محور هم بزارید که پروژه های کاربردی توش باشه,0,youtube-tutorials
t2-0005,بی نقص توی یک ساعت اندازه ی یک ماه آموزشگاه رو بهترش رو درس میدین🎉😂❤,0,youtube-tutorials
t2-0006,چندین آموزش پایتون دیدم. به جرات میگم کامل کامله و بسیار عالی آموزش داده شده.,0,youtube-tutorials
t2-0007,عالی و کاملا مناسب برای افرادی که تازه میخوان شروع کنن . فقط کاش یک جزوه هم قرار میدادید تا این اثر فوق‌العاده تکمیل میشد,0,youtube-tutorials
t2-0008,اگر کاملاً مبتدی و صفر کیلومتر هستید، پیشنهاد می‌کنم این ویدیو رو به‌عنوان دوره‌ی اولتون نبینید. اوایل ویدیو مطالب قابل فهمه، اما هرچی مباحث سخت‌تر می‌شن، توضیحات و مثال‌ها کافی نیستن و ممکنه خیلی از مطالب رو متوجه نشید. برای کسی که هیچ پیش‌زمینه‌ای از پایتون نداره، آموزش روان و کاملی نیست.,0,youtube-tutorials
t2-0009,‏‪10:30:29‬‏ جالبه الان ۲۰۲۵ هستیم و دارم ویدیوتون رو میبینم ، ممنون❤,0,youtube-tutorials
t2-0010,فوق‌العاده بود من به هرکی که خواست برنامه نویسی شروع کنه اول شمارو معرفی کردم بهش,0,youtube-tutorials
t2-0011,من دارم از ۲۰۲۶ میبینم و واقعا عالیه کلی ازتون یاد گرفتم ، امیدوارم بتونم حرفه ای بشم توش و به ثمر برسونم,0,youtube-tutorials
t2-0012,سلام استاد اگه میشه یک دوره جنگو برای پایتون ضبط کنید به نظرم مخاطب زیادی داره مخصوصا الان که این دوره پایتون شما هفتصد هزار مرتبه دیده شده بنظرم از جنگو هم استقبال زیادی میشه,0,youtube-tutorials
t2-0013,من الان کامنتارو خوندم، کاشکی واقعا عالی باشی استاد,0,youtube-tutorials
t2-0014,چه ایده خوبی که تو یک ویدیو تموم میکنی داستان رو اولین نفی هستی که به این سبک درس میدی دم شما گرم,0,youtube-tutorials
t2-0015,بین تمام اموزش هایی که دیدم توی این چند ساله .شما جدای از اینکه کامل تر و واضح تر توضیح دادین. اومدی بصورت کامل و از صفر تا صد هم در اختیار مون قرار دادین این اطلاعات رو .ممنون بابت اموزش خوبتون و حسن نیت تون,0,youtube-tutorials
t2-0016,خیلی عالی بود کلی یاد گرفتم به جرأت می‌توانم بگم در مقایسه با بقیه ویدیو های اموزش پایتون این کامل ترین و ساده ترین و بهترین اموزشی بود که دیدم، خیلی زحمت کشیدی... ممنون و خسته نباشید.,0,youtube-tutorials
t2-0017,سال 2026 و مسیر تحلیلگری داده که من رو به مسیر جذاب برنامه نویسی و پایتون رسوند. سپاس فراوان از شما به خاطر به اشتراک گذاری با ارزش ترین دارایی تان یعنی دانش 💙,0,youtube-tutorials
t2-0018,استاد عزیز من توی 4 ماه ویدیو شما را کامل نگاه کردم و چندین اموزش پایتون دیده بودم به جرعت می تونم بگم ویدیو شما هم کامل و کوتاه بود و این که اومیدوارم یه روز بتونم جبران کنم خیلی ازتون سپاس گزارم که این اموزش ها رایگان در اختیار جوانان کشورمون گزاشتی و می تونیم استفاده رایگان کنیم بازم ازتون سپاس گزارم,0,youtube-tutorials
t2-0019,خیلی ممنون عالیه کامل ترین کانال آموزش برنامه نویسی❤,0,youtube-tutorials
t2-0020,سلام، ممنونم از این آموزش کامل و جامع و بی حاشیه که باعث می شود هنرجو بدون فکر اضافه برنامه نویسی را فرا بگیرد، خدا قوت قهرمان,0,youtube-tutorials
t2-0021,داداش دمت گرم کی وقت کردی این همه نرم افزار یاد بگیری ;-),0,youtube-tutorials
t2-0022,دمت گرم من تا الان ۲ ساعتش رو دیدم خیلی حرفه کاملا مسلط و بر مبنای رفرنس درس میدی بدون دروغ و گیج کردن صادقانه و صحیح یاد میدی آفرین بر تو من واقعا نیاز دارم یاد بگیرم و با وجود این آموزش استرسم از بین رفته و میدونم دارم اصولی و بر مبنای اصلی یاد میگیرم به جا اینکه چند سال از عمرم بگذره و ندونم چیزی که یاد گرفتم به درد نمیخوره از تو بهترین و درست ترین رو یاد میگیرم,0,youtube-tutorials
t2-0023,سلام.من این دوره رو از اول تا آخر توی 5 ماه دیدم.همین الان هم تمومش کردم.به عنوان یک فرد زیر 15 سال به جرات میتونم بگم مفاهیم و شیوه ی تدریس فوووق العاده بود.,0,youtube-tutorials
t2-0024,خسته نباشی اصلا خسته کننده نیست یه ساعته با لذت دارم میبینم😂,0,youtube-tutorials
t2-0025,فوق العادست آموزش های زیادی رو دیدم ولی آموزش شما بسیار ریز شده و کامل تر هستش واقعا ممنونم که این آموزش خوب را رایگان در اختیار بقیه قرار دادید❤️,0,youtube-tutorials
t2-0026,واقعا عالی بود.من خیلی کلیپ دیدم.ولی این یه چیز دیگه بود.کاش میشد هزاربار لایک کرد,0,youtube-tutorials
t2-0027,با سلام با اینکه پایتون زبان برنامه نویسی خیلی دشواری هست اما شما چنان واضع و با زبان ساده آموزش دادید که نیازی به هیچ کمک از سایت دیگه یا کتاب نبود و در کمتر از دو هفته کامل یادگرفتم ممنونم از آموزش خیلی خوبتون,0,youtube-tutorials
t2-0028,داداش خدا خودتو و خانوادتو و رفیقاتو همرو سالم و سر زنده نگه داره خدا از بزرگی کمت نکنه,0,youtube-tutorials
t2-0029,فوق العاده بود تشکر من لذت بردم از آموزشت ، بزرگترین ویژگی آموزش این بود که اصل مطالب رو واضح و دقیق و بدون پرداختن به موضوعات غیر مرتبط گفته شد,0,youtube-tutorials
t2-0030,عالي بود دمت گرم 😻😻 امتحان داشتم و هرچي از اينجا ياد گرفتم جواب داد ❤❤❤❤❤❤,0,youtube-tutorials
t2-0031,واقعاً دوره‌ی مردی بود... پیر شدم😂😂😂,0,youtube-tutorials
t2-0032,هنوز یک ساعت از آموزش رو دیدم و تازه شروع کردم ولی میتونم بگم تا حالا آموزش به این کار درستی و کاملی و ریزبینی ندیدم,0,youtube-tutorials
t2-0033,داداش ممنونم که همه ی اموزشای پولی رو رایگان برای کسایی که پول زیادی ندارن میزاری ! عشقی ❤👍,0,youtube-tutorials
t2-0034,خدا قوت استاد. معلومه خییییلی زحمت کشیدید. ممنونم که آموزشی به این خوبی رو رایگان در اختیار ما قرار دادید.🌹🙏🏻,0,youtube-tutorials
t2-0035,درود برشما برای وقت و انرژی که در این آموزش صرف میکنید بسیار ممنونیم,0,youtube-tutorials
t2-0036,شما خیلی خوب توضیح میدید. هزاران بار متشکرم که تمام جزئیات را آموزش میدید با صبر و حوصله و استعداد خاصی که در بیان و انتقال در آموزش دارید، شما بهترینید. متشکرم واقعا,0,youtube-tutorials
t2-0037,کورس خوبی بود اما بشدت نیازمند حل تمرین و پروژه های مختلف بود.,0,youtube-tutorials
t2-0038,خدا خیرتون بده شما قطعاً یکی از شریف ترین و بهترین انسانهایی هستید که من دیدم خدا خیرتون بده و زندگیتون پر از شادی و سلامتی و اتفاقات عالی باشه💐💖💐💖💐💖,0,youtube-tutorials
t2-0039,دمت گرم من خیلی دنبال یادگیری بودم و شما بهم یاد دادین ممنون ایشالا هرچی از خدا می‌خوای بهت بده,0,youtube-tutorials
t2-0040,سلام html و css رو تموم کردم و پایتون رو تازه شروع کردم ، واقعا عالی هستین ، خیلی خیلی ممنونم,0,youtube-tutorials
t2-0041,واقعا دمتون گرم خدا از هرچی بلا هست نگهتون داره❤️❤️,0,youtube-tutorials
t2-0042,از افغانستان خیلی ممنون شما هستم . خداوند متعال در علم شما محترم برکت و زیادت خیر بګرداند. جزاکم الله خیرا.,0,youtube-tutorials
t2-0043,استاد واقعا آموزشتون خیلی کامل و فوقالعاده بود. ازتون بابت زحمتی که برای ضبط این ویدیو و اینکه دانشتون رو بدون هیچ چشمداشتی در اختیار همه گذاشتین و کاملترین آموزشی بود که تا الان دیده بودم واقعا ممنونم. انشالله که هرچی میخواین خدا بهتون بده,0,youtube-tutorials
t2-0044,دمت گرم داداش ❤ بعد یکماه و روزی ۲ تا ۳ ساعت تازه به نصف ویدئو رسیدم❤,0,youtube-tutorials
t2-0045,یکی از بهترین اساتید هستید که توی حوضه برنامه نویسی میشناسم خواهش می کنم نا امید نشید و فعالیتتون قطع نکنید,0,youtube-tutorials
t2-0046,بهترین ویدئو آموزشی پایتون که دیدم ❤خیلی اذتون ممنونم,0,youtube-tutorials
t2-0047,خدا همیشه خیر و سلامتی بهت بده استاد❤❤ عالی بود,0,youtube-tutorials
t2-0048,درود بر شما که همچین دوره مهمی رو در اختیار گذاشتین❤,0,youtube-tutorials
t2-0049,خداوند از شما راضی باشه. انشااله بهترینها نصیبتون بشه. برای هر ثانیه که وقت میگذارید انشااله خدا سالها شادی و سلامت به شما ببخشه.❤❤❤,0,youtube-tutorials
t2-0050,واقعا واضح، مرتب، گام به گام و بسیار مفهوم توضیح داده شده. ممنونم ازتون,0,youtube-tutorials
t2-0051,واقعا عالی معلومه روی این ویدعو زحمت کشیده شده دمتون گرم موفق باشید,0,youtube-tutorials
t2-0052,من تمام ویدیو های یوتوب را دیدم و میتونم بگم بهترین و کامل ترین و در این حال کم زمان ترین ویدیو اموزش پایتون و هوش مصنوعی بود خیلی از این اموزش لذت بردم متشکرم🎉❤,0,youtube-tutorials
t2-0053,واقعا خیلی ممنون ازتون . من خودم ی سال دوازدهمی هستم که بخاطر تایم کنکور و امتحانا وقت نداشتم برم کلاسای بیرون . خیلی کارم حلو افتاد واقعآً ممنون ازتون❤,0,youtube-tutorials
t2-0054,واقعا خدا خیرتون بده همین آموزش ها رو نصفه میفروشن بالای ۱۰۰ هزار واقعا خدا خیرتون بده,0,youtube-tutorials
t2-0055,چقدر قشنگ توضیح میدید😍,0,youtube-tutorials
t2-0056,لطفا دوره های دیگه ای هم اموزش بدید,0,youtube-tutorials
t2-0057,عالی و پرانرژی❤,0,youtube-tutorials
t2-0058,سلام امید که جور و سرحال باشید آموزش شما بسیار مفید بود لطف کنید آموزش های پروژه محور بیشتر تهیه کنید تا پایتون را مکمل و حرفه ای یاد بگیریم,0,youtube-tutorials
t2-0059,این دوره تا چه سطحی از پایتون رو در بر میگیره؟ این دوره پیشرفته هم شامل میشه؟یا فقط پایتون مقدماتی هست؟,0,youtube-tutorials
t2-0060,از همین اولین ویدیو خیلی خوشم اومد ازش چون برعکس بقیه گرافیک و جلوه بصری خوبی داشت 👏,0,youtube-tutorials
t2-0061,عاشقتونم استاد چون خیلی به فکر مردم هستید ❤😊,0,youtube-tutorials
t2-0062,من برای ai میخوام پایتون یاد بگیرم این مباحث که ارائه دادین کافی هست اگر نیست یک منبع دیگه هم بهم معرفی کنید,0,youtube-tutorials
t2-0063,از زحمات شما ممنونیم,0,youtube-tutorials
t2-0064,ممنون استاد❤❤😍😍😍,0,youtube-tutorials
t2-0065,عالی استاد👌👌🤩🤩,0,youtube-tutorials
t2-0066,واقعا عالی هست توضیحاتتون من فصل یک رو تموم کردم و هیچ دوره ای اینطوری بازبان ساده بیان نمیکنه🤗🌺🌺🌺👏👏👏,0,youtube-tutorials
t2-0067,ویدوئهای حرفه ای با کیفیت. قابل فهم همراه مثالهای خوب بدون اتلاف وقت. 🙏🙏🙏🙏🙏🙏🙏🙏🙏🙏,0,youtube-tutorials
t2-0068,خیلی عالی بود ممنون,0,youtube-tutorials
t2-0069,ممنون استاد بابت ویدیوهای عالی و پر از دانشتون، امیدوارم هر جا هستید موفق باشید و همیشه چراغ راه یادگیری و دانش برای دیگران بمونید. 🌱,0,youtube-tutorials
t2-0070,دمت گرم اصلا من حال میکنم با حرف زدنت تا چه برسه به آموزشات❤❤❤❤,0,youtube-tutorials
t2-0071,سلام دوست عزیز دنبال یک فریلنسر مسلط به پایتون ... میگردم (جهت نوشت ربات متوسط تلگرام با جلوه بصری کم) آیا شما کسی رو دارید که دنبال همچین کاری باشه؟,0,youtube-tutorials
t2-0072,سلام استاد خسته نباشید میگم. فقط یه سوال داشتم منی که برای هوش مصتوعی می خوام این زبان و یاد بگیرم این دوره به دردم می خوره و برای هوش مصنوعی نیازی نیست که جور خاصی یاد بگیریم ؟,0,youtube-tutorials
t2-0073,استاد بعضی ویدیوهاتون 3 سال پیش اپلود شده فرق میکنه فضاش با الان یا همونه کد ها,0,youtube-tutorials
t2-0074,سلام وقت بخیر، جزوه این دوره موجود نیست؟,0,youtube-tutorials
t2-0075,سلام استاد من میخواهم پایتون را بصورت آنلاین فراگیرم ایا شما فرصت دارید,0,youtube-tutorials
t2-0076,آیا توی دوره هوش مصنوعی های مربوط به این شاخه رو هم یاد میدید؟,0,youtube-tutorials
t2-0077,سلام ببخشید با لب تاپ هم میشه برنامه نویسی کرد,0,youtube-tutorials
t2-0078,استاد من یه دوره پایتون مقدماتی رفتم و سرعت کلاس خیلی کند بود و جزوه درستی هم بهمون نمیدادند به نظرتون میشه به صورت خود آموز تا حدود متوسط پایتون رو یاد بگیرم از طریق یوتیوب؟ و اینکه به نظر شما حتما باید دوره ی آی سی دی ال رو قبل از پایتون گذرونده باشم؟🌹🌹,0,youtube-tutorials
t2-0079,این دوره پروژه عملی هم داره؟,0,youtube-tutorials
t2-0080,حداقل ده ها آموزش دیدم پایتون حتی خارجیا، ولی آموزش تو ازهمه بهتر بود خیلییییی👊👊👊👊🥳🤗 بزنم به تخته برات بیستی,0,youtube-tutorials
t2-0081,استاد بزرگ جادی زنده باد واقعا روش درس دادنشون با همه فرق داره. خداکنه مشکل اخیرشون بخوبی رد بشه,0,youtube-tutorials
t2-0082,جادی خیر از جوونی و هیکلت ببینی🙌😍🤍 خدایی خیلی قشنگ به زبون ساده توضیح میدی🤷👊👊👊 هیچکی به گرد پات نمیرسه مرد♥️,0,youtube-tutorials
t2-0083,عالی واقعا قابل درک است من تو پوهنتون آمریکا میخانم اونا که تشریح نمیکنن اما اول از شما را میفهمم بعدا اونا را,0,youtube-tutorials
t2-0084,پایین همه ویدپوها نوشته شده که در درسهای بعدی لحاظ میشه ولی بازم همونه باید اسم مکتبخوبه بین اونهمه فضای خالی جایی باشه که امکان دیدن و هماهنگ شدن نباشه درست مثل اینکه زیرنویس یه ویدیو با صداش نخونه . ووقتی داری دستور قبل و میبینی و چک میکنی استاد دارن یه قسمت دیگه رو میگن .,0,youtube-tutorials
t2-0085,ممنون جادی این دوره مقدماتی خیلی به من داره کمک میکنه من نوشتم و واقعا فکر کردم که input رو کی بیارم تا متوجه بشه 😂,0,youtube-tutorials
t2-0086,استاد با تشکر بسیار تا بسیار دقیق و کامل و فهومی موفق باشین❤,0,youtube-tutorials
t2-0087,یکی به من جواب بده.صد بار مانند برنامه اموزش رو نوشتم اما جواب سلام غریبه هستش.عجیب نیست?,0,youtube-tutorials
t2-0088,حاجی من پرام ریخت چون ویدیو برا 4 سال پیشه برا پرینت دبل کوتیشن نزد پرام ریخت خخخ,0,youtube-tutorials
t2-0089,دوست داشتنی و خندان مثل شما,0,youtube-tutorials
t2-0090,تا اینجا که عالی بود 🐸,0,youtube-tutorials
t2-0091,عالی بود استاد ❤,0,youtube-tutorials
t2-0092,دلیلشو فهمیدم.پایتون من اخرین ورژن هستش و باید یه چیزایی رو رعایت کنم,0,youtube-tutorials
t2-0093,عالی استاد واقعا فوق العاده اید ❤,0,youtube-tutorials
t2-0094,عالی بود استاد خداقوت❤,0,youtube-tutorials
t2-0095,جادی یه شخصیت کمیاب تو ایرانه قدرشو بدونیم,0,youtube-tutorials
t2-0096,دمت گرم موفق باشی,0,youtube-tutorials
t2-0097,خیلی خوب بود😍👌,0,youtube-tutorials
t2-0098,من 12 سالمه و 2 سال هستش که جادی رو دنبال میکنم و با حرفایی که در رابطه برنامه نویسی یا شوخی هایی که میکنه یا در مورد اخلاق های برنامهع نویس حرف میزنه موافقم .,0,youtube-tutorials
t2-0099,خوشحالم که جادی رو میشناسم ، ده ها ده ها آموزش دیدم ولی قبلیها سو تفاهم بودن,0,youtube-tutorials
t2-0100,مرسی استاد من ۱۵ سالمه علاقه مند به برنامه نویسی شبکه و هک هستم و دارم با ویدیو های شما دوره مقدماتی رو میگزرونم...,0,youtube-tutorials
t2-0101,و اینکه توی قسمت نوشتن str، نمیشه از elif استفاده کرد چون برای من ارور میده و من بارها اینکارو کردم,0,youtube-tutorials
t2-0102,سلام وقت بخیر ببخشید پایتون من ورژن ۳.۹.۱۳ هستش اما وقتی if رو میزنم نمیشناسه...دلیلشو میدونین؟,0,youtube-tutorials
t2-0103,یه سوال داشتم، چیو باید بزنیم که کدای قبلیمون بیاد ؟,0,youtube-tutorials
t2-0104,سلام. پس کی از vscode استفاده کیم؟ بهتر نیست ران شدن برنامه ها رو ببینیم که راحت تر درک کنیم؟؟,0,youtube-tutorials
t2-0105,دوستان برای پاک کردن کدها رو صفحه از چه کدی استفاده میکنه؟,0,youtube-tutorials
t2-0106,سلام. من برای یادگیری تازه کارم. در کل شیوه بیان موضوع استاد جادی خوبه فقط مسئله ای که برای من بوجود اومده اینه که شیوه کد زدن توی محیط cmd و ویژوال استودیو با هم متفاوته تا حدی. و این منو گیج کرده و مجبورم برم در کنار این آموزش آموزشای دیگه ای ببینم که توی محیط ویژوال استودیو انجام شده.,0,youtube-tutorials
t2-0107,اگر تو تمرین آخری که جادی داد (همون اسم خودتون و جادی رو بگیره برنامه) به مشکل خورد فک میکنم جادی پایتون ۲ رو ران داشته که به مشکل خورده چون پایتون ۲ و پایتون ۳ این مورد برعکس هم هستن درسته؟!,0,youtube-tutorials
t2-0108,خودشون کانال دارن؟,0,youtube-tutorials
t2-0109,استاد یه سوال داشتم من همون مراحل رو با if و elif و else میرم اما با اینکه اسمم رو درست مینویسم باز هم همون چیز که برای else نوشتم مینویسه یعنی اصلا انگار شرط ننوشتم و فقط گفتم print(' salam gharibe '),0,youtube-tutorials
t2-0110,ان همه علم ودانایی در وجود ارزشمندتان وبخشیدن بی ادعای ان به دیگران مثال زدنی است.شاد وبر قرار باشید مهر بانو.,0,youtube-tutorials
t2-0111,چه لحن آروم و خوبی دارید. من بعضی‌هاشو بلد بودم و استفاده کردم. ممنونم ازتون. :x,0,youtube-tutorials
t2-0112,من برای دوره از ویدیو شما استفاده کردم و فوق العاده بود 👌🌹 به همه کسایی که میخوان دوره مقدماتیشون رو یادآوری کنن پیشنهاد میکنم✔,0,youtube-tutorials
t2-0113,و استاد شما همیش شاد و سر بلند باشین و ما خدا رو شکر می‌کنیم مثل شما استاد داریم,0,youtube-tutorials
t2-0114,بابا دمت گرم با این محتوی بینظیر و عالی. فقط ملت از اینجا شروع کنید: 4:08,0,youtube-tutorials
t2-0115,برای کسی که اشناییت با زبان دیگه داره میخواد پایتون رو شروع کنه عالیه واقعا تمرین محور و بدونه توضیحات طولانی,0,youtube-tutorials
t2-0116,خیلی خیلی ممنون خانم من از افغانستان استم و بسیار خوش استم مثل شما یک استاد خوب پیدا کردم,0,youtube-tutorials
t2-0117,با سپاس از زحمات شما استاد محترم و دانشمند ❤️🌷,0,youtube-tutorials
t2-0118,پایچارم خیلی فرق داره با ویژوال استدیو ؟,0,youtube-tutorials
t2-0119,چقدر لذت بردم از این حرکت شما که کل ویدیو رو یکجا گذاشتین,0,youtube-tutorials
t2-0120,لطفا در مورد مدل های هوش مصنوعی هم ویدیو بزارید,0,youtube-tutorials
t2-0121,خیلی عالی بود سرکار خانم دکتر صادقی عزیز.برای کسی تو درجه علمی شما آموزش دادن به این راحتی و روانی خیلی سخته ولی شما این کار رو به خوبی و به نحو احسن انجام میدید.بابت این آموزش عالی از شما سپاسگزارم🙏,0,youtube-tutorials
t2-0122,خیلی ممنونم خانم دکتر. من بعد از سالها دوباره برگشتم به دنیای برنامه نویسی. همین اول کار خیلی موارد اساسی رو از شما یاد گرفتم. خیلی روشن و شفاف پیش میرید. بی نهایت سپاسگزارم,0,youtube-tutorials
t2-0123,خیلی سطح پیشرفته بود نتونستم ادامه بدم همان اول پیچیده ش کردین,0,youtube-tutorials
t2-0124,عااالی بود. بررای اولین بار من بالاخره یه درک درست از پایتون پیدا کردم. شما عااالی هستید.مرسی,0,youtube-tutorials
t2-0125,سلام ، عالی هستی. میشه ازت بخوام که همینطور که آموزش دادی همینطور هم یک سری تمرینهای طبقه بندی انجام بدی و ویدئو شو بزاری؟ البته هر جلسه برای یک مبحث ، از تمرینهای ساده و راحت تا حرفه‌ای ؟,0,youtube-tutorials
t2-0126,استاد درود بر شما من یه مشکل بزرگ دارم - با ویندوز ۱۰ زمانی که pyinstaller رو نصب میکنم تو پنجره cmd نشون میده که نصب میشه ولی زمانی که فایل پایتون بهش میدم که تبدیل به exe کنه پیام اینکه رکوگنایز نمیکنه pyinstaller رو میده ، ده بار نصب کردم ، میشه راهنمایی کنید؟,0,youtube-tutorials
t2-0127,دوماه بعد دیدن این آموزشتون برگشتم بگم که خیییییلی خیییلی ممنونم ازتون خیییلی کمک کردین تو مسیر جدید من واقعا,0,youtube-tutorials
t2-0128,خدا به شما خیر بده موفق باشی خیلی خیلی لطف کردی,0,youtube-tutorials
t2-0129,این روش شما که داخل کادر نبودی عالیه تصویر واضح و کامل بود خسته نباشی کاش همه ای کار رو انجام بدن,0,youtube-tutorials
t2-0130,واقعا لذت بردم جدا از اینکه اموزش ت عالیه سلیقه ی خوب و انرژی بالایی داری ازت لذت بردم ای کاش اطرافیانم هم مثل تو همیشه با انرژی باشن روحیه گرفتم,0,youtube-tutorials
t2-0131,ممنون از بانوی دانشمند سرزمینم. ❤,0,youtube-tutorials
t2-0132,بینهایت سپاسگذارم ازتون . این بهترین و مفیدترین پادکست آموزشی بود که تابحال دیدم .... 🎉,0,youtube-tutorials
t2-0133,سلاااااام، دوره بسیار مفید و موثری بود، من همه موارد را متوجه شدم به غیر از مبحث Class که تا جاییکه یادم هست. درون object تعریف میشد، واقعا دست شما درد نکنه,0,youtube-tutorials
t2-0134,از صدا و توضیحات دلنشین شما سپاسگزارم,0,youtube-tutorials
t2-0135,خانم دکتر واقعا دست مریزاد - دیگه از پایتون ترسی ندارم همیشه فکر میکردم چیه که اینقدر ازش تعریف میشه البته واقعا هم عالیه ولی واقعا خسته نباشین ممنون برا زحمت هاتون,0,youtube-tutorials
t2-0136,بسیار عالی . متشکرم . لطفا به آموزشهای کامل و جذابتون ادامه بدین استاد,0,youtube-tutorials
t2-0137,نمیدونید چه لطف بزرگی در حقم کردید خیلی عالی بود خیلی دوستون دارممممم 😭😭😭😭😭😭🤍🤍🤍🤍🤍🤍🤍🤍🤍🤍,0,youtube-tutorials
t2-0138,ممنون از به اشتراک‌گذاری 🙌🏻 پایتون فوق‌العاده‌ست و پرکاربرد 🔥🔥 یادگیری پایتون یکی از مراحله خیلی از حوزه‌های برنامه‌نویسی مثل هوش‌مصنوعی و بک‌اند می‌تونه باشه که معمولا برای این حوزه‌ها، پایتون پیشنهاد اولم به دانشجوهام بوده 👍🏻👍🏻,0,youtube-tutorials
t2-0139,سلام. من راستش مشکل دارم. اول اینکه ويندوز م 7 هستش. طریقه نصب پکیج ها رو توی ویندوز 7 بگید لطفا. و بعد اینکه برای پایتون کار کردن باید هم پایتون نصب کرد و هم V S cod..؟؟ من برای پسر 12 ساله م میخوام. راستش خودم اصلا حوصله برنامه نویسی رو ندارم. ممنون میشم توضیح بدین.,0,youtube-tutorials
t2-0140,سلام خانم ممکنه خواهش کنم بفرماید چطور میشه کد اندیکاتوری که با زبان mql نوشته رو تبدیل کنیم به پاین اسکریپت ؟ ممنونم,0,youtube-tutorials
t2-0141,در زمان کوتاه مطالب بسیارآموزنده و قابل فهم ارایه گردید. با تشکر.,0,youtube-tutorials
t2-0142,یکی از بهترین و جامعترین کانال های خیلی مفید 🌟🌟🌟🌟🌟,0,youtube-tutorials
t2-0143,سلام آدم چهره و روحیه شما رو میبینه به زندگی امیدوار میشه,0,youtube-tutorials
t2-0144,یک دنیا تشکر بابت همچین آموزش رسا و با کیفیتی😍🤍,0,youtube-tutorials
t2-0145,با اینکه هم ویدئوها و هم متن هایی از جاهای دیگه رو دیده بودم ولی خیلی از مفاهیم رو تو این ویدئو با توضیحات خوب شما متوجه شدم. سپاسگزارم خانم دکتر 🙏,0,youtube-tutorials
t2-0146,بابت دسته‌بندی خیلی خیلی خیلی سپاس خانوم مهندس. ادامه بدید !,0,youtube-tutorials
t2-0147,درود بر شما کارتان بسیار عالی است . با انرژی فراوان و امید و احساس مسئولیت اموخته های باارزشی دراختیار ما قرار میدهید . ساده و روان و پراتیک .,0,youtube-tutorials
t2-0148,خیلی عالی بود چند هفته بود که کارم بخواتر بلد نبودن virtualinvoirement گیر بود با دیدن این ویدیو تونستم مشکلم رو حل کنم خیلی ممنون,0,youtube-tutorials
t2-0149,تا آخر ندیدم ولی تا اینجا عالی بوده برا من ک مبتدی ام . موفق باشی ✌️,0,youtube-tutorials
t2-0150,معلومه که خیلی زحمت کشیدین برای این ویدیو، عالی و عالی، حتی برای منی که مطالب را قبلا بلد بودم اصلا خسته کننده نبود و لذت بردم.,0,youtube-tutorials
t2-0151,تو بهترینی، قربون قلب بزرگت برم,0,youtube-tutorials
t2-0152,خیلی ممنون بایت زحماتتون واقعا سخته ما تماشا میکنیم خسته میشیم بعد شما رکورد میخوای کنی صدتا چیز دیگه,0,youtube-tutorials
t2-0153,بسیار روان و شیوا آموزش دادید. بسیار سپاسگزارم,0,youtube-tutorials
t2-0154,سلام استاد واقعا ممنونم کلی چیز خوب ازت یاد گرفتم خدا خیرت بده❤❤❤❤❤❤❤,0,youtube-tutorials
t2-0155,سپاس برای زحمات و آموزش بدون چشم داشت 🙏🏻❤,0,youtube-tutorials
t2-0156,برای زحماتی که بابت تهیه این دوره آموزشی آموزنده کشیدید بسیارمتشکرم,0,youtube-tutorials
t2-0157,با تشکر از زحمت ارزشمندی که کشیدید... تنها نکته‌ای که من نیافتم آموزش چگونگی استفاده از یک help سریع و دم دستی برای پایتون بود که بشود خیلی سریع و یوزرفرندلی از آن برای چک syntaxها و مرور توابع استفاده کرد...,0,youtube-tutorials
t2-0158,خیلی ممنونم بابت وقتی که گذاشتید و این ویدیوی فارسی و به زبان خیلی ساده رو تهیه کردید,0,youtube-tutorials
t2-0159,انقد دوست دارم که نگو...ینی خودتون نمیدونید چقدر... واقعا عشق منی😊,0,youtube-tutorials
t2-0160,سلام امکانش هست راه ارتباطی رو بفرمایید مشاوره میخواستم ممنون,1,youtube-tutorials
t2-0161,سلام بسیار تشکر از این ویدئو آموزنده تان مريم خانم ، واقعا خدمت بزرگ به همه ما فارسی زبانان انجام داديد. برایت بهترین ها را آرزو میکنم ❤❤❤,0,youtube-tutorials
t2-0162,سلام واقعا لذت بردم از آموزش تون .خیلی علاقه دارم پایتون رو یاد بگیرم از بین چندین مدرسی که آموزش می دادن شما خیلی روانتر و قابل فهم تر مطالب رو آموزش میدادین کانال تلگرام ندارین برای دانلود آموزشهاتون؟,0,youtube-tutorials
t2-0163,ممنون خیلی زیاد من یه ویدیوی ملیون ویویی را تا نصف دیدم اما هر بار مجبور میشدم عقب برگردم و اصلا نمیفهمیدم چی میگه و منظورش چیه ولی با شما توی یه روز هفت هشت جلسه رو فهمیدم,0,youtube-tutorials
t2-0164,❤️بسیار عالی ، خانم مهندس لطفا micropython هم آموزش بدهید ، چونکه برای پروژه های اینترنت اشیا بسیار ضروری است🙏❤,0,youtube-tutorials
t2-0165,همین ویدئو‌ها رو یکجا گذاشتی خیلی خوبه،❤خداخیرت بده،مرسی،خیلی خوب و عالیه,0,youtube-tutorials
t2-0166,تورو خدا یک ویدیو باهمین حوصله و دقت برای جاوا درست کنید.ممنون🎉,0,youtube-tutorials
t2-0167,سلام ممنون بابت زحماتی که کشیدید,0,youtube-tutorials
t2-0168,عالی با تمام جزئیات کدها,0,youtube-tutorials
t2-0169,شما بسیار عالی هستی . سپاسگذارم از زحماتتنون,0,youtube-tutorials
t2-0170,سلامم من تازه باهاتون آشنا شدم ویدیو تون عالی بود 😊❤,0,youtube-tutorials
t2-0171,خیلی ممنونم واقعا خیلی بهم کمک کردید,0,youtube-tutorials
t2-0172,خدایا شکرت اینقدر زیبایی به ایران ،❤,0,youtube-tutorials
t2-0173,سلام من هنوز دوره رو نگاه نکردم ولی از روی کامنت ها معلومه که دوره ی خوبی هست^_^,0,youtube-tutorials
t2-0174,سلام به قسمت فانکشن ها رسیدم و خواستم تشکر کنم با آموزش شما قسمت فانکشن رو خیلی بهتر یاد گرفتم متشکر و برقرار باشید🙏,0,youtube-tutorials
t2-0175,ممنون از شما استاد توانمند بسیار عالی تدریس میکنید. بسیار اموزنده و پر‌ کاربرد. سپاس بیکران🌹,0,youtube-tutorials
t2-0176,این ویدیو خیلی ساده تر و آموزشی تر نسبت به بقیه ویدیو های همین سبکه ، ممنونم,0,youtube-tutorials
t2-0177,ایولا دمت گرم خانم مهندس ادامه بده چون کسی به گرد پاتون نمیرسه ❤,0,youtube-tutorials
t2-0178,بابا دست خوش عالیییییی,0,youtube-tutorials
t2-0179,استاد سلام و خسته نباشید خدمت شما عرض می کنم آموزش های شما خیلی عالیه ومن از پیج شما خیلی چیز یاد گرفتم آرزو توفیق و بهروزی و شادکامی و سربلندی برای شما دارم ❤,0,youtube-tutorials
t2-0180,مهندس تو محشری ❤ دمتگرمممممممممم,0,youtube-tutorials
t2-0181,مرسی واقعا اولین زبانم ک دارم تلاش میکنم یاد بگیرم ❤,0,youtube-tutorials
t2-0182,درود وارادت و احترام بانو سروین سپاس بیکران از آموزش های عالی و بی دریغ شما بزرگوار به امید کلاسهای حضوری و تجربه در کنار شما بزرگوار پایدار و برقرار باشید💐💐💐💐,0,youtube-tutorials
t2-0183,خیلی عالی بود واقعا با دقت توضیح دادین ممنونم از وقتی که گذاشتین چقدر کار درست و عالی بود 🌺🌹,0,youtube-tutorials
t2-0184,سلام خسته نباشید اموزش های تان عالی است اما طول ویدیو ها خیلی زیاد,0,youtube-tutorials
t2-0185,تازه شروع کردم، ساب هم کردم امید وارم که کاربردی باشه و آموزشتون خوب باشه,0,youtube-tutorials
t2-0186,واقعا ممنونم از این محتوای خوبتون💯🌹🌹,0,youtube-tutorials
t2-0187,شما بی نظیرین ❤,0,youtube-tutorials
t2-0188,بی زحمت دوره جامع جنگو هم بزارین.مرسی❤,0,youtube-tutorials
t2-0189,خیلی شمرده و قشنگ توضیح میدین 😍 مرسی ازتون بانو,0,youtube-tutorials
t2-0190,دمتون گرم عالی توضیح دادین,0,youtube-tutorials
t2-0191,مرسی ازتون کارتون عالیه لطفا ادامه بدین,0,youtube-tutorials
t2-0192,عالیه خیلی با انرجی درس میدید خیلی معلم خوبی هستید,0,youtube-tutorials
t2-0193,خیلی عالی و آموزنده انشاالله همیشه موفق باشید ❤❤❤,0,youtube-tutorials
t2-0194,دوره خیلی خوبی بود 😎,0,youtube-tutorials
t2-0195,استاد مرسی از ویدیو هاتون 🔥🔥 یه دوره آموزش جنگو حرفه ای هم طراحی کنید تو یوتیوب بزارید🌺🌺,0,youtube-tutorials
t2-0196,گنجینه پایتون بانو لطفا همینو ادامه بده هرچی لازمه بگید لطفا هههرررر چیز,0,youtube-tutorials
t2-0197,از افغانستان استم عالی ....,0,youtube-tutorials
t2-0198,سپاس فراوان بابت زحمات شما 🎉🎉,0,youtube-tutorials
t2-0199,عالیه! خسته نباشید خانم مهندس.,0,youtube-tutorials
t2-0200,سلام لطفا چنین سبک ویدئوهایی رو ادامه داشته باشید تشکر واسه سی شارپ و ....,0,youtube-tutorials
t2-0201,خیلی عالی خداقوت میگم بهتون,0,youtube-tutorials
t2-0202,عالی و مفهومی❤❤🎉,0,youtube-tutorials
t2-0203,سلام تشکر بسیار بابت توضیح و آموزش بسیار عالی. لطفا یک کتاب هم درمورد پایتون معرفی کنید که کاربردی باشه,0,youtube-tutorials
t2-0204,شما عالی هستید مرسی از شما,0,youtube-tutorials
t2-0205,خیلیییی عالیه,0,youtube-tutorials
t2-0206,ممنون خانم مهندس,0,youtube-tutorials
t2-0207,بسیار سپاس از زحماتتون🎉,0,youtube-tutorials
t2-0208,خیلی عالی دستتون درد نکنه,0,youtube-tutorials
t2-0209,❤❤❤دمتون گرم استاد,0,youtube-tutorials
t2-0210,واقعا خیلی زحمت میکشی,0,youtube-tutorials
t2-0211,کارتون عالیه ❤,0,youtube-tutorials
t2-0212,عالی بود موفق باشی,0,youtube-tutorials
t2-0213,درود استاد پاینده باشید,0,youtube-tutorials
t2-0214,واقعا عالی بود دمت گرمممممممم,0,youtube-tutorials
t2-0215,عالی دمت گرم 🔥🔥🔥,0,youtube-tutorials
t2-0216,کانالت خیلی تکنیکال و عالیه❤️❤️❤️ دقیقا چیزیه که میخواستم,0,youtube-tutorials
t2-0217,مثل همیشه عالی,0,youtube-tutorials
t2-0218,واقعا خیلی خوب بود,0,youtube-tutorials
t2-0219,عالی بود سپاس,0,youtube-tutorials
t2-0220,پیشنهاد و نظر شخصیم اینه که بعد beeware همین دوره رو بذلر,0,youtube-tutorials
t2-0221,اطلاعاتی که تو این ویدیو دادی، از نصف دوره های جنگو فارسی بیشتر بود,0,youtube-tutorials
t2-0222,عالیییی بود فقط چطور اینقدر دستتون تو تایپ سریع هست؟,0,youtube-tutorials
t2-0223,من خودم کانال و ویدیوهاتو دوست دارم و نگاه می‌کنم ولی سر این ویدیو مغزم دود کرد😢😂,0,youtube-tutorials
t2-0224,ممنون استاد ❤ مشکل که دارم قتی سرور ران می کنم به صفحه اصلی جنگو وصل میشه درحال که باید به صفحه فروشگاه من وصل بیشه مشکل درکجاست . ممنون اگر راهنمایی ام کنید🙏,0,youtube-tutorials
t2-0225,سلام ببخشید میگم من وقتی run server میزنم طول میکشه و تا نصفش میره و گیر میکنه بعد دیگه نمیاره ولی قبلا اوکی بود ممنون میشم راهنماییم کنید.❤😊,0,youtube-tutorials
t2-0226,"رفقا خسته نباشید! ❤ این ویدیو برای یادگیری ""الفبای جنگو"" بود. اگر می‌خواهید لذت واقعی طراحی سایت رو بچشید، پیشنهاد میکنم همین الان برید سراغ دوره «پروژه محور وبلاگ» که توی اون یک سایت کامل رو با هم می‌سازیم: لینک ویدیوی ۵ ساعته وبلاگ رو توی دیسکریپشن گذاشتم.",1,youtube-tutorials
t2-0227,سلام. بسیار عالی بسیار عالی بسیار عالی فقط همین.,0,youtube-tutorials
t2-0228,ممنون آموزش فوق العاده ای هستش همچنان با قدرت و عالی ادامه بدید لطفا,0,youtube-tutorials
t2-0229,من اموزش های زیادی راجب جنگو دیدم و این اموزش کامل ترینش بود ✨,0,youtube-tutorials
t2-0230,استاد چرا تو هیچ آموزشی قبل از شروع هر درسی نمیان از محیط ویرچوالیزیشن چیزی بگن ؟,0,youtube-tutorials
t2-0231,استاد برای من فایلی به اسم bin توی محیط مجازیم نبود,0,youtube-tutorials
t2-0232,استاد پایتون من چرا اینجوره پس؟ من میزنم گیت ورژن بهم ارور میده,0,youtube-tutorials
t2-0233,این پیام از آقا احمد جامعی انقد واصف ویدیو هست که منم خواستم کپی پیست کتم آقا اصلا حرفی برای گفتن باقی نمونده بسیار بسیار واضح توضیح میدید خیلی ممنون,0,youtube-tutorials
t2-0234,خیلی جذاب توضیح میدید ، بسیار عالی,0,youtube-tutorials
t2-0235,کاملا مسلط و آموزنده.قوی ادامه بدید,0,youtube-tutorials
t2-0236,متشکرم. مفید بود. سلامت باشید.,0,youtube-tutorials
t2-0237,بسیار عالی توضیحات جامع و کامل خیلی واضح ممنون از شما ، اگر امکانش هست خواهشا یک ویدیو دیگر هم از اموزش جنگو با همین سبک اموزش فقط روی یه پروژه ویب اگه بسازید مطمعنم که بیشترین ویو و لایک میگیره اگر به همین سبک باشه با توضیحات واضح و کامل .,0,youtube-tutorials
t2-0238,عالی و حرفه ای. امیدوارم همه دوره های یوتیوب یه روزی همینقدر حرفه ای و اصولی و طبقه بندی شده باشن.,0,youtube-tutorials
t2-0239,تدریستون فوق‌العاده است.,0,youtube-tutorials
t2-0240,این ویدیو ارزش داره چند بار ببینیمش ممنون بابت تولید محتوا عالی شما,0,youtube-tutorials
t2-0241,عالی بود ممنون,0,youtube-tutorials
t2-0242,مهندس دمت گرم. عالی بود.,0,youtube-tutorials
t2-0243,استاد عبدالهی یه برنامه مدیریت تسک افسانه ای هست به اسم Anytype هیچ کجای اینترنت آموزش فارسیش رو ندیدم به نظرم اگه بتونی اولین لندینگ آموزشیش بشی می ترکونه .الان همه درکشون از اپلیکیشن مدیریت تسک فقط notion هستش,0,youtube-tutorials
t2-0244,استاد عزیز سلام خسته نباشید تدریستون عالیه ایشالله همیشه موفق باشین و سلامت🫶😍,0,youtube-tutorials
t2-0245,🌺🌺🌺🌺 سلام آقای عبدالهی . درود به شما 🌺🌺🌺🌺,0,youtube-tutorials
t2-0246,تدریس خیلی عالی دوره خیلی ارزش منده,0,youtube-tutorials
t2-0247,بسیار روان و قابل فهم. با تشکر از شما,0,youtube-tutorials
t2-0248,خدا قوت بسیار عالی و با کیفیت بود,0,youtube-tutorials
t2-0249,ممنون استاد آموزنده بود,0,youtube-tutorials
t2-0250,آموزش بسیار خوبی هستش ممنونم از زحمات شما,0,youtube-tutorials
t2-0251,آقا اصلا حرفی برای گفتن باقی نمونده بسیار بسیار واضح توضیح میدید خیلی ممنون,0,youtube-tutorials
t2-0252,برای من بسیار مفید بود چون من توی جنگو صفر کیلومترم و هیچ درکی از جزئیات ندارم چه برسه به کلیات.با این فیلم ایده کلی و یک تصویر بزرگ از جنگو و نحوه کار کردن اون یاد گرفتم.طرز صحبت شون هم خوبه و باعث خستگی نمیشه.به مطلبشون مسلط هستن.ارزوی موفقیت.,0,youtube-tutorials
t2-0253,سلام وقتتون بخیر.ممنونم بابت محتوای خوبتون .میشه لطفا جنگو رست رو هم آموزش بدین؟,0,youtube-tutorials
t2-0254,این دومین کامنتی هستش که میزارم ترجیح دادم قبلی رو ادیت نکنم. با اینکه جنگو کار کردم اما گه گداری نگاه میکنم به کلیپ های آموزشی. واقعا این کلیپ آموزشی فوق العاده هستش. محتصر و مفید. اگر اول کامنتها رو می خونین و بعد شروع به دیدن میکنید. حتما استفاده کنید. موفق باشید,0,youtube-tutorials
t2-0255,سلام ببخشید اون آموزش هاتون با جنگو که قالب بوتسترپ مید رو بالا می آوردید نیست دیگه چرا؟؟,0,youtube-tutorials
t2-0256,استاد جنگو بازار کار و تقاضاش چطوره تو ایران,0,youtube-tutorials
t2-0257,سلام وقتتون بخیر من هیچ چیزی از جنگو نمیدونم ولی میخوام یاد بگیرم بنظرتون از ویدیو های این دوره ببینم یا برم یه دوره کامل پیدا کنم,0,youtube-tutorials
t2-0258,استاد یه سوالی داشتم من از ادیتور اسپایدر استفاده میکنم میخواستم ببینم چطور میتونم اکستنشن هایی که در این دوره استفاده کردید رو روی اسپایدر نصب کنم. ممنون میشم راهنمایی کنید.,0,youtube-tutorials
t2-0259,سلام یه سوال داشتم برای اینکه بخوایم با drf کار کنیم دیدن این دوره کافیه اگه نه در کل چه مهارت هایی باید از جنگو بلد باشیم,0,youtube-tutorials
t2-0260,با سلام آیا امکان دارد راجع به git و مراحل نصب و استفاده از آن هم توضیح بدید؟,0,youtube-tutorials
t2-0261,آِیا دوره «پروژه محور وبلاگ» را از سایت برداشتید؟,0,youtube-tutorials
t2-0262,این مینی دوره چه فرقی با دوره کامل داره جنگو دارد که اموزش داده اید؟,0,youtube-tutorials
t2-0263,تنها جمله ای که میشه برای یک کامنت نوشت (البته به نظر من*) فقط یک عدده >>>> 20 <<<<<,0,youtube-tutorials
t2-0264,نمیتونم تو ۹۹ ثانیه ، ادیت ها، روست کردنات ، یا تیکه انداختنای پشت سر همتو هضم کنم😂😂😂❤,0,youtube-tutorials
t2-0265,اینطوری که تو توضیح میدی یاد وردپرس میافتم,0,youtube-tutorials
t2-0266,درباره پرل هم بگید,0,youtube-tutorials
t2-0267,ویدیو نود جی اس هم بزار,0,youtube-tutorials
t2-0268,در مورد لاراول هم صحبت کن ❤,0,youtube-tutorials
t2-0269,عالی بودی😂 اصصصصلا نزن برادر,0,youtube-tutorials
t2-0270,عالیههه عالیییی هستی❤❤😂,0,youtube-tutorials
t2-0271,یه ویدئو هم در مورد flask بسازید❤,0,youtube-tutorials
t2-0272,اقا سویفت رم در دستور کار قرار بدید! خدایش زبان خفنیه 😍,0,youtube-tutorials
t2-0273,خیلی عالی بود من اصلا فقد همون ادمین پنلش را دوست دارم ولی به نظرم fastapi بهتر است.,0,youtube-tutorials
t2-0274,2:06 ای بابا. لو رفتیم,0,youtube-tutorials
t2-0275,درباره هسکل بگید لطفا,0,youtube-tutorials
t2-0276,درباره پی اچ پی هم بگید,0,youtube-tutorials
t2-0277,چیز خیلی خوب و خفنیه ولی کار باهاش یکم سخته,0,youtube-tutorials
t2-0278,من پروژه اسپاتی فای و رادیو جولانو با این جنگو زدم عالیه ولی دارم میبرم توی گو ولی سخته,0,youtube-tutorials
t2-0279,به عنوان یک جنگو کار میگم اگه پروژه کوچیکه بجای فلسک برید فست ای پی آی یاد بگیرید بهتره,0,youtube-tutorials
t2-0280,من که زندگیم همین جنگو هست😂🔥,0,youtube-tutorials
t2-0281,عالی این دیس php نیومد ولی 😂,0,youtube-tutorials
t2-0282,در مورد بیسیک هم بسازید❤,0,youtube-tutorials
t2-0283,0:14 الو سایمون خودتی ؟,0,youtube-tutorials
t2-0284,در 99 ثانیه 🗣️🔥,0,youtube-tutorials
t2-0285,یه راهنمایی کن داداش❤، الان من تا وسطای یادگیری جنگو رفتم و چندتا نمونه پروژه کوچیک هم زدم. ولی خیلیا بهم میگن این جنگو پایه ات رو ضعیف کرده میخوای خوب یاد بگیری برو سراغ flask اول بعد جنگو. بعضی ها هم میگن بازار کار javascript برای طراحی سایت بهتره و ولش کن. الان من موندم به کدوم گوش بدم یا اینکه ادامه جنگو رو جلو ببرم 😢.,0,youtube-tutorials
t2-0286,تقاضا براش چطوره تو ایران,0,youtube-tutorials
t2-0287,جاوا و اسپرینگ هم برو 😂,0,youtube-tutorials
t2-0288,‏‪1:22‬‏ استالین☠️💀🫡,0,youtube-tutorials
t2-0289,تنها پادکستی که باهاش حال میکنم:,0,youtube-tutorials
t2-0290,1:10 فکر ننننکنم 😔,0,youtube-tutorials
t2-0291,چرا تا وقتی nodejs وجود داره با جنگو یگی باید وب بزنه؟,0,youtube-tutorials
t2-0292,فلسک و فست ای پی آی خیلی توی پایتون خوب هستن ولی واسه پروژه های بزرگ راست بهتره من خودم ۱ سال دارم با API کار میکنم تازه کار ها اعتماد کنید 🗿,0,youtube-tutorials
t2-0293,داداش چطوری همه ویدیو های توی ۹۹ ثانیه است ولی یه ویدیو از لون یکی ثانیه بیشتر با کم نر داره ؟🗿,0,youtube-tutorials
t2-0294,نسبت به بقیه خیلی کمتر تخریبش کردی. مشخصه عشق پایتونی,0,youtube-tutorials
t2-0295,C++: چرا هیچ کس با من web نمی‌نویسه. 😭,0,youtube-tutorials
t2-0296,مغزت رو میگاد جنگو همینقدر,0,youtube-tutorials
t2-0297,flask خیلی تخمیه اگر می خوای با چیز های آسون تر کار کنی باید بری fastapi یاد بگیری. خیلی بهتره و یادگیریش هم مثل flask آسونه، ولی خداییش جنگو لعنتی بری واردش گوزپیچ میشی😂,0,youtube-tutorials
t2-0298,تشکر که اینقدر صادقانه رهنمایی می کنید,0,youtube-tutorials
t2-0299,سلام برای شروع برنامه نویسی چه لپ تابی بخریم,0,youtube-tutorials
t2-0300,ممنون شما اولین فیلم در راه برنامه نویس شدن من هستید خوشحالم که اول فیلم شمارو دیدم❤,0,youtube-tutorials
t2-0301,دعام کنین بتونم با این رشته مهاجرت کنم 🙂,0,youtube-tutorials
t2-0302,امیدوارم بتونم تو فرصت کم برنامه نویسی شم. ❤ & لاو سروین,0,youtube-tutorials
t2-0303,تشکر استاد محترم خیلی ویدئو عالی ❤,0,youtube-tutorials
t2-0304,خیلی کامل و مفید توضیح دادید واقعا لذت بردم ❤🔥,0,youtube-tutorials
t2-0305,مرسی واقعاً توضیحات کامل و البته به زبان ساده و قابل درک برای مبتدیان بود❤❤❤,0,youtube-tutorials
t2-0306,یک ویدعو راجب هر نوع برنامه نویسی ممنون بابت ویدعوی خوبتون,0,youtube-tutorials
t2-0307,سلام ، خیلی ممنون از توضیحات کامل و جامعتون به زبان ساده و مبتدی.,0,youtube-tutorials
t2-0308,خیلی ازت ممنونم که در این حد زیبا راهنمایی کردی هیچی از این ویدیو بهتر راهنمایم نکرده بود واقعا سپاس❤️❤️❤️,0,youtube-tutorials
t2-0309,بسیار مفید بود,0,youtube-tutorials
t2-0310,درود به شما بسیار مفید بود 🌹🌹🌹,0,youtube-tutorials
t2-0311,بارک الله آفرین خیلی خوب توضیح دادید. واقعاً علی و مفید بود💐🌷🫡🫡👍,0,youtube-tutorials
t2-0312,دستتون درد نکنه خانم طباطبایی😊 ویدیوتون عالی بود❤,0,youtube-tutorials
t2-0313,ممنون خیلی مفید بود 💛,0,youtube-tutorials
t2-0314,توضیحاتتون کاملا شفاف و کامل بود ممنونم ازتون⚘️,0,youtube-tutorials
t2-0315,مرسی از توضیحات جامع و خوبتون,0,youtube-tutorials
t2-0316,بسیار عالی بود خانم مهندس.,0,youtube-tutorials
t2-0317,خیلی عالی بود. واقعا خیلی چیزا برام روشن شد با دیدن ویدیو های شما,0,youtube-tutorials
t2-0318,واقعا روان و زيبا و كامل توضيح داديد❤,0,youtube-tutorials
t2-0319,❤ممنون از توضیحاتتون,0,youtube-tutorials
t2-0320,خیلی ممنون بایت ویدیویی که درست کردید 😘😘,0,youtube-tutorials
t2-0321,دقیقاً موضوعی که دنبالش بودم ❤ مرسی,0,youtube-tutorials
t2-0322,توضيحات شما خيلي مفيد بود واقعا از شما ممنونم,0,youtube-tutorials
t2-0323,خدا حفظتون کنه. بی نظیرید,0,youtube-tutorials
t2-0324,واییی خیلی خوب توضیح دادین ❤😊,0,youtube-tutorials
t2-0325,خیلی ممنون بابت توضیحات مفیدتون❤❤,0,youtube-tutorials
t2-0326,ممنون از کلیپ و توضیحات عالی تون❤,0,youtube-tutorials
t2-0327,سپاسگذارم ازتون حرفاتون خیلی مفید بود,0,youtube-tutorials
t2-0328,عالی بود مرسی واقعا👌🏼🙏,0,youtube-tutorials
t2-0329,سلام خوبی من تازه آغاز کرده ام مفاهیم مفید بود ممنونم,0,youtube-tutorials
t2-0330,خیلی کامل بود. ممنون,0,youtube-tutorials
t2-0331,مرسی بابت اطلاعاتتون,0,youtube-tutorials
t2-0332,عالی بود عزیزم ❤,0,youtube-tutorials
t2-0333,ممنونم از راهنمای تان,0,youtube-tutorials
t2-0334,چه خوشکل توضیح میدی 😁😁,0,youtube-tutorials
t2-0335,عالی مثله همیشه,0,youtube-tutorials
t2-0336,خیییییلی ممنون,0,youtube-tutorials
t2-0337,سلام استاد خوبم خوب هستید انشالله که همیشه در زندگی موفق باشید میشه در رابطه با برنامه نویسان هندی هم صحبتی داشته باشین ممنونم,0,youtube-tutorials
t2-0338,تشکر خوب بود,0,youtube-tutorials
t2-0339,اگه میشه لطفاً آموزش برنامه نویسی C++ بزارید,0,youtube-tutorials
t2-0340,واقعا نسبت به خیلی از یوتیوبر ها سطحتو متفاوته و کمک به حل مسئله میکنید,0,youtube-tutorials
t2-0341,واقعا وسط ویدیو خواستم بگم دمت گرم من برنامه نویسی و تا نصفه رفتم ولی نصف چیزایی که گفتی تازه بعد 5 ماه فهمیدم دمت گرم ادامه بده چیزای جدید تر و قوی تر,0,youtube-tutorials
t2-0342,واقعا ارت ممنونم من تازه میخوام شروع کنم و خیلی گیج بودم و اگه شما اینهارو نمیکفتین من راهم رو پیدا نمیکردم ❤,0,youtube-tutorials
t2-0343,تشکرمیکنم بابت حضورتون,0,youtube-tutorials
t2-0344,سپاس از شما برای آموزش خوب و کاربردیتون 🙏🌷,0,youtube-tutorials
t2-0345,الان بهترین لپ تاپ اقتصادی واسه برنامه نویسی چیه؟,0,youtube-tutorials
t2-0346,واقعی عالی بود دمت گرم خیلی کامل و خوب بود,0,youtube-tutorials
t2-0347,تشکر یهنی باید هنوز برنا مه نویس را خوب قوی یاد بیگرم,0,youtube-tutorials
t2-0348,برنامه نویسی با یه دیدگاه از بالا,0,youtube-tutorials
t2-0349,خیلی ممنون از نکات حرفه و آموزندتون🙏💥,0,youtube-tutorials
t2-0350,ویدیوهای شما خیلی عالی و کاربردی است. مرسی!🙏,0,youtube-tutorials
t2-0351,مرسی ادامه بدید,0,youtube-tutorials
t2-0352,دست خوش هی می‌خواستیم اینو بفهمیم,0,youtube-tutorials
t2-0353,به به سلللللااااام اقای هوووووژی🎉😅,0,youtube-tutorials
t2-0354,دمت گرم خیلی به دردم خورد,0,youtube-tutorials
t2-0355,عالی ولی همه مثال هات مربوط به الان هست بهتر بود مثلا ز پنج یا ده سال بعد هم مثال میزدی و میگفتی و توضیح میدادی.,0,youtube-tutorials
t2-0356,چطور انقدر ادیتت خفنههه,0,youtube-tutorials
t2-0357,درود ممنون خداقوت,0,youtube-tutorials
t2-0358,خیلی عالی ممنونم,0,youtube-tutorials
t2-0359,ممنون از شما,0,youtube-tutorials
t2-0360,دقیقا یعنی نتیجه تحقیق یک هفته ای من رو شما در 13 دقیقه توضیح داد کاش زودتر ویدیو شما را میدیدم,0,youtube-tutorials
t2-0361,میشه توی یه ویدیو همین نقشه راه رو تو یه پروژه کوچیک نشون بدین,0,youtube-tutorials
t2-0362,هژی جان لطفا طرز وصل کردن سایتی که با هوش مصنویی درست کردیم به درگاه پرداخت رو بگو,0,youtube-tutorials
t2-0363,سلام لطف می کنید در یکی از ویدئو ها آموزش نصب کلو کد روی vscode رو یاد بدید چون در ویدئو های دیگر فقط می رفتی تو کلود کد و آموزش نصب نزاشته بودی,0,youtube-tutorials
t2-0364,مرسی خیلی عالی بود بدون حاشیه اصل مطلب گفته شد.,0,youtube-tutorials
t2-0365,خيلي خوب توضيح دادين تشكر,0,youtube-tutorials
t2-0366,واقعا مرسیییییی خیلی مفید بود برام♥,0,youtube-tutorials
t2-0367,سلام لطفا برای بازیسازی هم بگو ترجیحا Godot,0,youtube-tutorials
t2-0368,بسیار با کیفیت. خدا قوت.,0,youtube-tutorials
t2-0369,عالی مثل همیشه ممنون,0,youtube-tutorials
t2-0370,ویدیو عالی بود مخصوصا 11:12 من از چت چی پی تی خواستم یک پرامپت شخصی سازی شده برای برنامه نویسی بهم بده تا چت چی پی تی رو شخصی سازی کنم دقیقا همین هارو گفت ❤,0,youtube-tutorials
t2-0371,ممنون از آموزش صادقانه و موثر شما❤ ما کاربران به راحتی متوجه تفاوت آموزش شما میشیم.,0,youtube-tutorials
t2-0372,سلام عالی بود❤,0,youtube-tutorials
t2-0373,توضیحات کامل و واقع گرایانه ای بود .,0,youtube-tutorials
t2-0374,عالی بود مرسی,0,youtube-tutorials
t2-0375,خیلی خوب مفهوم رو رسوندی ❤❤,0,youtube-tutorials
t2-0376,عالی و کامل بود ❤,0,youtube-tutorials
t2-0377,چه ویدیوی خوبی بود هژی دیدمون رو باز کرد,0,youtube-tutorials
t2-0378,موفق باشید 👏🏻👏🏻,0,youtube-tutorials
t2-0379,خیلی اموزنده بود ممنون,0,youtube-tutorials
t2-0380,آموزش این سبک ادیت ویدیو رو از کجا یادگرفتید؟,0,youtube-tutorials
t2-0381,سلام به نظرتون جاوا اینده ای داره یا نه تازه میخوام شروع کنم و ترم 4 کامپیوترم ممنونم از شما,0,youtube-tutorials
t2-0382,خیلی وقته که مسئله حفظ کردن سینتکس نیست,0,youtube-tutorials
t2-0383,خلاصه: بله باید برنامه نویسی یاد داشته باشید و یاد بگیرید وگرنه ممکنه تو هر یک از مراحل همه چی از بین بره,0,youtube-tutorials
t2-0384,3:51 ای بابا نا امید شدم از برنامه نویسی تازه میخواستیم شروع کنیما😂,0,youtube-tutorials
t2-0385,بالاخره یکی حرف حساب زد,0,youtube-tutorials
t2-0386,چند وقت هستش که هم انگلیسی و هم فارسی سرچ کردم برای برنامه نویسی...ولی این بهترین توضیحاتی بود که نیاز داشتم.,0,youtube-tutorials
t2-0387,با اینکه شروع نکردم ولی احساس کردم چقد خرم بلد نیستم 😭🤣مفید بودددد میسییی,0,youtube-tutorials
t2-0388,واقعا بینظیر بود کاش دوران دانشگاه دو تا استاد مثل شما داشتم هر چند که الآنم خوشحالم که ویدیو شما رو دیدم,0,youtube-tutorials
t2-0389,مرسی که هستی منتظرم یاد بگیرم,0,youtube-tutorials
t2-0390,من واقعا به دیدن همچین محتوایی نیاز داشتم. مرسی که این ویدیو رو تولید و به اشتراک گذاشتین❤❤❤,0,youtube-tutorials
t2-0391,تشکر از راهنماییتون/واقعا مفید بود❤,0,youtube-tutorials
t2-0392,این دوره دقیقا به درد من میخوره چون من در همین حد فیلم دیدن و اینا بلدم,0,youtube-tutorials
t2-0393,سلام خواستم یک تشکر ویژه ازتون بکنم چون در همین چهارده دقیقه به خیلی از سوال های من جواب دادید.,0,youtube-tutorials
t2-0394,سوای ویدیو خوبتون واقعا عالی جواب کامنت دوستانُ دادید ممنون ازتون بیشتریاشونو اسکرین گرفتم برای خودم,0,youtube-tutorials
t2-0395,خیلی صحبتاتون خوب و کارآمد بود ، من امسال دانشگاه مهندسی کامپیوتر قبول شدم و پیش زمینه ی خیلی کمی دارم ، گفته هاتون واقعا بهم انگیز داد ، ممنون✨,0,youtube-tutorials
t2-0396,به حرف هاتون نیاز داشتم - ممنونم,0,youtube-tutorials
t2-0397,همه چی توش بود غیر از موضوع اصلی ضمن اینکه الان علم و ارتباطات اونقدر پیشرفت کزده مثلا همین یوتیوب خودش ی دانشگاه است,0,youtube-tutorials
t2-0398,سلام ممنون بابت وقتی که گذاشتین. بنظرم به نکات خیلییی خوبی اشاره کردین,0,youtube-tutorials
t2-0399,فوق العاده بود من که واقعا لذت بردم! جواب کلی از سوال هام رو گرفتم,0,youtube-tutorials
t2-0400,دقیقا این مقدماتی رو که گفتی بلد بودم خوش بختانه😁 کلا به کامپیوتر امید وارم,0,youtube-tutorials
t2-0401,با سلام خدمت شما استاد گرانقدر شما انقدر قدرت تکلم بالایی دارید که من به شخصه لذت بردم و حتما به حرف های شما عمل خواهم کرد ممنون از شما,0,youtube-tutorials
t2-0402,بسیار عالی خسته نباشین💛💛💛,0,youtube-tutorials
t2-0403,بهترین ویدیوی بود ک برای معرفی برنامه نویسی دیدم . عالی,0,youtube-tutorials
t2-0404,بینهایت مفید بود. مسیرو نه خیلی الکی و ساده‌ تعریفش کردین، نه خیلی ترسناک و سخت. ممنون ✨,0,youtube-tutorials
t2-0405,خیلی ممنون از شما صحبت هاتون خیلی واسم مفید بود,0,youtube-tutorials
t2-0406,فوق العاده بود ممنون از شما,0,youtube-tutorials
t2-0407,سپاسگذارم ازتون من علاقه ای زیادی داشتم و تقریبا هیچ اطلاعاتی نداشتم حرفاتون مفید بود ممنون ❤,0,youtube-tutorials
t2-0408,ممنون اینکه به زبان ساده توضیح دادید.❤,0,youtube-tutorials
t2-0409,خیلی ممنون حرفاتون واقعا کارامده اولین باره ویدیو های شما رو دیدم خیلی دیدمو تغییر داد ممنون,0,youtube-tutorials
t2-0410,خیلی ممنون از شما🌹❤,0,youtube-tutorials
t2-0411,محتوای بسیار قوی و آموزنده ای بود دید و تفکرم نسبت به دانشگاهو عوض کرد ممنونم! ❤,0,youtube-tutorials
t2-0412,خیلی خوب بود اقا . و چقدر خوب که چنل رو پیدا کردم مرسی از شما,0,youtube-tutorials
t2-0413,خیلی خوب بود...در مورد دانشگاه و شرایط برنامه نویس شدن خیلی مفید بود ویدیوتون، موفق باشید همراه با دانشجوهاتون 👍👏👍👏👍,0,youtube-tutorials
t2-0414,خیلی مفید و رُک و پوسکنده حرف زدید ممنونم واقعا❤️❤️❤️,0,youtube-tutorials
t2-0415,کارت عالی ادامه بده,0,youtube-tutorials
t2-0416,چه قدر عالی هستید شما من خیلی نا امید هستم برای یادگیری دنبال انها هستم ولی نا امید حرف های شما را گوش کردم امیدوار تر شدم,0,youtube-tutorials
t2-0417,عالی بود یک برنامه نویسی فوقالعاده بیشم چه باید انجام بدم,0,youtube-tutorials
t2-0418,آقای مهندس لطفا ما را کامپیوتر یاد بدهید از نقطه صفر ویندوز تا آخر. مرسی 😊,0,youtube-tutorials
t2-0419,بادرود، منمنون از محتویات جالب تون که مارا یاری میکند ❤❤❤❤,0,youtube-tutorials
t2-0420,ویدیو خوبی بود ممنون منتظر ویدیو های بعدیتون هستم💛,0,youtube-tutorials
t2-0421,خیلی ویدئوی خوب و کاربردی بود ممنون خسته نباشین,0,youtube-tutorials
t2-0422,اول ک گفتی هیچ کدومو نفهمیدم میرم میفهمم برمیگردم نگا میکنم,0,youtube-tutorials
t2-0423,عالی بود ممنون از توضیحات خوبی که دادید.,0,youtube-tutorials
t2-0424,سلام خسته نباشید شما گفتید که اصول اولیه کامپیوتر مثل ویندوز و اینا رو باید یاد بگیریم خب از کجا یاد بگیریم و این اصول چیا هستن؟,0,youtube-tutorials
t2-0425,خیلی ممنون که وقتتون رو برای مردم میزارید,0,youtube-tutorials
t2-0426,من سال بعد مدرسه برنامه نویسی میرم بعد رفیقام میگن که نرو خیلی سخته انگلیسیت باید فول باش و خیلی چیزای دیگه ولی با این ویدو بیشتر شد علاقم ممنون 😁❤,0,youtube-tutorials
t2-0427,عالی صحبتهاتون تکان دهنده بود,0,youtube-tutorials
t2-0428,سلام، استاد عزیز، از این مباحثی که مطرح کردید بسیار متشکرم ولی از یک جایی کل بحث شما رفت به سمت اینکه نوجوانان و افرادی که هنوز وارد دانشگاه نشده اند باید چه مسیری را طی کنند، ای کاش بحث را به صورتی مطرح می کردید که افرادی که سن بالاتر دارند و علاقه به برنامه نویسی دارند یا در رشته های دانشگاهی دیگر تحصیل کرده اند و حتی دوستانی که در علوم انسانی فارغ التحصیل هستند چه کنند.,0,youtube-tutorials
t2-0429,من خداوند را سپاسگذارم که حد اقل یک کشور فارسی زبان دیگر مانند ایران ایننجا هست و انسانهای با ظرفیت مانند شما آنجا زندگی میکنند و به این بهانه ما هم میاموزیم، ای کاش این ویدو را چند سال قبل میدیدم. خیلی ممنون و واقعا آموختم.,0,youtube-tutorials
t2-0430,خیلی ممنونم از توضیحات فوق العاده تون,0,youtube-tutorials
t2-0431,من میخاستم برنامه نویسی رو از صفر یاد بگیرم بخاطر علاقم...سه دیقه اول ویدیوتو ک دیدم به کل نا امید شدم‌...,0,youtube-tutorials
t2-0432,واقعا عالی بود به این توضیحات نیاز داشتم❤,0,youtube-tutorials
t2-0433,خیلی ویدئو خوبی بود فقط چند تا سوال دارم برای برنامه نویسی بهتره که از ریاضی اقدام کنم یا هنرستان؟ و توی هنرستان شرایط دانشگاه مثل ریاضی هست یا متفاوته؟ ممنون میشم جواب بدید :),0,youtube-tutorials
t2-0434,"بنده در فهم ریداکس کمی مشکل داشتم اما شما به معنای واقعی ریداکس رو فوق العاده عالی و قابل فهم توضیح دادید, بسیار متشکرم از شما",0,youtube-tutorials
t2-0435,بهترین آموزشی که تا الان در مورد ری اکت دیدم اموزش شما است . عالیه,0,youtube-tutorials
t2-0436,نحوه آموزش شما بسیار عالی است. اول مطالب را در ساده ترین صورت می گویید و بعد گام به گام به آن می افزایید. بدون زیاده گویی ، بدون پیچیدگی,0,youtube-tutorials
t2-0437,ممنون از شما بابت زحمت زیادی که برای تهیه این ویدیو کامل و مفید کشیدین،❤❤❤،اگه امکانش هست مثل همین ویدیو یک آموزش در خصوص یک پروژه فول استک هم درست کنید که عالی میشه،واقعا شما پرچم خانومارو بالا بردین😊,0,youtube-tutorials
t2-0438,ممنون از شما بابت تمام زحماتتون ❤,0,youtube-tutorials
t2-0439,واقعا باعث دلگرمی هستید❤❤❤❤❤ لطفا مارو تنها نذارید,0,youtube-tutorials
t2-0440,خیلی زحمت کشیدین برای آموزش ممنون ولی انگار دارین برای خودتون مرور میکنین,0,youtube-tutorials
t2-0441,چقدر بدرد بخور و مفید بود. خسته نباشید واقعا که آموزش رو به رایگان در اختیار هنرجوها قرار میدید,0,youtube-tutorials
t2-0442,خیلی ممنون از سروین عزیز، این دوره آموزشی واقعا عالی و روان بود من برنامه نویس انگولار هستم مطالب خیلی واضح بود.,0,youtube-tutorials
t2-0443,استاد خیلی ممنون که وقت گذاشتید و این مبحث رو به صورت رایگان و کامل در اختیار ما گذاشتید😄😍,0,youtube-tutorials
t2-0444,خیلی خوب و عالیه که همه توی یک جا بود واقعا خسته نباشید 🌹,0,youtube-tutorials
t2-0445,مطالب روان و عالی توضیح داده شدن.,0,youtube-tutorials
t2-0446,مفهوم use state و خیلی خوب فهمیدم از این ویدئو. ‌در حالی که از ویدئو دیگه ارور داشتم همش.‌ممنونم ازتون❤,0,youtube-tutorials
t2-0447,واقعاً یک سری افراد برای آموزش دادن ساخته شدن. عالی بود ممنون ♥,0,youtube-tutorials
t2-0448,استاددد شما چقدر شیرین هستیننننن / من روز دوممه و از ذوق نمیتونم از سیستم جداشم. ممنون ازتون,0,youtube-tutorials
t2-0449,فعلا فقط قسمت یوز استیت گوش دادم واقعا خوب توضیح دادن .ممنون ❤,0,youtube-tutorials
t2-0450,خیلییییی ممنون از این اموزشتون باعث شد بتونم بیشتر کد هارو درک کنم واقعا ممنونم,0,youtube-tutorials
t2-0451,استاد فوق العاده ،عااالی,0,youtube-tutorials
t2-0452,خدا خیرتون بده ممنون و خسته نباشید,0,youtube-tutorials
t2-0453,واقعا ساده و حرفه ای آموزش میدین تشکر از شما❤❤,0,youtube-tutorials
t2-0454,واقعا عزیز بهترین این نمیشد براتون بهترینها را ارزومندم مممممنون🎉,0,youtube-tutorials
t2-0455,بسیار ممنونم از اموزش خوبتون. بسیار عالی هستید. کلی کلاس تو udemy برداشتم ولی شما بهترینید,0,youtube-tutorials
t2-0456,چقدرررررررر عالی بود خیلی ممنون,0,youtube-tutorials
t2-0457,خیلی عالی آموزش های بیشتری بذارید، مینی پروژه های react,0,youtube-tutorials
t2-0458,خیلی کاربردی ممنونم از چنل خوبتون بیشتر از تجربه و کارهایی ک برای تسریع روند کاریمون بزارید ممنون میشم,0,youtube-tutorials
t2-0459,خیلی ممنون از آموزش کامل و خوبتون 🙏,0,youtube-tutorials
t2-0460,خیلی ممنون از اموزش رایگانتون,0,youtube-tutorials
t2-0461,یک دنیا تشکر بابت زحماتی که برای اموزش کشیدن و رایگان در اختیار گذاشتین خیر ببینید,0,youtube-tutorials
t2-0462,مرسی ازت سروین جان... عالی واقعن...🥇,0,youtube-tutorials
t2-0463,خیلی ممنون از این آموزش عالی,0,youtube-tutorials
t2-0464,خیلی خوب اموزش میدین مرسی,0,youtube-tutorials
t2-0465,ممنون منتظر ادامه هستیم,0,youtube-tutorials
t2-0466,خیلی خوب وعالی،ممنون از آموزش خوبتون❤,0,youtube-tutorials
t2-0467,خیلی ممنونم❤❤❤❤❤,0,youtube-tutorials
t2-0468,عالی اموزش میدید خلی ممنون,0,youtube-tutorials
t2-0469,ممنونم ازتون خیلی عالی بود❤,0,youtube-tutorials
t2-0470,واقعا فوق‌العاده هستین,0,youtube-tutorials
t2-0471,یک برنامه نویس زیبا با کدهای زیبا,0,youtube-tutorials
t2-0472,واقعا عالی بود، فقط اگه امکانش هست next.js هم قرار بدین عالی میشه چثن یه منبع خوب واسه یادگیریش به زبان فارسی نیست,0,youtube-tutorials
t2-0473,فووووق العاده درود بر شما,0,youtube-tutorials
t2-0474,دست شما درد نکننه,0,youtube-tutorials
t2-0475,سلام خوب هستید ؟ من خیلی دوست دارم یک شبکه اجتماعی بسازم با یه زبان برنامه نویسی خیلی خوب میشه اگر میشه آموزشش رو بزارید🙏💞,0,youtube-tutorials
t2-0476,درود بر شما سپاسگزارم,0,youtube-tutorials
t2-0477,نود کا ویو بعد کامنت چرا انقدر کم لایک هم کمه ایرانی میتونستی ویوتم میگرفتی خجالت داره ❤❤❤❤❤بانوی برنامه نویسی ایران ممنون,0,youtube-tutorials
t2-0478,خدا خفظتون کنه❤,0,youtube-tutorials
t2-0479,خیلی عالی هستین❤,0,youtube-tutorials
t2-0480,شما بهترینید,0,youtube-tutorials
t2-0481,سلام شما خیلی زیبا هستید,0,youtube-tutorials
t2-0482,عالی بود تشکر فراوان,0,youtube-tutorials
t2-0483,یه سوال زده یازده ساعت دوره ولی فقط یه دوره 7.30 بود و دیگه ادامهخ نداشت خواستم ببینم تمام شد یا ادامه دار اگه دار کجاس,0,youtube-tutorials
t2-0484,بیان کردن و رسوندن مفهوم واااااااااقعا ده از ده. دمتون گرم.,0,youtube-tutorials
t2-0485,داداش من زبانم واقعا قاصره نمیدونم از این همه معرفت چی بگم,0,youtube-tutorials
t2-0486,به جرات یکی از عالی ترین آموزش های ری اکت رو گذاشتی دمت گرم اگه امکانش هستش دوره ریداکس رو هم برگزار کنید ممنون از زحماتی که میکشی با فن بیان خوبت,0,youtube-tutorials
t2-0487,سلام خسته نباشید استاد راستش react بخاطر تغییراتی که کرده دیگه نمیشه creat react app. رو به صورت گلوبال نصب کرد و خب الان نمیتونم داخل دیو روت تغییرات رو انجام بدم,0,youtube-tutorials
t2-0488,سلام این اموزش برای الان منقضی نشده ؟ چون میخوام شروع کنم,0,youtube-tutorials
t2-0489,اگه از من بپرسن یه مرد واقعی رو معرفی کن من قطعا از تو خواهم گفت. بهترین استاد دنیا,0,youtube-tutorials
t2-0490,دوستان یه سوال چرا روی عکس دوره نوشته یازده ساعت ولی ۷ ساعته؟ پارت دو داره ؟ من گشتم ندیدم,0,youtube-tutorials
t2-0491,مهندس کارت درسته دمت گرم خدایی . خدا بهت برکتتتتتتتتتتتتتتتتتتتتتتتتتتتتتتت بده,0,youtube-tutorials
t2-0492,این دوررررررررره خیلی خوبه همه چیز رو به زبان ساده توضیح دادید یه دنیا ممنونم ازتون دوره ریداکس و یه دوره پروژه محور ریکت ریداکس هم اگه میشه ضبط کنین,0,youtube-tutorials
t2-0493,من امروز دارم اینو نگاه میکنم و‌نصب اش کردم چت جی بی تی میگه ری اکت نوزده رو‌نصب کردی و کدها کمی تغییر کرده و من نمیدونم باید چکار کنم سعی کردم تغیرش بدم به ری اکت نوزده ولی کتاب خانه ها به روز تر بودن و بازم ب مشکل خوردم . لطفا راهنماییم کنید استاد,0,youtube-tutorials
t2-0494,من زبانم از این همه مرام قاصره ، یعنی اصن,0,youtube-tutorials
t2-0495,استاد فوق العاده بود هیچ چیزی کم نداشت آموزش های خارجی رو میدیدم یه سری نکته رو باز برام سوال میذاشت که تو این دوره به بهترین نحو توجیح شدم پر انرژی ادامه بده استاد یدونه ای❤️🌹😎,0,youtube-tutorials
t2-0496,شما عالی هستی و واقعا با دل و جون تدریس میکنید و وقت میزارید ممنون و سپاس فراوان 🙏🌹,0,youtube-tutorials
t2-0497,این دوره عالیه ممنون ازتون من دارم خیلی خوب و دقیق پیش میرم,0,youtube-tutorials
t2-0498,عاااااااالیه ! دوره های انگلیسی رو دیدم ولی این دوره واقعا جامع و عالی هست. خدا حفظت کنه,0,youtube-tutorials
t2-0499,واقعا لذت می برم از این آموزش امیدوارم که بهترین ها نصیبتون بشه. کاشکی یک نمونه پروژه بزرگتر ری اکت هم بگین استاد عالی میشه.,0,youtube-tutorials
t2-0500,من از اکثر دوره هاتون استفاده کردم واقعا تدریستون عالیه ازتون ممنونم,0,youtube-tutorials
t2-0501,واقعا دمت گرم، ده برابر پکیج های پولی ارزش داشت,0,youtube-tutorials
t2-0502,سلام ، من میخواستم این دوره رو ببینم الان با آپدیت های ری اکت ، این دوره منسوخ نشده؟,0,youtube-tutorials
t2-0503,خیلی ممنون واقعا به جرأت میشه گفت بهترین آموزش ها رو ضبط میکنین و من بیشتر چیزایی که یاد گرفتم رو مدیون شما هستم مرسی برای وقت و انرژی که میذارین,0,youtube-tutorials
t2-0504,هر چقد از این دوره فوق العاده بگم بازم کمه، محشره واقعا,0,youtube-tutorials
t2-0505,درود دارید بزرگوار، نحوه ی آموزشتون عالیه ، بی نهایت سپاس، کاش زود تر آشنا میشدم با کانالتون.,0,youtube-tutorials
t2-0506,خیلی آموزشت خفنه.... تسلطت به تدریس عالیه.... من هزارتا دوره دیدم تو واقعا بینظیری,0,youtube-tutorials
t2-0507,سلام استاد عزیز واقعا برای همه دوره ها و زحمات تون ممنونم. ازتون میخوام اگر میشه یک دوره خوب از جنگو هم بسازید خیلی خیلی ممنون میشیم.,0,youtube-tutorials
t2-0508,خیلی دوره عالی بود از نمونه های خارجی خیلی بهتر و جامع تر هستش دستتون درد نکنه👌,0,youtube-tutorials
t2-0509,بسیار عالی و کامل و همچنین قابل فهم برای برنامه نویسان مبتدی ❤❤,0,youtube-tutorials
t2-0510,ایشالله همیشه خیر این دوره رو ببینی و به درجات بالا برسی 😍,0,youtube-tutorials
t2-0511,خیلی دلم میخواست یه آموزش راجع ویو جی اس با اسکریپت ست آپ بذاری و همینجوری کامل توضیح بدی,0,youtube-tutorials
t2-0512,خیلی دوره مفید و خوبی بود. ممنون که وقت میذارید و این دوره ها رو آماده می کنید🙏🙏,0,youtube-tutorials
t2-0513,واقعا خیلی ممنون دورتون کامل ترین دوره ی فارسی ریکت هست . فقط اگه میشه یه ویدئوی کوتاه دربارهی مسیر های import کردن فایل ها به ریکت از فولدر های مختلف هم بزارید ممنون میشم. 🌹🌹🌹,0,youtube-tutorials
t2-0514,خسته نباشید استاد دوره عالی بود فقط اگه میشه آموزش php و angular را هم در کانال قرار دهید🙏🙏,0,youtube-tutorials
t2-0515,تو یکی از بهترینا هستی و من به حضورت در یوتوب افتخار میکنم. تشکرات ویژه بابت این آموزش,0,youtube-tutorials
t2-0516,خیلی عشقی 🤍🤍 خیلی چیزارو ازدت یاد گرفتم🙂 #زنده_باد_انسانیت نئون❤️👉,0,youtube-tutorials
t2-0517,فقط نسخه 19 betta اومده و یمقدار سینتکس هاش متفاوته نسخه جدید رو هم تدریس میکنین؟,0,youtube-tutorials
t2-0518,با اینکه کلا سه دقیقه از فیلم رو دیدم قشنگ معلومه که خیلی زحمت کشیدین و واقعا خسته نباشین❤ و,0,youtube-tutorials
t2-0519,درود خسته نباشید! ری اکت چقدر دردسر داره.,0,youtube-tutorials
t2-0520,عالی بود. همه مباحث رو عالی توضیح داده بودید. ممنونم.,0,youtube-tutorials
t2-0521,دمت گرررم، امیدوارم انرژی مثبت این آموزش عالی بهت برگرده,0,youtube-tutorials
t2-0522,سلام دوست و استاد عزیز، از انصاف به دوره از شما برای این همه دوره باارزشی که در کانال خوبتون گذاشتین تشکر نکنم. واقعا عالی آموزش میدین🙂 به نظر میاد هنوز نسل انسانهای خوبی که اولویت اولشون مسائل مالی نیست منقرض نشده☺😉 شاد و سلامت باشید,0,youtube-tutorials
t2-0523,واقعا ممنونم بابت این دوره های عالی تون. پر قدرت ادامه بدید ما حمایتتون می کنیم,0,youtube-tutorials
t2-0524,واقعا ازتون ممنونم امیدوارم همیشه موفق باشید و مسیر زندگیتان هموار،آموزش ها فوق العاده هستن،کمک بزرگی بهمون کردی❤️,0,youtube-tutorials
t2-0525,مثل همه کامل و جامع واقعا بزرگوارید شما موفق باشید,0,youtube-tutorials
t2-0526,درود بر اون شرفت,0,youtube-tutorials
t2-0527,من خیلی ذوق دارم ک اموزش بوت استرپتونو زودتر تموم کنم و بیام سراغ آموزش ری اکتتون استاد☹💔، شما فوق العاده اید خدایی❤❤❤,0,youtube-tutorials
t2-0528,سلام خیلی ممنون علی بود مثل همیشه بهترین دوره ای بود که تاحالا دیدم,0,youtube-tutorials
t2-0529,دستتون درد نکنه بابت این اموزش🌹❤,0,youtube-tutorials
t2-0530,استاد شما خیلی خوبی .❤,0,youtube-tutorials
t2-0531,سلام فوق العاده عالی .من یه پیشنهاد دارم.برای بک اند کاش یه فرم ورک دیگه مثل فلسک در پایتون رو با استفاده از ریکت هم توضیح بدین دیگه تقریبا اموزش های شما در زمینه وب کامل کامل خواهد بود.,0,youtube-tutorials
t2-0532,خیلی ممنون برای دوره غالی که گذاشتین,0,youtube-tutorials
t2-0533,خیلییییییییییییی عالی بود کاش ی بروژه ری اکتی بزنی لطفا,0,youtube-tutorials
t2-0534,خیلی عالی تدریس میکنید👌,0,youtube-tutorials
t2-0535,بهترین دوره ریکتی که دیدم، کامل و جامع,0,youtube-tutorials
t2-0536,بهترین توضیحاتی بود که به این صورت کامل و جامع بود ، مرسی مهندس جان❤❤,0,youtube-tutorials
t2-0537,تاحالا ندیده بودم یکی انقدر خوب و با تسلط مثل شما مهندس توضیح بده ک یاد بگیرم هم ریکت و هم تیلویند عالی درس دادین خسته نباشین اقعا ❤❤,0,youtube-tutorials
t2-0538,خلاصه مختصر و مفید👏❤,0,youtube-tutorials
t2-0539,کانالتون عالیه 😍😍,0,youtube-tutorials
t2-0540,ممنون از شما 🎉❤,0,youtube-tutorials
t2-0541,بسیار باکیفیت و مفید,0,youtube-tutorials
t2-0542,خوب بود ممنونم خدا قوت ، فقط به عنوان کرش کورس اگ یکم بیشتر هوک ها رو معرفی میکردین بهتر میشد ... ولی جامع بود 👌,0,youtube-tutorials
t2-0543,کارت واقعا تکه. هیچ جا به فارسی همچین اموزشی نیست. یا اموزشای فیک و برای جذبه یا مسخره بازی و بیزینس. مشخصه دنبال بولشت ها نیستی و فقط کار و علم میدی. ادامه بده داداش❤,0,youtube-tutorials
t2-0544,درود، چرا داخل css استایل رو نمیدن که تمیز و جدا باشه و با sass که کلی خلاصه میکنه، بجای اینطور کلاس دادن؟ تو کار واقعی همین کار رو میکنن؟,0,youtube-tutorials
t2-0545,تشکر از زحماتت چیزی که باید برای پروژه و بازار کار واقعی یاد بگیریم رو بگید، بیخیالِ سختی و فشار اومدن چیزیه که اول اخر باید یاد گرفت پس درد اول بهتر از اینه چیز بی‌کاربرد و الکی رو یاد گرفت اکثر اموزش ها ساختاری رو یاد میدن که فول شدی تازه باید ویرایشش بدی به روش رایج در واقعیت ممنون,0,youtube-tutorials
t2-0546,من سال ۲۰۲۶ شروع کردم و تمام کردم ❤❤سپاس,0,youtube-tutorials
t2-0547,الان با کلود بازی میسازن😂😂,0,youtube-tutorials
t2-0548,استاد من سال ۲۰۲۶ دارم میبینم😂💔,0,youtube-tutorials
t2-0549,یه ادم چقدر میتونه با شرف باشه به معنای واقعی یک انسان فوق العاده ای ممنونم ازت 😍,0,youtube-tutorials
t2-0550,استاد امشب تصمیم گرفتم این ویدیو رو ببینم تا انشالله به هدفم برسم امشب یکشنبه 1404/9/9 روز امتحان میانترم فیزیک یک بماند به یادگار❤ امام زمان کمکم کن❤,0,youtube-tutorials
t2-0551,آخرای 2025 هستیم و من تازه دارم می بینم. مرسی از کانال خوبتون.,0,youtube-tutorials
t2-0552,سال ۲۰۲۶ دارم شروع میکنم😂,0,youtube-tutorials
t2-0553,واقعا آدمایی مثل شما خیلی کم هستن ، خیلی بزرگوارید استاد❤️,0,youtube-tutorials
t2-0554,امروزشروع کردم سی اس اس ولی دانشگاهم زبان هلندی... سردر گم بودم اومدم سراغ یوتیوب و اتفاقی با چنل خوبت آشناشدم ،ادامه بده و سپاس🌼,0,youtube-tutorials
t2-0555,منم الان اول شهریور ۱۴۰۵ هست دارم نگاه میکنم و چون هزینه نداره و تو فشار هستیم مرسی که درست کردی ❤,0,youtube-tutorials
t2-0556,سلام خداقوت ۱۵تیر ۴۰۵ شروع ب دیدن این ویدیو... موفق باشید.,0,youtube-tutorials
t2-0557,من پایتون ۱۲ ساعته رو دیدم الانم این بعدشم CSS واقعا ممنونم بابت اینهمه زحمتی که کشیدین ❤,0,youtube-tutorials
t2-0558,در وقت بسیار کم مفاهیم کاربردی را به زبان ساده بیان کردید تدریس تان عالی است استاد محترم.,0,youtube-tutorials
t2-0559,خیلی عالیه و من پیشنهاد میکنم حتما این ویدیو رو تا اخر ببینید پشیمون نمیشد الان سال ۲۰۲۶ هس و من تازه دارم طراحی سایت رو درک میکنم با توضیحات شما :),0,youtube-tutorials
t2-0560,کاش یه دوره برای زبان انگلیسی هم می ساختین یعنی یه دوره برای این که زبان انگلیسی حداقل اون بخشی که برنامه نویسی و کامپیوتر مربوط می‌شه رو یاد بگیریم و همه اصطلاحات رو توش بفهمیم به نظرم دوره جذاب و پر طرفدار و آموزنده و پر سودی می‌شد.,0,youtube-tutorials
t2-0561,مهندس به هر چی که از خدا میخوای تو زندگیت برسی .ممنون که به جوونهای همیشه از همه چی محروم کشورت اهمیت میدی ممنون .,0,youtube-tutorials
t2-0562,من کلی فیلم آموزشی دیدم ب جرعت میتونم بگم از همشون بهترو قابل درک تر آموزش ‌دادین دستتون درد نکنه واقعا 🤍,0,youtube-tutorials
t2-0563,فقط ایشالله که ادامه بدید 🌹🌹🌹🌸🌸🌸چون واقعا ارزش داره :),0,youtube-tutorials
t2-0564,همه نکات کامل و بصورت مفهومی تدریس شده و کاملا کاربردی برای کسانی که هیچ پیش زمینه ای ندارن و از صفر استارت زدن مثل خودم🙏🏻,0,youtube-tutorials
t2-0565,مرد تو چقدر خوبی اصلا وااااو امیدوارم به بالاترین مقاطع برسی و به هدفت برسی _ مخصوصا منه دانشجوی بی پول میام میبینم همچین دوره های خفنی رو رایگان یاد دادی ایول دمت گرم خدا کارما و جواب خوبی هاتو بده الهی❤❤❤❤❤❤,0,youtube-tutorials
t2-0566,درسال 2025 دارم نگاه میکنم ،❤❤,0,youtube-tutorials
t2-0567,من درسال ۲۰۲۳ دارم ویدئو شمارو میبینم و فقط میتونم تشکر کنم🌷🌷👌👌,0,youtube-tutorials
t2-0568,این فول کورسارو من تو یوتوب فارسی ندیده بودم خیلی خوشحالم کامیونیتی یوتوب انقد خوب شده🔥❤️,0,youtube-tutorials
t2-0569,بهترین هستید مرسی واقعا,0,youtube-tutorials
t2-0570,0:40 عالی استاد ۲۰۲۵ هم عالی هستی,0,youtube-tutorials
t2-0571,توضیح شما واقعا خوب بود ممنون❤❤,0,youtube-tutorials
t2-0572,مرررررسی خیلی عالی بود ، مرسی که وقتت رو در اختیار ما می‌زاری و رایگان به ما آموزش میدی ،,0,youtube-tutorials
t2-0573,سلام استاد من سال دهمم و از صفر شروع کردم ویدیو تون رو دیدم واقعا ممنونم ❤,0,youtube-tutorials
t2-0574,خیلی خفنیی خیلیی .دمت گرم خیلی واضح و شفاف توضیح میدی و واقعا برای منی که هیچ پیش زمینه ای نداشتم مطالب کاملا جا افتاد .روبه جلو همچنان مُسِر ....,0,youtube-tutorials
t2-0575,من یمدت از طراحی وب فاصله گرفته بودم این ویدئو برای مرور عالییی بود ممنون ازتون❤ الان سال ۲۰۲۶ هستش,0,youtube-tutorials
t2-0576,واقعا خیلی لطف کردین ♥️♥️ من الان رشتم کامپیوتره سال دهمم مدرسه که هیچی یاد نمی‌ده اومدم خودم از تو گوگل و یوتیوب چیزی یاد بگیرم خیلی بهم کمک کردین ♥️,0,youtube-tutorials
t2-0577,90ساعت برا کل طراحی وب خیلیم عالی👌❤👌🙃🙃,0,youtube-tutorials
t2-0578,سپاس فراوان بابت آموزش فوق العادتون 🙏 خیلی عالی ،کامل و کاربردی بود، موفق باشید 🌱,0,youtube-tutorials
t2-0579,مرسی از آموزش ساده و کاربردی شما ❤💯,0,youtube-tutorials
t2-0580,خیلی خوبه که هستید عالی هستن محتوا ها.,0,youtube-tutorials
t2-0581,استاد اموزشا تون کاملا عالی و مفهومی هست واقعا از شما بابت این آموزش ها تشکر میکنم❤,0,youtube-tutorials
t2-0582,استاد تو چقدر بزرگواری که هرچی میخوام یاد بگیرم رو رایگان و بدون منت در اخیارمون میزاری ؟! خیر ببینی انشالله ❤,0,youtube-tutorials
t2-0583,اصلا یه وضعی این کانال عالیههههههههههههههههههههههههههههههههه !!!!!!!!!!!هم خودشون هم هم تدریسشون❤❤❤❤,0,youtube-tutorials
t2-0584,بسیار عالی . فقط کسی که یه مهندس کامپیوتر باشه و کارش هم تدریس باشه متوجه می شه که چقدر خوب تدریس می کنید . موفق باشید . Veel succes,0,youtube-tutorials
t2-0585,اقا دم شما گرم من با استفاده از این اموزش و مابقی اموزش های داخل چنلتون طراحی سایت رو فول شدم اقا خیلی ممنون❤,0,youtube-tutorials
t2-0586,یکی از دوستان من شما رو معرفی کرد و با توجه به نتیجه خوب ایشون به امید خدا وب رو با شما شروع میکنم . ممنون ازت 🌹👌🏻,0,youtube-tutorials
t2-0587,به جرعت میتونم بگم بهترین و کاملترین دوره های برنامه نویسی,0,youtube-tutorials
t2-0588,دمتون گرم من قبلا اچ تی ام ال رو کامل بلد بودم اما به دلایلی مدت زیادی تمرین نکردم و یادم رفت اما با ویدیو شما دوباره خودمو رسوندم و دمتون گرم,0,youtube-tutorials
t2-0589,از شما بسیار تشکر میکنم بابت اینکه این اطلاعات رو رایگان در اختیار همه میزارید ازتون خیلی ممنونم,0,youtube-tutorials
t2-0590,خیلی عالی و کاربردی و قشنگ توضیح دادید واقعن لذت بردم ممنون از شما و آموزش های خوبتون 💚✌🏻,0,youtube-tutorials
t2-0591,خیلی خیلی ممنون، من چند تا دوره شمارو دیدم، فقط میتونم بگم فوق العلاده هست ، پیشنهاد میشه به بقیه دوستان ، من دوره react و جاوا رو دیدم عالی بوده,0,youtube-tutorials
t2-0592,درود بر شما که این اطلاعات مفید به رایگان در اختیار بقیه قرار می دید و به دیگران خیر می رسونید؛سلامتی،شادی و بهترین لحظات برای شما آرزو می کنم.,0,youtube-tutorials
t2-0593,مرسی که این مدل ویدیو هارو میزاری ادامه بده واقعا تو یوتویوب یکی مثل تو نیاز بود تا خوب توضیح بده❤,0,youtube-tutorials
t2-0594,خیلیییی عالی هستین👌🏻👌🏻 هم به اندازه، هم نکات مهم و کافی رو در زمان کم آموزش میدین ممنون ازتون🌼🌼🙌🏻,0,youtube-tutorials
t2-0595,چه انگیزه ای وجود داره که چنین پروژه بزرگی رو فیلم برداری کردید:yougotthis:واقعا خسته نباشید👌🙏,0,youtube-tutorials
t2-0596,عالی واقعا. اینکه سعی نکردید الکی سختش کنید و به ساده ترین شکل توضیح دادید خیلی خفن شده . خدا قوت,0,youtube-tutorials
t2-0597,کوتاه ترین اموزشی که کامل ترینه و بی نقص و عالی 🌻,0,youtube-tutorials
t2-0598,ممنونم ازتون خیلی خوب توضیح میدید من با کانال زبان های سخت رو خیلی اسون یاد گرفتم❤,0,youtube-tutorials
t2-0599,سلام من همین امروز شروع کردم که تاریخ هم ۱۴۰۵ /۲۹ فروردین است سبک درس شما واقعا عالی است 🙏 بنده از افغانستان هستم ، به امید موفقیت!,0,youtube-tutorials
t2-0600,من htmlرو با شما شروع کردم و فوق العاده عالی بود خیلی کامل و عالی واقعا ممنونم ❤❤❤,0,youtube-tutorials
t2-0601,سروین خانم یک بانوی با تخصص و یک مدرس عالی از شیوه ی بیان مطالب شما واقعا لذت میبرم که خیلی راحت و شیوا بیان میشن و تلاش نمیکنید که کلمات رو قلنبه سلنبه بگید و همون حالت عادی بیان میکنید انسان بهتر مطلب رو میفهمه و سرعت آموزشتون فوق العادست مفاهیم کاربردی رو میگید که بدرد بخور هستن نه جزییاتی که شاید توی دوران کاری ۱۰ ساله ۲ مرتبه هم استفاده نشن واقعا ازتون متشکرم,0,youtube-tutorials
t2-0602,از سرعت و حاشیه نرفتنتون بسیار لذت میبرم ممنون بابت اموزش خوبتون,0,youtube-tutorials
t2-0603,ازتون بسیار ممنونم که این آموزش عالی و جامع رو رایگان در اختیار مردم میگذارید❤,0,youtube-tutorials
t2-0604,عالی ولی کاشکی آدرس عکس ها و اینا رو توی کانال تلگرامی یا هرجایی میزاشتید و معرفی میکردید از اونجا دان میکردیم,0,youtube-tutorials
t2-0605,خیلی خوب بود، در کمتر از یک هفته دوره ای که چند سال بود دوست داشتم یاد بگیرمو گذروندم,0,youtube-tutorials
t2-0606,بسیار بسیار کاربردی و شیوا و روان آموزش دادید...ویدیو خیلی عالی بود👌👍,0,youtube-tutorials
t2-0607,خیلی خیلی خیلی شیوا توضیح میدید و همین پروژه محور بودن باعث میشه از نتیجه ذوق زده بشم ممنونم ازتون:elbowcough:,0,youtube-tutorials
t2-0608,جدای از تسلط ستودنی به مطالب،شیوه آموزش منظم،شیوا و کامل بینظیر هست❤,0,youtube-tutorials
t2-0609,بهترین آموزش برنامه نویسی تو یوتیوب فارسی واقعا فن بیانتون عالیه 👌,0,youtube-tutorials
t2-0610,نسخه انگلیسیشو دیده بودم چند سالپیش عالی بود، بابت زحمات شما هم برای فارسی زبان ها تشکر -,0,youtube-tutorials
t2-0611,اینقدر دقیق بدون حاشیه اتلاف وقت ، سلامت و شاد باشی سروین جون,0,youtube-tutorials
t2-0612,خیلی خیلی ممنونم استاد توانمند و گرامی واقعا یک مجموعه کامل ❤🙏,0,youtube-tutorials
t2-0613,ادم باورش نمیشه این همه مهارت فقط در حوزه کامپیوتر نیست شما حتی خیاطیم یاد میدییییییییی دلم میخواد حتی اونم باهاتون یاد بگیرم,0,youtube-tutorials
t2-0614,بسیار ممنون از وقت، انرژی و آموزش پرکاربردتان در ارائه این مباحث👏🙌,0,youtube-tutorials
t2-0615,سروین خانم بابت این آموزش مختصر و کامل بسیار بسیار از شما قدر دان هستم و امید موفقیت روزافزون رو برای شما آرزو می کنم,0,youtube-tutorials
t2-0616,روش تدریس شما واقعا فوق العاده است.,0,youtube-tutorials
t2-0617,خیلی نحوه ی آموزشتون رو دوست دارم ممنون که تمرین هم در پایان هر قسمت قرار دادین,0,youtube-tutorials
t2-0618,وااااایییییی دمتون گرمممممممم واقعا خیلی خوبید ممنونم❤ من خیلی وقت بود دنبال همچین تدریسی بودم خیلی خوشحالم با شما آشنا شدم,0,youtube-tutorials
t2-0619,ممنونم سروین جون عالی هستی استاد حرفه ای و من استارت یادگیری رو با شما شروع کردم,0,youtube-tutorials
t2-0620,من اهل افغانستان هستم و طراح UI/UX هستم همچنین در مورد توسعه وب اطلاعات دارم، مطالب شما را دوست دارم، بهترین آن برای جامعه فارسی است و از شما برای این درس ها متشکرم.,0,youtube-tutorials
t2-0621,تنها دوره ای بود که کامل کردم مرحبا 🎉❤,0,youtube-tutorials
t2-0622,بالاخره تموم شد ممنون بابت همچین ویدیو کامل و مفیدی ❤❤,0,youtube-tutorials
t2-0623,خیییلیی خوب بود آموزش تون ، لطفا بقیه اموزشهاتونم یکجا قرار بدین,0,youtube-tutorials
t2-0624,آموزشتون خیلی عالی بود ممنون از وقتی که برای ساختش گذاشتید. فقط قسمت فونت گوگل زبان فارسی هست باید به جای فارسی پرشین سرچ کنید,0,youtube-tutorials
t2-0625,سلام وقتتون بخیر باشه ماشالله به این همه دانش و ساده توضیح دادن سخت ترین مسائل! با آرزوی بهترینا براتون,0,youtube-tutorials
t2-0626,محتوای بشدت ارزشمند 🌟,0,youtube-tutorials
t2-0627,سلام . با اینکه هدفم برنامه نویسی سایت نیست و برای پروژه های دانشگاهیم دارم یاد میگیرم ! خیلی مفید و کافی و با گویش شیوا بود مرسی,0,youtube-tutorials
t2-0628,عالی و درجه یک. کاملا واضح برای مبتدیا,0,youtube-tutorials
t2-0629,واقعا علی بود خسته نباشید امیدوارم ، واقعا محتوای مناسب پرکاربردی رو تدریس کردید ، خدا قوت🙌🙌🙏🙏🌹🌹,0,youtube-tutorials
t2-0630,عاشقتم مننننن.خیلی آموزشت عالیه مرسی عزیزم🎉🎉🎉🎉🎉,0,youtube-tutorials
t2-0631,تدریس عالی بود ممنونم از زحمت هاتون امیدوارم همیشه موفق باشید ❤,0,youtube-tutorials
t2-0632,بسیار بسیار عالی،تشکر از وقتی که برای تهیه این مجموعه گذاشتین،قابل تحسینه،ممنون,0,youtube-tutorials
t2-0633,درود و احترام و سپاس بیکران ....بسیار ممنون از وقت، انرژی و آموزش پرکاربردتان در ارائه این مباحث...در پناه حق تندرست و سربلند باشید بانوی بزرگوار💐,0,youtube-tutorials
t2-0634,خیلی فوق العاده بود. ممنونم از شما بابت محتوای کاربردیتون. پایدار باشید.,0,youtube-tutorials
t2-0635,آموزش و بیان مطلب خیلی عالی بود. دست مریزاد❤,0,youtube-tutorials
t2-0636,واقعا تدریستون عالیه تحسینتون میکنم موفق باشید❤,0,youtube-tutorials
t2-0637,سپاس فراوان از شما بانوی گرامی 🙏🙏,0,youtube-tutorials
t2-0638,دمت گرم سروین خانم دوستتون داریم آموزش خوبی بود❤,0,youtube-tutorials
t2-0639,فوق‌العاده، جامع و کامل،یک دنیا ممنون,0,youtube-tutorials
t2-0640,خیلی ممنون . بسیار مفید واقع شد.,0,youtube-tutorials
t2-0641,سپاس بی انتها. 💐,0,youtube-tutorials
t2-0642,واقعا عالی هستین ممنون از شما❤❤❤,0,youtube-tutorials
t2-0643,عالیه واقعا سپاس گزارم ازتون,0,youtube-tutorials
t2-0644,عالی بود... ممنونم از زحمات شما,0,youtube-tutorials
t2-0645,خیلی ممنون از زحمات شما❤❤,0,youtube-tutorials
t2-0646,ممنون بابت زحماتتون,0,youtube-tutorials
t2-0647,تشکر از شما استاد🙏🏻,0,youtube-tutorials
t2-0648,خیلی ممنونم بابت آموزش خوبتون❤عالی هستین,0,youtube-tutorials
t2-0649,ممنوت واقعا دادم با قدرت میرم جلو❤,0,youtube-tutorials
t2-0650,ممنون بسیار عالی و کاربردی,0,youtube-tutorials
t2-0651,واقعا عالی بود خیلی ممنون🌹💐,0,youtube-tutorials
t2-0652,عالی عالی عالی خیلی ممنون از شما,0,youtube-tutorials
t2-0653,آموزشتون بسیار عالی هست خانم مهندس,0,youtube-tutorials
t2-0654,چقدر ساده گفتین تشکر❤,0,youtube-tutorials
t2-0655,ممنون بابت آموزش خوبتان,0,youtube-tutorials
t2-0656,من در يک نقطه زندګی ميکنم که انترنت بسيار ضعيف هست زورش به يوتيوب نميرسه اګر چينل تلګرام داريد يا امکان دريافت در واتساف باشد ممنون ميشم,0,youtube-tutorials
t2-0657,خیلی ممنونم اون دوره اول html واقعا خیلی ابتدایی بوده و خیلی کد ها رو من نمیدونستم,0,youtube-tutorials
t2-0658,چقدر شما بامزه و مهربون هستین ❤,0,youtube-tutorials
t2-0659,خیلیی عالی و روان بود ممنونم استاد عزیز فقط من برنامه رو دانلود کردم وقتی نیو فولدر میکنم مثله برای شما پایین فایلم html نمیاد چیکار کنم؟مربوط میشه به کدو قسمت ستینگ,0,youtube-tutorials
t2-0660,خانم واقعاً دستت درد نکنه و خیلی ممنون خیلی از یه قسمت یا همان یک بخش فیلم رو نگاه کردم حساب دستم اومد دمتون گرم انشا الله همینطوری که برای آموزش ما وقت گذاشتین براتون دعا میکنیم بهترین ها نصیبتون بشه,0,youtube-tutorials
t2-0661,ممنون بابت وقتی که صرف آموزش کردید . بسیار مفید و کارآمد بود . امید که کسب و کار و زندگی شما سرشار از برکت و مهر الهی باشد,0,youtube-tutorials
t2-0662,بسیار عالیی بود✔️,0,youtube-tutorials
t2-0663,خسته نباشید استاد محترمه واقعا عالی ترین و مفید ترین دروس را دارید,0,youtube-tutorials
t2-0664,بسیار زیبا و قشنگ وبا تشکر از زحمات شا,0,youtube-tutorials
t2-0665,مچکرم بابت همه ی آمورش های مفید تون واقعااااااا بی نظیر هستید❤❤,0,youtube-tutorials
t2-0666,افرین استاد خیلی خوب درس میدی,0,youtube-tutorials
t2-0667,وقتی مرورگر هر چیزی نوشته میشه را از بالا به پایین میخونه چه لزومی داشته این همه المنت با اسمای دیگه گذاشتند؟تمرین ها رو کجا بهتون نشون بدیم؟,0,youtube-tutorials
t2-0668,سلام خیلی ممنون از اموزش خوبتون,0,youtube-tutorials
t2-0669,با سلام و تشکر از شما استاد گرامی.,0,youtube-tutorials
t2-0670,خیلی ممنون از زحمتی که کشیدینن❤❤❤❤😊😊😊,0,youtube-tutorials
t2-0671,سلام وقت بخیر لطفا اموزش سئو رو هم بزارین. خیلی ممنونم,0,youtube-tutorials
t2-0672,بسیار عالی بود برای جلسه اول,0,youtube-tutorials
t2-0673,دست شما درد نکنه. عالی❤❤❤,0,youtube-tutorials
t2-0674,خیلی عالی توضیح دادین‌,0,youtube-tutorials
t2-0675,خیلی ممنونم ازتون. واقعن عالیه دوره هاتون و با کیفیت,0,youtube-tutorials
t2-0676,خیلی عالی توضیح میدید خیلی ازتون ممنونم❤🌻,0,youtube-tutorials
t2-0677,سلام استاد ممنون خیلی مفید بود,0,youtube-tutorials
t2-0678,سلام استاد گرامی آموزش های تان بسیار عالی هستن از اینها خیلی چیز هایی زیاد گرفتم موفق باشین,0,youtube-tutorials
t2-0679,عالی هستید سپاس از شما❤,0,youtube-tutorials
t2-0680,عالی و مفید ❤️❤️,0,youtube-tutorials
t2-0681,ممنون از تشريح عالی تان,0,youtube-tutorials
t2-0682,واقعا عالی هستین 😍,0,youtube-tutorials
t2-0683,عالیههههه ممنونم ❤❤❤,0,youtube-tutorials
t2-0684,خیلی خوبه آموزش شما,0,youtube-tutorials
t2-0685,خیلییی عالییییی بود❤❤❤❤❤,0,youtube-tutorials
t2-0686,عالی خانم مهندس,0,youtube-tutorials
t2-0687,خیلی عالی بود،یا حوصله و با جزییات کامل☺☺☺,0,youtube-tutorials
t2-0688,اموزش ها عالیه,0,youtube-tutorials
t2-0689,خیلی عالیست استاد,0,youtube-tutorials
t2-0690,بسیارررر عالی 🔥,0,youtube-tutorials
t2-0691,مرسییییی 🫳🏻🫴🏻🪽,0,youtube-tutorials
t2-0692,خیلی عااالییی، پرفکت👏,0,youtube-tutorials
t2-0693,سلام. آفرین بارک الله واقعاً عالیست دست💐 شما درد نکنه با این آموزشتون خیلی جذاب و دلچسپ است. من خودم اولین کسی هستم که فقط اسم html آشنا بودم اما الان دیدم دگه واقعاً علاقه پیدا کردم. 🌷💐🫡,0,youtube-tutorials
t2-0694,بسیار عالی استاد,0,youtube-tutorials
t2-0695,مرسی عالی بود,0,youtube-tutorials
t2-0696,❤❤❤❤❤❤❤❤❤عالییییی بود,0,youtube-tutorials
t2-0697,بسیار عالی بود ❤,0,youtube-tutorials
t2-0698,ممنون آیدین عزیز,0,youtube-tutorials
t2-0699,تشکر آیدین عزیز که زحمت میکشی. سلامت و شاد باشی,0,youtube-tutorials
t2-0700,مرسی از توضیحاتت👌🏼,0,youtube-tutorials
t2-0701,"سلام تفاوت predict , score در چی هست ، منظورم اینه که تفاوت اصلیشون چیه ؟",0,youtube-tutorials
t2-0702,اقا ایدین من که زبانم ضعیفه چطور مقالات هوش مصنوعی رو بخونم منظورم اینه کتابی برای زبان تخصصی هوش مصنوعی هست خواهش میکنم جواب بدید,0,youtube-tutorials
t2-0703,دستت درد نکنه آیدین جان...بسیار مشتاقم برای دوره های بعدی بعد دیدن هر دو دوره پردازش تصویر و ماشین لرنینگت,0,youtube-tutorials
t2-0704,معرکه و عالی برگزار می کنید. محتوا کامل و بیان حرفه ای . متشکرم,0,youtube-tutorials
t2-0705,ممنون دمت گرم استاد واقعا خیلی عالی زنده باشی,0,youtube-tutorials
t2-0706,خیلی ممنون و عالی,0,youtube-tutorials
t2-0707,ممنونم از زحمتی که کشیدید,0,youtube-tutorials
t2-0708,عالی بود. ممنونم,0,youtube-tutorials
t2-0709,واقعا خوب توضیح دادین. ممنونم که اطلاعاتتون رو در اختیار بقیه میذارین❤,0,youtube-tutorials
t2-0710,ممنون بابت آموزش صریح و روانتون. منتظر جلسات بعدی هستیم.,0,youtube-tutorials
t2-0711,مبحث بسیار مهمیه 🔥🔥,0,youtube-tutorials
t2-0712,خیلی خوب بود، من همیشه اینارو قاطی میکردم و نمیدونستم به چه دردی میخورن,0,youtube-tutorials
t2-0713,مطلب پیچیده رو خیلی خوب به سادگی منتقل میکنی . دمت کرم,0,youtube-tutorials
t2-0714,عااالی ممنون,0,youtube-tutorials
t2-0715,بسیار اموزنده است ، ممنون🙏,0,youtube-tutorials
t2-0716,سلام، واقعا افسوس میخورم که چرا زودتر شما را پیدا نکردم. تشکر میکنم از دوره های مفید و کاربردی که آماده کردید و امیدوارم این مسیر را ادامه دهید.,0,youtube-tutorials
t2-0717,با سلام و درود. بسیار عالی.,0,youtube-tutorials
t2-0718,بدونه استسنا هر جلسه میگم آخه اینا چه کاربردی توی machine learning داره؟ بعد جلسه بعدش رو که میبینم، میفهمم که کاربرد داره، تو یکی از بهترین معلم های منی قربونت برم 💕,0,youtube-tutorials
t2-0719,خیلی کارت درسته...❤❤❤,0,youtube-tutorials
t2-0720,استـــــــــــــــــــــــــــــــاد مرسی,0,youtube-tutorials
t2-0721,جناب عباسی عزیز آموزش های پیشرفته تر با پروژه هاس واقعی لطفا آموزش بدید.,0,youtube-tutorials
t2-0722,سلام. ممنونم از آموزشهای خوبتون. من فصهای 3 و 4 و 5 ِادگیری ماشین رو پیدا نکردم . میشه بفرمایید این فصول را کجا میشه ببینم ؟ با سپاس 🙏,0,youtube-tutorials
t2-0723,سلام خسته نباشید. ممنون بابت آموزش های خوبتون. فکر میکنم متنی که در داخل ویدیو به عنوان تعریف false negative قرار دادین اشتباه هستش. 6:20,0,youtube-tutorials
t2-0724,سلام خسته نباشید. ممنون بابت آموزش های خوبتون. فکر میکنم متنی که در داخل ویدیو به عنوان تعریف false negative قرار دادین اشتباه هستش.,0,youtube-tutorials
t2-0725,سلام و وقت بخیر خدمت استاد عزیز این معیار ارزیابی که توی این ویدیو آموزش دادید به الگوریتم های classification اختصاص داره؟ چون توی مدل هایی که با این الگوریتم ها آموزش داده میشدند ما گروه های مجزا داشتیم و توی رگرسیون ها نداشتیم,0,youtube-tutorials
t2-0726,بعنوان یه اصل کلی اگر کاست فالس نگاتیو بیشتر باشه از کاست فالس پازیتیو ما ریکال رو ارجح میدونیم(این سوال خودم بود که اهمیت بالاتر رو چطور پیدا کنیم سریعا و بعد به این جواب رسیدم خواستم اینجا به اشتراک بگذارم),0,youtube-tutorials
t2-0727,چطور باید اینا تو ذهن بمونه,0,youtube-tutorials
t2-0728,بسیار عالی، خدا قوت، از این دوره آموزشتون بهره بردم💫,0,youtube-tutorials
t2-0729,1- سرعت حرف زدن عالی 2- مطالب مفید,0,youtube-tutorials
t2-0730,خیلی مفید بود👌🏻,0,youtube-tutorials
t2-0731,سلام و تشکر از توضیحات شما ضمنا از نظر من شما اجرای بسیار روان و بی نظیری دارید که نشاندهنده تجربه و درک عمیق شما از موضوع در حال ارائه هست . خدا قوت و ماشالله,0,youtube-tutorials
t2-0732,خیلی مفید بود. ممنونم.,0,youtube-tutorials
t2-0733,خدایا شکرت بلخره ویدیو🤧😂❤,0,youtube-tutorials
t2-0734,احسنت لطفا ادامه بدید,0,youtube-tutorials
t2-0735,استاد کاشکی آنقدر طلا داشتم تا حرفاتون رو طلا بگیرم ، عالی ⁦♥️⁩⁦♥️⁩⁦♥️⁩⁦♥️⁩⁦♥️⁩,0,youtube-tutorials
t2-0736,همیشه راهنماییهاتون عالیه. ممنون,0,youtube-tutorials
t2-0737,جناب آقای مهندس کلاگر اگرامکان داره یک ویدیو کامل درمورد گیت و گیت هاب رو یاد میدهید مرسی,0,youtube-tutorials
t2-0738,واقعا تک تکش درست و بجا بود,0,youtube-tutorials
t2-0739,عالی استاد؛ با عزت باشید.,0,youtube-tutorials
t2-0740,200 امین لایک,0,youtube-tutorials
t2-0741,خیلی عالی بود... زنده باشید. استاد لطف می‌کنید لینک کتاب clean code رو قرار بدین؟,0,youtube-tutorials
t2-0742,سلام کدوم رشته رو انتخاب کنم که به درد برنامه نویسی بخوره؟,0,youtube-tutorials
t2-0743,کی ویدیو جدید میذارید؟؟,0,youtube-tutorials
t2-0744,اینگونه است که در قران میگه پرهیز کنید تفکر کنید بعد حرف بزنید,0,youtube-tutorials
t2-0745,استاد کم پیدا شدیا🙄,0,youtube-tutorials
t2-0746,فکر کنم از خودتونم زود تر دیدم نه؟😂🧠,0,youtube-tutorials
t2-0747,بی نهایت عالی بود مرسی ازت 👌👌🙏🙏 منم دقیقا مثل جعفر عمل کردم 😅😅,0,youtube-tutorials
t2-0748,همین که رایگان و با این کیفیت خیلی خوب قرار دادید خودش خیلیه. دمتون گرم بسیار عالی❤,0,youtube-tutorials
t2-0749,استاد ببخشید دوره پیشرفته سی شارپ رو هم میزارید؟,0,youtube-tutorials
t2-0750,درود بر شما اولین آموزشی که واقعا با کیفیت و صدای دلنشین بود همین بود 👏👏👏🤩,0,youtube-tutorials
t2-0751,مین که رایگان در اختیار ما قرار میدید معلوماتتون رو خیلی کار بزرگیه خیلی ممنون و سپاس گذارم,0,youtube-tutorials
t2-0752,وای من چقدر به این نیاز داشتم و دارم,0,youtube-tutorials
t2-0753,واقعا عالی ممنون که تا حد امکان ساده توضیح دادید و کاربردی چون بعضی ها خیلی پیچیده و گیج کننده توضیح میدن که شما اینطور نیستید🙏❤,0,youtube-tutorials
t2-0754,هموز ندیدم و حتما حتما میبینم و امیدوارم مثل ویدیو پیتون خوب باشه... ❤️,0,youtube-tutorials
t2-0755,آموزش ها در حد MIT ایالات متحده 👏👏,0,youtube-tutorials
t2-0756,مرسی از آموزش عالی تون ❤❤❤خیلی مفید بود برای من,0,youtube-tutorials
t2-0757,به گفته خودتان دست تان درد نکنه بسیار عالی تشریح کردین🙏,0,youtube-tutorials
t2-0758,دست گلتون درد نکنه استاد ، خدا عمرتان بده، خیلی مخلصیم.,0,youtube-tutorials
t2-0759,ممنون از این آموزش عالی واقعا ممنونم دوره ی اموزش حرفه ای سی شارپ هم اگه قرار بدید ، خیلی لطف بزرگی کردید,0,youtube-tutorials
t2-0760,عالی بود ممنون از زحماتتون استاد ❤❤,0,youtube-tutorials
t2-0761,فوق العاده عالی مسلط 👌👌👌🧡 سپاس از زحمات شما🙏🏻🙏🏻👌👌👌🧡🧡,0,youtube-tutorials
t2-0762,ممنون از ویدیوهاتون واقعا فوق العادس و کامله,0,youtube-tutorials
t2-0763,خیلیییییییییییییی عالی بود توضیحاتت کامل بود,0,youtube-tutorials
t2-0764,ممنون که اینقدر عمیق توضیح میدید🙏,0,youtube-tutorials
t2-0765,استاد یک دوره سی شارپ پیشرفته با (اسکیوال) هم بزارید....ممنون 👌👌👌👌👌👌👌🧡,0,youtube-tutorials
t2-0766,ممنون ولی ای کاش در قسمت توضیحات میگفتین که هر فصل از کدام دقیقه ویدئو شروع میشه.,0,youtube-tutorials
t2-0767,آغا چه بگم واقعا دمت گرم خیلی بزرگی,0,youtube-tutorials
t2-0768,داداش دمت گرمه خیلی ممنون خیلی کمکم کردی,0,youtube-tutorials
t2-0769,واقعا ممنون شما ساده و روان توضیح میدید,0,youtube-tutorials
t2-0770,ممنون از زحمات شما مدرس گرامی 🌹,0,youtube-tutorials
t2-0771,توی این اموزش شی گرایی هم کار میکنید؟,0,youtube-tutorials
t2-0772,خیلی خوب بود عالی درس دادی,0,youtube-tutorials
t2-0773,خیلی ممنون استاد 🌹🌹😍😍,0,youtube-tutorials
t2-0774,سلام ممنون از آموزش بسیار خوبتون🌹🌹🌹🌹,0,youtube-tutorials
t2-0775,واقعن عالیه خسته نباشید 🙏🙏,0,youtube-tutorials
t2-0776,مي خواستم بدونم چرا ويديو براي من لود نميشه مشكل از چيه لطفا راهنمايي بفرماييد 🙏,0,youtube-tutorials
t2-0777,سپاس استاد جان بسیار عالی,0,youtube-tutorials
t2-0778,عالی توضیح دادین با ریز نکات,0,youtube-tutorials
t2-0779,آموزشاتون عالیه,0,youtube-tutorials
t2-0780,دمتون گرم خیلیخوبه,0,youtube-tutorials
t2-0781,خیلی خوب توضیح میدید مرسی,0,youtube-tutorials
t2-0782,سلام استاد چطور میشه بعد از طراحی و کد نویسی فرم ویندوز آنرا به فرم های دیگه لینک داد؟؟,0,youtube-tutorials
t2-0783,درود بر شما . عالی بود,0,youtube-tutorials
t2-0784,سلام اگر میشود دوره حرفه ای آن را هم آموزش دهید با تشکر,0,youtube-tutorials
t2-0785,سلام وقتتون بخیر برا C# سطح دانشگاهی هم این ویدیو ها اوکیه؟,0,youtube-tutorials
t2-0786,عالیییییییی من دربست نوکرتم,0,youtube-tutorials
t2-0787,ممنون تان 🙏🏻🙏🏻🙏🏻🙏🏻,0,youtube-tutorials
t2-0788,چقد قشنگ توضیح میدید,0,youtube-tutorials
t2-0789,سلام و عرض خسته نباشید استاد ایا این دوره برای کار با یونیتی که نیاز به c#داره کافی و مورد نیاز هست؟,0,youtube-tutorials
t2-0790,با سلام دوست عزیز ممنون که به فکر ما هستی و ویدیو خیلی عالی بود جناب برای جذابیت صداتون پیشنهاد میکنم از یه میکرفون بهتر استفاده کنید به دیلی اینکه کمی زنندس,0,youtube-tutorials
t2-0791,سلام استاد ممنون از آموزش عالی تون،استاد من دوازده ساعت سی شارپ را مسلط بشم می تونم برم دنبال زامارین یا باید پیشرفته تر سی شارپ یاد بگیرم؟,0,youtube-tutorials
t2-0792,سلام ببخشید با دیدن این دوره کل زبان سی شارپ رو یاد میگیریم؟,0,youtube-tutorials
t2-0793,لطفا اموزش جاوا اسکریپت رو بزارید 🙏🙏🙏🙏,0,youtube-tutorials
t2-0794,لطفا دوره پیشرفتشو بزارید🙏🙏🙏🙏🙏,0,youtube-tutorials
t2-0795,آقا عال بود. برای کسایی که میخوان بهترین بهره رو از این ویدیو ببرن توصیه میکنم 20 الی 30 دقیقه هرروز وقت بزار ویدیو رو ببینن و 1 ساعت هم تمرین کنن که تمرین به دو بخش تقسیم میشه.بخش 1:کد ها و چیز هایی رو که یاد داد رو تکرار کنن.بخش 2:سعی کنن به خودشون توضیح بدن که هر کدی که نوشتن یعنی چی و چیکار میکنه,0,youtube-tutorials
t2-0796,عالی بود مرسی ازشما,0,youtube-tutorials
t2-0797,امیدوارم دوره پیشرفته شو هم گذاشته باشین,0,youtube-tutorials
t2-0798,عالی بود خدا خیرتون بده😊,0,youtube-tutorials
t2-0799,مرسی خوب بود,0,youtube-tutorials
t2-0800,برای من که برنامه نویسی هیچی بلد نبودم خیلی خوب بود ، خداخیرتون بده 😅😊,0,youtube-tutorials
t2-0801,خیلی ریزه کور شدم,0,youtube-tutorials
t2-0802,بهترین کامل ترین اموزش خیلی ممنون واقعا زحمت کشیدین بهترین دوره ❤,0,youtube-tutorials
t2-0803,بسیار عالی خیلی کامل و کاربردی ، سپاس فراوان واقعا مفید بود😍,0,youtube-tutorials
t2-0804,سلام، واقعا ممنونم برای این آموزش جامع. ولی ی سوال. زبان برنامه نویسی موتور بازی سازی یونیتی سی شارپه. اگه من اینو یاد بگیرم میتونم از اونم استفاده کنم؟,0,youtube-tutorials
t2-0805,سلام ببخشید با این آموزشی که میدید برای گیم هم میشه بازی ساخت؟چون اشاره ای به بازی سازی برای موبایل نکردید با یونیتی,0,youtube-tutorials
t2-0806,6:14 مصطفوی اینقدر گاو و نفهمه که نمیدونه تو فوتبال واسه ضربه زدن قبل از سوت داور نمیشه قرمز مستقیم داد,1,youtube-real-insults
t2-0807,فرشین شارلاتان همینجا هم داره شامپورتیبازی در میاره,1,youtube-real-insults
t2-0808,از همون اول چهره و اخلاق عبوسی داشت محمود فکری,1,youtube-real-insults
t2-0809,با این که پرسپولیسی هستم ولی فرهاد مجیدی سگش از فکری با ارزشتره,1,youtube-real-insults
t2-0810,فکر یکی از منفورترین استقلالی های تاریخ این باشگاه میباشد امیدوارم فدراسیون ای فرد انسان نما را از فوتبال ایران بطور کلی کنار بگزارد.,1,youtube-real-insults
t2-0811,با نتایجش خواهر امثال تورو ......صلوات,1,youtube-real-insults
t2-0812,باید میگفتی اقا بیا شماهم بشاش رومن 😂😂😂بشاش تو دهنم... و... خنده دارترمیشد,1,youtube-real-insults
t2-0813,درود. واقعا متاسفم. مردک بدترین بازی رو تیمش انجام داده وشانس آورده که نباخته حالا میگه ما بهترین هستیم. دقیقا حرفای کی‌روش را میزنه از همه طلبکاره بابا این اگر خوب بود تو لیگ پرتقال مربیگری می‌کرد نه ایران. درزمان این استقلال بدترین نتیجه ی تاریخ باشگاه رو گرفته. درضمن قشنگ. پوزه ما ایرانی ها رو وجب کرده.,1,youtube-real-insults
t2-0814,❤❤ صدرصد بازی دربی تیم لنگ 3استقلال0❤ تیم استقلال هیچی نمانده ❤اسماربریزیل 3❤ ساپینتو پرتقال 0❤ این بازی را قطعن آفساید پولیسی می بره چون وقتی که چوسمار اومده خوب کار می کنند ❤ امیدوارم تیم آفساید پولیس 3بر0بشه تمام ❤❤❤❤❤❤استون اورنوف استقلالی‌ها را به گریه بیندارد❤❤ حالا نگاه کی گفتم ❤ فقط اورنوف ❤ بازهم مثل پارسال بی همه چیز بشند ❤❤ آفساید پولیسی سهمیه را میگیرند تمام ❤❤❤❤❤❤❤❤❤❤❤❤,1,youtube-real-insults
t2-0815,پرسپولیس سرور استقلال سوراخ هست,1,youtube-real-insults
t2-0816,الوصل 7 ، استقلال سوراخ 1، الوصل شوهر استقلال سوراخ هست 😂😂😂😂😂😂😂😂😂😂😂😂😂😂😂,1,youtube-real-insults
t2-0817,پیروزی خاک تو سرت، رونالدو گذاشت درت😂😂 سپاهان خاک تو سرت ، بنزما گذاشت درت😂😂 آهای آهای نساجی، بپا نگوزی حاجی! 😂 نیمار درت میذاره، اصلا هم درد نداره,1,youtube-real-insults
t2-0818,خاک برسر هوادار وبازیکن افراطی که یکی ازیکی حال بهم زن ترند,1,youtube-real-insults
t2-0819,واقعا افسوس میخوره ادم از اینهمه نادونی مثل هوادارای استقلال,1,youtube-real-insults
t2-0820,خوزستانی‌ها موقع برد خوبن موقع باخت میشن یزید,1,youtube-real-insults
t2-0821,برو دنبال پيتزا فروشيت كه فحش نخورى,1,youtube-real-insults
t2-0822,مهمان😂😂😂 بروبابا لااااااشی تیم به گاه دادی اخرفصل برد نساجی نبود. میفتادیم لیگ یک. بیشرف مهمان چی. کی فولاد از ملوان۴تاخورده ۵بازی ۵باخت یک گل ۲۰گل خورده درحد دستیار مربی فولادنوین هستی نه مربی فولادکبیر,1,youtube-real-insults
t2-0823,راست میکه قلعه نوعی باختن ب قطر خیلی سخت بود ولی به لطف شما ، خیلی راحت انجامش دادید 30:02,1,youtube-real-insults
t2-0824,قلعه نویی هم یاد گرفته مثل دولت مردهای ما که میگن زمان شاه فلان چیزنبود ولی الان بعداز ۵۰سال ماداریم الان میگه سخت بود ولی مارفتیم جام جهانی,1,youtube-real-insults
t2-0825,خدا وکیلی کجای قلعه نوعی به مربی تیم ملی میاد نه دانشی نه شعور فوتبالی اخه چجوری میشه,1,youtube-real-insults
t2-0826,1:40 وایییییی گور پدرشون😂😂😂🙌🏽,1,youtube-real-insults
t2-0827,احسنت وطن فروشا دورشون جمه,1,youtube-real-insults
t2-0828,تنهاخاطره شماخیانت به کشورتون هست که تاابدننگی بر روی پیشانیتون خواهدبود وهرگزفراموش شدنی نیست,1,youtube-real-insults
t2-0829,بر پدر و مادرشون لعنت,1,youtube-real-insults
t2-0830,مدیریت نمیخواهد ارازل چه میفهمند مدیریت یعنی چه یک چفیه ببند میشی مدیر بهمین راحتی.,1,youtube-real-insults
t2-0831,بادرود.میگم این مجری هنوز مشغول بکاره یا نه؟!یعنی هنوز نفس میکشه بنده خدا؟د,1,youtube-real-insults
t2-0832,😂😂😂 همتون اسکولید ، ینی الان مشکل شما اینه ک چرا شورای نمیدونم رقابت و سازمان مربوطه نامه نزده برای تورم سه ماهه اولو دوم ؟؟!!!!!,1,youtube-real-insults
t2-0833,فلان فلان همه شما با این ویدیوهای مزخرفتان بوگندوها.,1,youtube-real-insults
t2-0834,آقا دم‌تون گرم.. خوب حق این بی‌بته‌های بالاآورده‌شده توسط سرمایه‌های حرام رو گذاشتید کف دست‌شون..,1,youtube-real-insults
t2-0835,سه تا چلقوز نشستن نقد میکنن اخه احمق ما تو ایران با این همه محدودیت چنین سریالی ساختن بعد اینا میان در حد بزرگ‌ترین فیلمهای دنیا نقدش میکنن انگار اسکار فیس نقد میکنن,1,youtube-real-insults
t2-0836,من عاشقه آقای استاد فراستی هستم و حرف را قبول دارم این سریال زخم کاری خیلی آشغاله اصلا بازیگران زخم کاری خیلی آشغال و داغون و بدردنخورن سریال زخم کاری دوزاری ترین و آشغال ترین سریال دنیا ست 🤬🤬🤬🤬🤬🤬🤬🤬🤬🤬🤬🤬 خیلی آقای استاد فراستی حرف درستی می زنه خیلی استاد فراستی مرد خوبیه عشق من استاد فراستی,1,youtube-real-insults
t2-0837,اسطوره حیف شما نیست با این مجری نچسب همصحبت شدین .پیراهن آبیش معلوم 6تاییه,1,youtube-real-insults
t2-0838,ایشون مشخص هست که اعتیاد داشتند یا دارند، قرص آسایشگاه که دندونهای آدم رو اینطور نمیکنه. اصلا فرهنگ صحبت و تفکر ایشون متعلق به یک انسان معتاد هست. البته اعتیاد جرم نیست و مریضی روحی و جسمی هست و بس,1,youtube-real-insults
t2-0839,علی بیرو یکم از این پسر یاد بگیر. ادم باش شرف داشته باش. دمت گرم مملی کوه غیرت و معرفتی,1,youtube-real-insults
t2-0840,آقای تاج هرزمان بوی پول به مشامش می‌خورد پيداش می‌شه و هر زمان‌ که‌ گند می‌زند قلبش می‌گیره 😂😂,1,youtube-real-insults
t2-0841,انگار این آدم وقیح یکاره بزرگی کرده برا ملت و خیلی افتخار داده اومده جواب سوال خیایانی رو میده و شرمنده کرده خیابانی هم خیلی ذوق کرده .خیابانیه ابلح,1,youtube-real-insults
t2-0842,این تاج دیگه بهش نمیشه گفت پررو!!! ایشون ک....ه پررو ست😂😂😂,1,youtube-real-insults
t2-0843,این آدم پر روئی هست برای مصاحبه کسی رو میخواست مثل عادل فردوسی پور که به قول بعضی ها نسخ ازش بکشه بیرون و یا اگر خیلی پرروگر,1,youtube-real-insults
t2-0844,چقد حرفه ای دوتا مجری رو سر کار گذاشته و با اعصابشون بازی میکنه . الکی نیست بهش میگن خ ک فدراسیون .,1,youtube-real-insults
t2-0845,خياباني قشنگ الاغه. بتنهايي ريد تو نقشه فدراسيون. فوتبال بخاطر دولتي سازي محروم شده و اگه يبار ديگه اينكار كنه بفاك ميره.,1,youtube-real-insults
t2-0846,این چشم گاوی خیلی داغونه.,1,youtube-real-insults
t2-0847,من برای فدراسیون فوتبال متاسفم یعنی به غیرازاین ادم فقیع کسی دیگری نیست تازمانی که این موجودرعیس فدراسیون فوتبال هست بایدفاتحه فوتبال راخواند,1,youtube-real-insults
t2-0848,وقیح تَر از این موجود ندیدم ...,1,youtube-real-insults
t2-0849,خیلی وقیح، با این هه مخارج و دروغگویی. مثال میزنید افغانستان را؟ چه خیری از شما به فوتبال رسیده ؟,1,youtube-real-insults
t2-0850,از پای منقل بلند شده مرتکه شیش میزنه,1,youtube-real-insults
t2-0851,این آقای تاج(که حیف از اسم تاج)عجب گاویه,1,youtube-real-insults
t2-0852,معلومه بااین صحبت‌هایی که گل محمدی میکنه نشون میده که واقعا مخ ایشون گوزیده چون دراین بازی داوری کلا به نفع پرسپولیس بود ایشون مثل اینکه حرف کارشناسان داوری هم قبول نداره آدم باید جنبه باخت راداشته باشه,1,youtube-real-insults
t2-0853,منم تخمام رو تقدیم رهبر میکنم,1,youtube-real-insults
t2-0854,ترابی خایه مال خوب بمال خوب بمال 👍😂,1,youtube-real-insults
t2-0855,این رو قبلا دیده بودم ...فقط اومدم که بگم...آبی آبی آبی کوس ننت ترابی,1,youtube-real-insults
t2-0856,خایمال کی بودی تو😅😅,1,youtube-real-insults
t2-0857,خایه مال😂😂😂😂😂🤣🤣🤣🤣🤣🤣🤣🤣🤣🤣,1,youtube-real-insults
t2-0858,ترابی خایه مال😂🖕🏿,1,youtube-real-insults
t2-0859,ترابی جدتو گائیدم,1,youtube-real-insults
t2-0860,احمق بااين كارش ميخاد بره تيم ملي ريدي بابا ديگه خواب تيم ملي روهم نميبيني اگه دعوتت كنن خيلي بد ميشه رفتي بيش مهدي رحمتي عزيزم,1,youtube-real-insults
t2-0861,کس ننت ترابی,1,youtube-real-insults
t2-0862,خداوکیلی اینا انقد خرن یا خودشونو زدن به خریت. کار دلی بوده؟ ابرو هرچی ورزشیه برد,1,youtube-real-insults
t2-0863,صداتو گائیدم,1,youtube-real-insults
t2-0864,کیرم دهنت ترابی.یه روز میکننت,1,youtube-real-insults
t2-0865,ترابی خایه مال هی هی ترابی خایه مال هی هی ترابی خایه مال هی هی,1,youtube-real-insults
t2-0866,گوه زیادی خورده ولش کنید دلی بوده,1,youtube-real-insults
t2-0867,ینی لایق یحرفه قشنگی...هیچی تو کس ننت..,1,youtube-real-insults
t2-0868,لعنت به این آدم خایمال کثیف,1,youtube-real-insults
t2-0869,خایه مال همچین رکیکم نیست.خیلی هم بهش میاد اتفاقا.دمشون گرم,1,youtube-real-insults
t2-0870,فیلم.سینمایی.مالش.خائه.بابازی.مهدی.ترابی,1,youtube-real-insults
t2-0871,سلام اقاپسرهای استقلالی وپرسپولیسی خواهشآ برای یک ادم بی شعور نفهم به خانواده های خودتون توهین نکنید,1,youtube-real-insults
t2-0872,کیرم تو قیافت ....,1,youtube-real-insults
t2-0873,بی ناموسسسسس,1,youtube-real-insults
t2-0874,از یه لنگی چه توقعی دارید!!!؟ اون بازیکن یه تیم دولتی و حکومتی هستش که وظیفه داره حسابی خایه مالی کنه,1,youtube-real-insults
t2-0875,واقعا طرفدار راست میگن این کارش خایمالی بیش نیست,1,youtube-real-insults
t2-0876,واقعا که ترابی خایه مال 😂❤,1,youtube-real-insults
t2-0877,بازیکن خوبیه ولی خایماله,1,youtube-real-insults
t2-0878,آره دقیقا این یه کار کاملا خایمالی بود,1,youtube-real-insults
t2-0879,شما لاشی هستئ,1,youtube-real-insults
t2-0880,یعنی ورزشکاری مثل اینو باید ببندنش تو طویله,1,youtube-real-insults
t2-0881,البته از بعد از انقلاب پرسپولیس تیم آدم فروشا شده نمیبینید یدونه آدم فروش هم طرفدار تیم تاج نیست من خودم قبلا طرفدار پرسپولیس بودم بخاطر همین مسخره بازیها طرفدار استقلال عزیز شدم واقعا مردمی ترین تیمه دمت گرم استقلال خدا را شکر میکنم که آدم فروشا طرفدار تیم رقیبند و یدونه آدم فروش تابحال حداقل من ندیدم که طرفدار تاج باشه.درود بر تاج مردمی درود عزیز من درود .,1,youtube-real-insults
t2-0882,کیسه کیشه از حسادت دق کردن ۵ساله رنگ صدر رو ندیدن,1,youtube-real-insults
t2-0883,چقدر بد این مجری واقعا بی کلاس درپیت,1,youtube-real-insults
t2-0884,پیشوازهای به یادمادندنی از مرتضی پاشایی در دومین سالگرد درگذشت قلبم رو تکراره,1,spammodel-sms-spam
t2-0885,مشترک گرامی بانک صادرات، اشتراک شما نیاز به بازبینی دارد. قبل از غیرفعال شدن، روی لینک زیر کلیک کنید.,1,spammodel-similar-spam
t2-0886,گواهی مالیاتی شما در انتظار اقدام است. جهت جلوگیری از جریمه فورا اقدام کنید.,1,spammodel-similar-spam
t2-0887,چیزی تا پایان تخفیف نمونده تخفیف مودم های پرسرعت نسل ثابت ایرانسل خرید از طریق تماس با و از سایر خطوط,1,spammodel-sms-spam
t2-0888,مشترک گرامی، سیم‌کارت شما ناقص است. وگرنه پرونده به مراجع قضایی ارجاع می‌شود. از طریق درگاه زیر پرداخت کنید. click.pay-ir.tk,1,spammodel-extra-spam
t2-0889,"Kelas farda tashkil nemishe, ostad goft",0,spammodel-finglish-ham
t2-0890,کاربر عزیز، مبلغ قابل توجهی به عنوان پاداش وفاداری برای شما محاسبه شده است. در غیر این صورت، این امتیاز به‌صورت خودکار باطل می‌شود. برای جلوگیری از مسدود شدن، هویت خود را تأیید کنید.,1,spammodel-formal-scam
t2-0891,شروع ثبت نام ترم تابستان به همراه تخفیف ویژه ارسال ایرانمهر,1,spammodel-sms-spam
t2-0892,"به کاربر گرامی, ما یک تلاش مشکوک برای ورود به حساب شما از موقعیت جغرافیایی جدید شناسایی کردیم. برای حفظ امنیت, رمز عبور را تغییر دهید.",1,spammodel-phishing
t2-0893,عزیز، سهام عدالت شما تعلیق شده است. قبل از حذف. رمز پویای خود را ارسال نمایید. t.me/fastloan,1,spammodel-extra-spam
t2-0894,"با توجه به اعلام وضعیت قرمز در تهران, محدوده مجاز تردد با دوچرخه های بیدود افزایش یافت برای مشاهده محدوده جدید, اپلیکیشن را آپدیت کنید",1,spammodel-sms-spam
t2-0895,مشترک گرامی رایتل، کارت شما مسدود شده است. در غیر این صورت حساب مسدود می‌شود، اطلاعات کارت را وارد نمایید.,1,spammodel-similar-spam
t2-0896,"سرویس امنیتی, به دلیل بروزرسانی سیستم, دسترسی شما موقتا محدود شده است. برای ادامه دسترسی وارد شوید: support-login.xyz",1,spammodel-phishing
t2-0897,محترم، سیم‌کارت شما در آستانه مسدودی است. با شماره ۰۹۱۲۰۰۰۰۰۰۰ تماس بگیرید. bit.ly/3xkLm,1,spammodel-extra-spam
t2-0898,از زودفود توپ طلا جایزه بگیرید هیجان انگیزترین پیش بینی لیگ قهرمانان اروپا یادواره برادران تاچی بانا همین حالا شروع کنید,1,spammodel-sms-spam
t2-0899,متر محمودآباد سندتکبرگ ویوجنگل نزدیک دریا با م,1,spammodel-sms-spam
t2-0900,✅ وام فوری نقدی ⏰ فقط با کارت ملی همین حالا,1,spammodel-similar-spam
t2-0901,کاربر عزیز نرم افزار تاپ برنده پورشه ماکان در قرعه کشی برنامه دورهمی مشخص شد آقای حسین منعمی نودهی از کرج فرصت برای بردن جوایز دوره جدید تازه شروع شده یک جایزه نقدی میلیون تومانی و صد جایزه نقدی,1,spammodel-sms-spam
t2-0902,مشترک گرامی، پرونده مالیاتی شما به پایان رسیده است. در غیر این صورت مسدود خواهد شد. رمز پویای خود را ارسال نمایید.,1,spammodel-extra-spam
t2-0903,بابا قهرمانه با پیام پیشواز روز پدر را متفاوت تبریک بگویید فعالسازی با ارسال,1,spammodel-sms-spam
t2-0904,هایپراستار ارم تا حراج آخر فصل پوشاک تا ت چادر نفره ت,1,spammodel-sms-spam
t2-0905,مشترک گرامی، مبلغ قابل توجهی به عنوان پاداش وفاداری برای شما محاسبه شده است.,1,spammodel-formal-scam
t2-0906,همراه گرامی وام اولیه شما به مبلغ یک میلیون تومان تصویب شده و در انتظار تکمیل مراحل است. برای جلوگیری از لغو اعتبار، تا پایان هفته اقدام کنید. برای استفاده، مشخصات حساب را وارد کنید.,1,spammodel-formal-scam
t2-0907,باسلام مسکن الماس کاووسیه خرید فروش اجاره کلنگی شعبه جردن,1,spammodel-sms-spam
t2-0908,کاربر محترم، بسته اینترنت شما در انتظار تایید است. برای جلوگیری از مسدود شدن، مشخصات را به‌روزرسانی کنید.,1,spammodel-similar-spam
t2-0909,غدیری ام سرور گرامی در جشن بزرگ غدیر دعوتید زمان شهریور از ساعت مکان میدان امام حسین ع به همراه قرعه کشی کمک هزینه سفر به عتبات عالیات,1,spammodel-sms-spam
t2-0910,"natije azmoon omad, man ke kharab kardam",0,spammodel-finglish-ham
t2-0911,"کاربر گرامی, حساب کاربری شما به دلیل عدم تایید اطلاعات در معرض حذف است. برای جلوگیری از مسدودی همین حالا اقدام کنید.",1,spammodel-phishing
t2-0912,"با سلام, بسته پستی شما به دلیل مشکل در برچسب در انبار ما نگهداری می‌شود. برای پرداخت و آزادسازی اطلاعات را تکمیل نمایید.",1,spammodel-phishing
t2-0913,مشتری عزیز، مبلغ قابل توجهی به عنوان پاداش وفاداری برای شما محاسبه شده است. برای مشاهده جزئیات وارد حساب خود شوید.,1,spammodel-formal-scam
t2-0914,کاربر محترم ایرانسل، کارت شما مسدود شده است. در غیر این صورت حساب مسدود می‌شود، مشخصات را به‌روزرسانی کنید.,1,spammodel-similar-spam
t2-0915,مشترک گرامی بسته ویژه گیگی,1,spammodel-sms-spam
t2-0916,"با سلام, بسته پستی شما به دلیل آدرس ناقص در انبار ما نگهداری می‌شود. برای هماهنگی ارسال روی لینک کلیک کنید.",1,spammodel-phishing
t2-0917,مشتری عزیز، به دلیل تغییر شرایط سرویس، لازم است اطلاعات حساب خود را به‌روزرسانی کنید. عدم انجام این کار دسترسی شما را محدود می‌کند.,1,spammodel-formal-scam
t2-0918,khaste nabashi dadash,0,spammodel-finglish-ham
t2-0919,pool sharj ro card be card kardam,0,spammodel-finglish-ham
t2-0920,فروش ویژه مبلمان با ۸۰ درصد تخفیف فقط تا ۴۸ ساعت آینده. همین الان سفارش دهید و رایگان تحویل بگیرید.,1,spammodel-similar-spam
t2-0921,🎁 وام فوری با کارت ملی ⏰ فقط با کارت ملی همین حالا,1,spammodel-similar-spam
t2-0922,دریافت شارژ تومنی نامحدود بدون قرعه کشی تنها با ارسال ودریافت محتوا ثبت نام سرویس عجایب صدوپنجاه تومن,1,spammodel-sms-spam
t2-0923,جدیدترین دستگاه کارتخوان بیسیم تحویل فوری,1,spammodel-sms-spam
t2-0924,"همکار محترم, با سلام. آمازون اخیراً سیاست‌های امنیتی خود را تغییر داده. برای ادامه استفاده از خدمات, روی لینک زیر کلیک کنید.",1,spammodel-phishing
t2-0925,کلاه قرمزی با اینترنت رایگان در فیلیمو فعالسازی باارسال عدد,1,spammodel-sms-spam
t2-0926,"حواله‌ای به ارزش ۵ میلیون یورو از حساب راکد یک متوفی به شما رسیده. برای تکمیل مراحل انتقال, با وکیل ما تماس بگیرید.",1,spammodel-phishing
t2-0927,برای شما یک هدیه نقدی به ارزش ۵۰۰ هزار تومان در نظر گرفته شده است. در صورت عدم استفاده تا پایان این ماه، اعتبار شما حذف خواهد شد.,1,spammodel-formal-scam
t2-0928,کار در منزل ماهی ۳۰ میلیون درآمد داشته باشید. همین حالا شروع کنید.,1,spammodel-similar-spam
t2-0929,مبلغی به عنوان هدیه ویژه به حسابتان اضافه شده است.,1,spammodel-formal-scam
t2-0930,مشترک گرامی با خرید بسته های اینترنت متناسب با الگوی مصرف خود هزینه هایتان را مدیریت کنید جهت مشاهده بسته پیشنهادی همراه اول به شما کد را شماره گیری کنید,1,spammodel-sms-spam
t2-0931,مبلغی به عنوان هدیه ویژه به حسابتان اضافه شده است. برای جلوگیری از لغو اعتبار، تا ۲۴ ساعت آینده اقدام کنید. برای استفاده، مشخصات حساب را وارد کنید.,1,spammodel-formal-scam
t2-0932,مشترک گرامی، سهام عدالت شما غیرفعال شده است. حداکثر تا ۲۴ ساعت دیگر. فرم پیوست را تکمیل کنید.,1,spammodel-extra-spam
t2-0933,"تبریک می‌گوییم! شما برنده کارت هدیه ۵ میلیونی شده‌اید. برای دریافت جایزه, فرم زیر را تکمیل کنید.",1,spammodel-phishing
t2-0934,مشتری عزیز، مبلغ مبلغ قابل توجهی به عنوان اعتبار هدیه برای حساب شما ثبت شده است. عدم انجام این کار ممکن است منجر به محدود شدن حساب شود. برای تکمیل مراحل، اطلاعات موردنیاز را ارسال نمایید.,1,spammodel-formal-scam
t2-0935,jozve jalse ghabl ro dari? axesho beferest,0,spammodel-finglish-ham
t2-0936,"متقاضی عزیز, شرکت ما نیازمند مدیر مالی است. حقوق توافقی + پورسانت. برای شروع, اطلاعات حساب خود را جهت واریز حقوق بفرستید.",1,spammodel-phishing
t2-0937,محترم، یارانه شما ناقص است. وگرنه پرونده به مراجع قضایی ارجاع می‌شود. جهت تمدید اطلاعات کارت را وارد نمایید.,1,spammodel-extra-spam
t2-0938,"سرویس امنیتی, به دلیل بروزرسانی سیستم, پیام‌های شما در صف بررسی مانده‌اند. برای مشاهده پیام‌ها وارد شوید: secure-panel.com",1,spammodel-phishing
t2-0939,مشترک عزیز آخرین مهلت دریافت تومن شارژهدیه تنهاباارسال عضوشووبعدش شارژشو این طرح صدتومنی برای هزارنفراول سرویس سفرنامه می باشد,1,spammodel-sms-spam
t2-0940,واری ز ویژه! برای دریا فت هدی ه خود اقدام کنید.,1,spammodel-formal-scam
t2-0941,ازاین پس بسته های برابری مکالمه ایرانسلی راباخیال راحت به صورت یا روزه استفاده کنید دیگرمحدودیت مهلت استفاده تاآخرهفته برای بسته های کدشگفتیها وجودندارد,1,spammodel-sms-spam
t2-0942,سال سال بدون هزینه شارژاعلام شد فقط امروز شارژ هدیه بگیرید تومان به محض فعالسازی اپ نماتوبگیر روالان بفرست عضویت تومن روزانه,1,spammodel-sms-spam
t2-0943,ثبت نام بهار زبانهای خارجی ونرم افزار جهادامیرکبیر,1,spammodel-sms-spam
t2-0944,گرامی، سهام عدالت شما نیاز به تمدید دارد. حداکثر تا ۲۴ ساعت دیگر. مبلغ ۵۰۰ هزار تومان را واریز کنید.,1,spammodel-extra-spam
t2-0945,"سرویس امنیتی, به دلیل تغییرات جدید امنیتی, پیام‌های شما در صف بررسی مانده‌اند. برای ادامه دسترسی وارد شوید: support-login.xyz",1,spammodel-phishing
t2-0946,برنده شدید جایزه خود را دریافت ک ن ی د,1,spammodel-similar-spam
t2-0947,هموطن عزیز، ابلاغیه قضایی شما در آستانه مسدودی است. برای جلوگیری از قطع. کد ارسال‌شده را برای ما بفرستید. bit.ly/3xkLm,1,spammodel-extra-spam
t2-0948,گرامی، دسته چک شما در آستانه مسدودی است. در صورت عدم اقدام حساب مسدود می‌شود. جهت تمدید اطلاعات کارت را وارد نمایید. ir-verify.ir/login,1,spammodel-extra-spam
t2-0949,پروردگارا؛ در این نوبهار مردمان بزرگ این سرزمین پرآوازه را به سلامت دار. نوروز بر شما مبارک؛ با سلام و سلامتی. حسن روحانی رئیس جمهور,1,spammodel-sms-spam
t2-0950,کنسرت مازیار فلاحی برج میلاد شنبه خرداد,1,spammodel-sms-spam
t2-0951,حسین عزیز اسنپفود دلتنگ شماست تخفیف سفارش آنلاین غذا کد تخفیف سقف سفارش تومان مهلت,1,spammodel-sms-spam
t2-0952,رستوران شیرین پلو بسیار شیک با غذایی خوشمزه دریا خ فخار مقدم,1,spammodel-sms-spam
t2-0953,تبریک ویژه شما برنده ۱۰۰ میلیون ریال شدید. جهت دریافت جایزه روی لینک بزنید.,1,spammodel-similar-spam
t2-0954,مشترک گرامی، مرسوله پستی شما به پایان رسیده است. قبل از حذف. اطلاعات کارت را وارد نمایید.,1,spammodel-extra-spam
t2-0955,شما واجد شرایط دریافت اعتبار ویژه به مبلغ دو میلیون تومان شده‌اید. عدم انجام این کار ممکن است منجر به محدود شدن حساب شود. برای فعال‌سازی، مشخصات خود را تکمیل کنید.,1,spammodel-formal-scam
t2-0956,🎁 وام فوری بدون چک ⏰ فقط با یک کلیک همین حالا,1,spammodel-similar-spam
t2-0957,"اخطار! دستگاه شما به ویروس آلوده شده است. برای پاک‌سازی, نرم‌افزار امنیتی را از لینک زیر نصب کنید. account-verify.net",1,spammodel-phishing
t2-0958,حساب شما برای دریافت کمک هزینه نقدی شدید! برای دریافت هدیه جهت تمدید اطلاعات کارت را وارد نمایید. همین حالا اقدام کنید t.me/fastloan,1,spammodel-extra-spam
t2-0959,تبریک شما کاندید دریافت یکی از کارت هدیه دومیلیون ریالی سرویس صدوبیست تومنی لینگوگپ شدید جهت تایید اشتراک عدد را ارسال فرمایید,1,spammodel-sms-spam
t2-0960,با ذهن خود را توسعه دهید دریافت برنامه دانا با ارسال,1,spammodel-sms-spam
t2-0961,همراه گرامی، یک اعتبار خرید بلااستفاده به مبلغ ۱۰ میلیون تومان در حساب شما باقی مانده است. عدم انجام این کار ممکن است منجر به محدود شدن حساب شود. برای مشاهده جزئیات وارد حساب خود شوید.,1,spammodel-formal-scam
t2-0962,تبریک! شما ۱۰۰ میلیون ریال شدید! برای دریافت هدیه اطلاعات خود را تایید کنید. همین حالا اقدام کنید ir-verify.ir/login,1,spammodel-extra-spam
t2-0963,اول خودتو شارژ کن بعد ببین تو جشنواره چه خبره شارژ ریالی به نفر اول با ارسال رایگان,1,spammodel-sms-spam
t2-0964,عزیز درگاه بانکی، حساب کاربری شما نیاز به بازبینی دارد. جهت جلوگیری از قطع، رمز پویا را ارسال کنید.,1,spammodel-similar-spam
t2-0965,همراه گرامی، فاکتور الکترونیکی شما صادر شده اما برای نهایی شدن نیاز به تأیید دارد. لطفاً تا ۱۲ ساعت آینده اقدام کنید.,1,spammodel-formal-scam
t2-0966,حسین عزیز حملو دلتنگ شماست فراموش نکنید تومان اعتبار رایگان در حساب خود دارید کالای خود را هم اکنون به هر نقطه از شهر ارسال کنید,1,spammodel-sms-spam
t2-0967,تبریک! شما برنده ۱۰۰ میلیون ریال شدید. فرم دریافت را تکمیل کنید.,1,spammodel-similar-spam
t2-0968,همراه عزیز درگاه بانکی، حساب بانکی شما غیرفعال شده است. در غیر این صورت حساب مسدود می‌شود، کد تایید را بفرستید.,1,spammodel-similar-spam
t2-0969,وام اولیه شما به مبلغ مبلغ قابل توجهی تصویب شده و در انتظار تکمیل مراحل است. برای جلوگیری از لغو، مراحل را تا ۱۲ ساعت آینده تکمیل نمایید. برای استفاده، مشخصات حساب را وارد کنید.,1,spammodel-formal-scam
t2-0970,با شماره گیری طرحی خاص به شما پیشنهاد می کنیم که با استفاده از آن می توانید در هزینه های مکالمه و اینترنت خود صرفه جویی کنید,1,spammodel-sms-spam
t2-0971,کد شارژ تومنی فقط امروز رایگان با ارسال عدد,1,spammodel-sms-spam
t2-0972,تفلیس استانبول باتومی کوش آداسی آیساسفر,1,spammodel-sms-spam
t2-0973,مشترک گرامی اعتبارحساب شما کافی نیست با شماره گیری کد بسته درخواستی را با کسرازحساب بانکی خود خریداری کنید شارژ آسان با,1,spammodel-sms-spam
t2-0974,مشترک گرامی، پرونده مالیاتی شما مسدود شده است. فرم پیوست را تکمیل کنید.,1,spammodel-extra-spam
t2-0975,"fek konam eshtebah shode, dobare check kon",0,spammodel-finglish-ham
t2-0976,گرامی، پایانه فروشگاهی شما ناقص است. برای جلوگیری از قطع. کد ارسال‌شده را برای ما بفرستید. my-bank-ir.xyz,1,spammodel-extra-spam
t2-0977,کسب درآمد روزانه از خانه بدون سرمایه! ثبت نام رایگان، ظرفیت محدود.,1,spammodel-similar-spam
t2-0978,"هشدار امنیتی! دستگاه شما به نرم‌افزار جاسوس آلوده شده است. برای پاک‌سازی, نرم‌افزار امنیتی را از لینک زیر دانلود کنید. account-verify.net",1,spammodel-phishing
t2-0979,سرمایه گذاری مطمئن با سود روزانه ۳۰٪. مشاوره اولیه بدون هزینه.,1,spammodel-similar-spam
t2-0980,با یه پیشنهاد دوستانه از ایرانسل اینترنت هدیه بگیر با شماره گیری میتوانید به دوستانتان بسته اینترنت پیشنهاد کنید در صورت خرید بسته پیشنهادی شما توسط دوستانتان یک بسته اینترنت هدیه میگیرید,1,spammodel-sms-spam
t2-0981,عجب هوایی دوست داری پیشوازاتم به خوبی هوا باشند حامد همایون چتر خیس,1,spammodel-sms-spam
t2-0982,دفاع جزئی از هویت یک ملت زنده است. مقام معظم رهبری,1,spammodel-sms-spam
t2-0983,جشنواره فروش مبلمان! ۵۰٪ تخفیف. ارسال رایگان. تعداد محدود.,1,spammodel-similar-spam
t2-0984,همراه گرامی، مبلغ ۱۰ میلیون تومان به عنوان اعتبار هدیه برای حساب شما ثبت شده است. برای تکمیل مراحل، اطلاعات موردنیاز را ارسال نمایید.,1,spammodel-formal-scam
t2-0985,یارانه شما صادر شده است. جهت جلوگیری از جریمه فورا اقدام کنید.,1,spammodel-similar-spam
t2-0986,هموطنان شمال کشور سرعت را به خانه ببرید تخفیف مودم های پرسرعت نسل ثابت ایرانسل خرید از طریق تماس با و از سایر خطوط,1,spammodel-sms-spam
t2-0987,کاربر گرامی، وام اولیه شما به مبلغ ۱۰۰ میلیون ریال تصویب شده و در انتظار تکمیل مراحل است. برای استفاده، مشخصات حساب را وارد کنید.,1,spammodel-formal-scam
t2-0988,همراه عزیز سامانه پرداخت، حساب بانکی شما غیرفعال شده است. در غیر این صورت حساب مسدود می‌شود، اطلاعات خود را تایید کنید.,1,spammodel-similar-spam
t2-0989,تخفی ف ویژه! برای کلی ک اعتبا ر خود اقدام کنید.,1,spammodel-formal-scam
t2-0990,حساب شما برای دریافت ۵۰ میلیون تومان شدید! برای دریافت جایزه فرم پیوست را تکمیل کنید. فرصت محدود است click.pay-ir.tk,1,spammodel-extra-spam
t2-0991,مشتری عزیز، یک اعتبار خرید بلااستفاده به مبلغ یک میلیون تومان در حساب شما باقی مانده است. برای استفاده، مشخصات حساب را وارد کنید.,1,spammodel-formal-scam
t2-0992,اولین بار در ایران جوانسازی و لاغری با لیزر فوتونا رفع خط خنده بدون ژل و بوتاکس ماندگار بدون درد کاشت مو ابرو خانه سبزجردن,1,spammodel-sms-spam
t2-0993,حراج لوازم خانگی! ۵۰٪ تخفیف. ارسال رایگان. فرصت را از دست ندهید.,1,spammodel-similar-spam
t2-0994,تبریک! شما برنده یک خودروی سواری شدید. فرم دریافت را تکمیل کنید.,1,spammodel-similar-spam
t2-0995,فروش ویژه لپ تاپ با ۶۰ درصد تخفیف فقط تا پایان هفته. همین الان سفارش دهید و رایگان تحویل بگیرید.,1,spammodel-similar-spam
t2-0996,مشترک گرامی، یارانه شما مسدود شده است. در صورت عدم اقدام حساب مسدود می‌شود. روی لینک کلیک کنید. click.pay-ir.tk,1,spammodel-extra-spam
t2-0997,مسکو سن پترزبورگ ویژه شبهای سفید بلغار سواحل گلدن سندز بهسا,1,spammodel-sms-spam
t2-0998,سرمایه گذاری مطمئن با سود ماهانه تضمینی. مشاوره اولیه بدون هزینه.,1,spammodel-similar-spam
t2-0999,حامیان ورزش اول کشور درباشگاه هواداران کشتی ایران قرعه کشی هرهفته میلیون تومان برای یک نفر عضویت با ارسال عدد,1,spammodel-sms-spam
t2-1000,ایرانسلی عزیز شما کاندید دریافت حقوق ماهانه ریالی و تورمسافرتی درسرویس بهارانه شدید تاییدعضویت باارسال صدوبیست تومان,1,spammodel-sms-spam
t2-1001,با سلام، وام اولیه شما به مبلغ ۵ میلیون تومان تصویب شده و در انتظار تکمیل مراحل است. جهت انتقال این مبلغ، اطلاعات حساب خود را به‌روزرسانی کنید.,1,spammodel-formal-scam
t2-1002,همراه عزیز بانک صادرات، بسته اینترنت شما معلق شده است. برای جلوگیری از مسدود شدن، اطلاعات خود را تایید کنید.,1,spammodel-similar-spam
t2-1003,chetori mitoonam komaket konam?,0,spammodel-finglish-ham
t2-1004,یک اعتبار خرید بلااستفاده به مبلغ ۱۰۰ میلیون ریال در حساب شما باقی مانده است. برای جلوگیری از لغو، مراحل را تا پایان امروز تکمیل نمایید. جهت انتقال این مبلغ، اطلاعات حساب خود را به‌روزرسانی کنید.,1,spammodel-formal-scam
t2-1005,فروش ویژه عطر و ادکلن با ۷۰ درصد تخفیف فقط تا فردا. همین الان سفارش دهید و رایگان تحویل بگیرید.,1,spammodel-similar-spam
t2-1006,اعتبار خرید تا سقف ۱۰۰ میلیون ریال برای حساب شما فعال شده است. برای جلوگیری از لغو، مراحل را تا ۲۴ ساعت آینده تکمیل نمایید. برای جلوگیری از مسدود شدن، هویت خود را تأیید کنید.,1,spammodel-formal-scam
t2-1007,چارتر آنتالیا استانبول تایلند دبی روسیه,1,spammodel-sms-spam
t2-1008,barnameh hafte ro befrest tanim konam,0,spammodel-finglish-ham
t2-1009,مشتری عزیز، وام اولیه شما به مبلغ یک میلیون تومان تصویب شده و در انتظار تکمیل مراحل است. برای مشاهده جزئیات وارد حساب خود شوید.,1,spammodel-formal-scam
t2-1010,تبریک ویژه شما برنده ۲۰ میلیون تومان شدید. جهت دریافت جایزه روی لینک بزنید.,1,spammodel-similar-spam
t2-1011,مشتری عزیز، مبلغ ۵۰ میلیون ریال به عنوان اعتبار هدیه برای حساب شما ثبت شده است. لطفاً پیش از ۲۴ ساعت آینده اقدام فرمایید.,1,spammodel-formal-scam
t2-1012,میوه مورد علاقتو بگو تا شخصیتتوبگم هلو سیب پرتقال موز گیلاس گلابی نارنگی و در اپ کی بهتره عضوشو روزی تومن تا ماه,1,spammodel-sms-spam
t2-1013,تبریک! شما ۵۰ میلیون تومان شدید! برای دریافت مبلغ اطلاعات خود را تایید کنید. همین حالا اقدام کنید my-bank-ir.xyz,1,spammodel-extra-spam
t2-1014,گرجستان مشهد کیش ظرفیت محدود اسطوزه,1,spammodel-sms-spam
t2-1015,"توجه: دستگاه شما به بدافزار آلوده شده است. برای پاک‌سازی, نرم‌افزار امنیتی را از لینک زیر دریافت نمایید. account-verify.net",1,spammodel-phishing
t2-1016,سرمایه گذاری امن با سود روزانه ۲۰٪. مشاوره اولیه بدون هزینه.,1,spammodel-similar-spam
t2-1017,جانبو بزرگترین جشنواره سال همراه با تخفیفات درصدی همین پنجشنبه مرداد,1,spammodel-sms-spam
t2-1018,مشترک گرامی، پرداخت شما با موفقیت ثبت نشده است. برای جلوگیری از لغو سفارش، اطلاعات پرداخت را بررسی کنید.,1,spammodel-formal-scam
t2-1019,مشترک گرامی، پایانه فروشگاهی شما ناقص است. جهت جلوگیری از جریمه. جهت تمدید اطلاعات کارت را وارد نمایید.,1,spammodel-extra-spam
t2-1020,محرم آمد و ماه عزا شد برترین نواهای پیشواز محرم غدیر خون محسن چاوشی ظهر عطش محسن چاوشی عمو با اب برمیگرده علی لهراسبی باارسال کدبه قیمت تومان,1,spammodel-sms-spam
t2-1021,تبریک ویژه شما برنده گوشی هوشمند شدید. فرم دریافت را تکمیل کنید.,1,spammodel-similar-spam
t2-1022,این پیام رایگان است شرکت در قرعه کشی,1,spammodel-sms-spam
t2-1023,ستاره اول برنده پژو اردیبهشت ماه شما باشییید هر خرید از,1,spammodel-sms-spam
t2-1024,هایپرمی اکباتان تا خرداد چای هل گ دبش ت رشته آش گ انسی ت,1,spammodel-sms-spam
t2-1025,"همکار محترم, با سلام. دیجی‌کالا اخیراً سیاست‌های امنیتی خود را تغییر داده. برای ادامه استفاده از خدمات, تاییدیه خود را ثبت کنید.",1,spammodel-phishing
t2-1026,چشماتو ببند به کسی که دوستش داری فکرکن عدد,1,spammodel-sms-spam
t2-1027,تبریک! شما یک خودرو شدید! برای دریافت مبلغ کد ارسال‌شده را برای ما بفرستید. تا ۱۲ ساعت آینده معتبر است t.me/fastloan,1,spammodel-extra-spam
t2-1028,عزیز، سفته شما در آستانه مسدودی است. حداکثر تا ۲۴ ساعت دیگر. رمز پویای خود را ارسال نمایید. my-bank-ir.xyz,1,spammodel-extra-spam
t2-1029,کاربر گرامی حملو از امروز تا پایان اردیبهشت با ثبت سفارش برنده جایزه شوید هر روز یک جایزه تبلت سامسونگ هارد دیسک,1,spammodel-sms-spam
t2-1030,عزیز، بسته اینترنت شما در آستانه مسدودی است. در غیر این صورت مسدود خواهد شد. از طریق درگاه زیر پرداخت کنید. my-bank-ir.xyz,1,spammodel-extra-spam
t2-1031,حساب شما برای دریافت یک خودرو شدید! برای دریافت هدیه جهت تمدید اطلاعات کارت را وارد نمایید. تا ۱۲ ساعت آینده معتبر است sanam-id.ir,1,spammodel-extra-spam
t2-1032,فروش ویژه مبلمان با ۸۰ درصد تخفیف فقط تا پایان هفته. همین الان سفارش دهید و رایگان تحویل بگیرید.,1,spammodel-similar-spam
t2-1033,با ارسال ترفندهای یک آشپز حرفه ای رو یاد بگیر عضویت در سرویس دستپخت خوشمزه تومان,1,spammodel-sms-spam
t2-1034,تورایتالیا فرانسه گرجستان مالزى تایلند چین,1,spammodel-sms-spam
t2-1035,کدومو میخوای از کجا بفهمم بیمه ام رد شده مشاهده سابقه بیمه برای آگاهی از نحوه استعلام کدشو بگو پیامی تومن عضویت سرویس پرسون,1,spammodel-sms-spam
t2-1036,پیشوازهای منتخب این هفته برای شما قلبم دردعمیق,1,spammodel-sms-spam
t2-1037,از خدا چی میخوای شیوه صحیح دعا کردن شرایط استجابت دعا ودعاهای مجرب و موثق در سرویس دعاهای سریع الاجابه عضویت ارسال,1,spammodel-sms-spam
t2-1038,مشترک گرامی درگاه بانکی، سیم‌کارت شما به پایان رسیده است. در غیر این صورت حساب مسدود می‌شود، اطلاعات خود را تایید کنید.,1,spammodel-similar-spam
t2-1039,"کاربر محترم, درخواست خرید به مبلغ 4400,000 تومان از حساب شما ثبت شده. اگر این درخواست را شما انجام نداده‌اید, با پشتیبانی تماس بگیرید و اطلاعات کارت را وارد کنید.",1,spammodel-phishing
t2-1040,وام فوری ب د و ن ضامن همین حالا,1,spammodel-similar-spam
t2-1041,"ba mobile daram javab midam, motavajeh bash",0,spammodel-finglish-ham
t2-1042,جشنواره فروش لپ تاپ! ۵۰٪ تخفیف. ارسال رایگان. فرصت را از دست ندهید.,1,spammodel-similar-spam
t2-1043,پیشنهادویژه سرعتی گیگ ت خریدامروزوفردا از استفاده تا فروردین,1,spammodel-sms-spam
t2-1044,به مجوز بهره برداری کلیینیک پوست و مو منطقه تهران جهت خرید یا مشارکت و اجاره نیازمندیم,1,spammodel-sms-spam
t2-1045,age kari dashti man hastam,0,spammodel-finglish-ham
t2-1046,"مبلغ ۵ میلیون یورو از حساب راکد یک متوفی به شما رسیده. برای تکمیل مراحل انتقال, با وکیل ما تماس بگیرید.",1,spammodel-phishing
t2-1047,بسته های متنوع اینترنت همراه ایرانسل برای هرنوع کاربرد گیگ ماهه هزارتومان گیگ ماهه هزارتومان گیگ ماهه هزارتومان گیگ سالانه هزارتومان خرید,1,spammodel-sms-spam
t2-1048,پیشنهاد آخر هفته سکانس های جذاب سریال عاشقانه به همراه پشت صحنه های دیده نشده با ارسال اشتراک تومن,1,spammodel-sms-spam
t2-1049,آیدی تلگرامتو بده هماهنگ کنیم,1,spammodel-finglish-contact
t2-1050,عزیز، سفته شما در آستانه مسدودی است. وگرنه پرونده به مراجع قضایی ارجاع می‌شود. مبلغ ۵۰۰ هزار تومان را واریز کنید.,1,spammodel-extra-spam
t2-1051,شماره حسابش رو بفرست واریز کنم,1,spammodel-finglish-contact
t2-1052,شماره‌شو بده خودم زنگ می‌زنم,1,spammodel-finglish-contact
t2-1053,کاربر محترم، شما واجد شرایط دریافت اعتبار ویژه به مبلغ یک میلیون تومان شده‌اید. لطفاً پیش از پایان هفته اقدام فرمایید. برای مشاهده جزئیات وارد حساب خود شوید.,1,spammodel-formal-scam
t2-1054,"file ro didam, alie bod. damet garm",0,spammodel-finglish-ham
t2-1055,جشنواره فروش کفش! ۴۰٪ تخفیف. ارسال رایگان. تعداد محدود.,1,spammodel-similar-spam
t2-1056,محترم، پایانه فروشگاهی شما دارای بدهی است. با شماره ۰۹۱۲۰۰۰۰۰۰۰ تماس بگیرید. my-bank-ir.xyz,1,spammodel-extra-spam
t2-1057,💰 وام فوری نقدی ✅ فقط با شماره تماس همین حالا,1,spammodel-similar-spam
t2-1058,کاربر محترم، حساب کاربری شما مسدود شده است. جهت جلوگیری از قطع، کد تایید را بفرستید.,1,spammodel-similar-spam
t2-1059,"تبریک می‌گوییم! شما برنده گوشی پرچمدار شده‌اید. برای دریافت جایزه, کد ملی و شماره کارت خود را ارسال کنید.",1,spammodel-phishing
t2-1060,آب ناجی زندگیست زندگی آب در دست ما و زندگی ما دردست آب است آب با ما مهربان است با او مهربان باشیم,1,spammodel-sms-spam
t2-1061,"مدیر محترم, شرکت ما به دنبال نیروی دورکار است. حقوق توافقی + پورسانت. برای شروع, با آیدی زیر در ارتباط باشید.",1,spammodel-phishing
t2-1062,نگارش پایان نامه مقاله کتاب پروژه کلاسی ترجمه موسسه کوبه,1,spammodel-sms-spam
t2-1063,ye video az kharabi begir befrest,0,spammodel-finglish-ham
t2-1064,یک اعتبار خرید بلااستفاده به مبلغ ۵۰ میلیون ریال در حساب شما باقی مانده است. در غیر این صورت، این امتیاز به‌صورت خودکار باطل می‌شود. برای استفاده، مشخصات حساب را وارد کنید.,1,spammodel-formal-scam
t2-1065,هدیه شبکه اجتماعی نسیم شارژهای تومنی و هزار تومنی بدون قرعه کشی ویژه کمپین شهادت حضرت فاطمه باارسال,1,spammodel-sms-spam
t2-1066,دریافت تومان شارژهدیه ارسال بادریافت پیام سرویس تفکر عضویت تومن,1,spammodel-sms-spam
t2-1067,آدرسو بفرست، لوکیشن برام نمیاد,1,spammodel-finglish-contact
t2-1068,برای شما یک هدیه نقدی به ارزش ۵۰۰ هزار تومان در نظر گرفته شده است. برای جلوگیری از لغو اعتبار، تا ۱۲ ساعت آینده اقدام کنید. برای فعال‌سازی، مشخصات خود را تکمیل کنید.,1,spammodel-formal-scam
t2-1069,برن ده ویژه! برای قرعه کشی اعتبا ر خود اقدام کنید.,1,spammodel-formal-scam
t2-1070,رستوران شیرین پلو مفتخر است در محیطی دل انگیز پذیرای شما باشد,1,spammodel-sms-spam
t2-1071,فقط با تومان از ساعت مکالمه ایرانسلی لذت ببرید ساعت مهلت استفاده بلافاصله پس از فعالسازی بسته آغازمیشود,1,spammodel-sms-spam
t2-1072,کاربر محترم، کارت بانکی شما در آستانه مسدودی است. وگرنه پرونده به مراجع قضایی ارجاع می‌شود. با شماره ۰۹۱۲۰۰۰۰۰۰۰ تماس بگیرید. sanam-id.ir,1,spammodel-extra-spam
t2-1073,"lotfan zang bezan behem, kari daram",1,spammodel-finglish-contact
t2-1074,"این پیام تأیید خرید گوشی آیفون ۱۶ به مبلغ 52 میلیون تومان از فروشگاه تلگرام است. اگر این خرید توسط شما انجام نشده, برای لغو اطلاعات کارت خود را جهت بازگشت وجه وارد کنید.",1,spammodel-phishing
t2-1075,تومن شارژ با اشتراک در اپ نسیم بگیر بادعوت ازدوستات هم میتونی یه شارژ تومنی بیشترهدیه بگیری ارسال,1,spammodel-sms-spam
t2-1076,مشترک گرامی، کارت بانکی شما غیرفعال شده است. در غیر این صورت مسدود خواهد شد. اطلاعات خود را تایید کنید.,1,spammodel-extra-spam
t2-1077,"سرویس امنیتی, به دلیل بروزرسانی سیستم, دسترسی شما موقتا محدود شده است. برای بازگردانی آن‌ها وارد شوید: account-verify.net",1,spammodel-phishing
t2-1078,فروش ویژه کفش با ۵۰ درصد تخفیف فقط تا پایان هفته. همین الان سفارش دهید و رایگان تحویل بگیرید.,1,spammodel-similar-spam
t2-1079,به نظر می‌رسد اشتراک شما در آستانه تمدید است. اگر قصد ادامه استفاده ندارید، تا ۴۸ ساعت آینده اقدام کنید.,1,spammodel-formal-scam
t2-1080,پرونده شکایت شما صادر شده است. جهت جلوگیری از ارجاع به مراجع قضایی فورا اقدام کنید.,1,spammodel-similar-spam
t2-1081,"Baba bi kheyal, dorost mishe",0,spammodel-finglish-ham
t2-1082,پیشواز محرمی خود را بسازید! مداحیهای خود را از طریق پیشواز شخصی به گوش دوستان برسانید. دانلود اپ پیشواز,1,spammodel-sms-spam
t2-1083,عزیز سلام. سلام من کارمند بانک هستم و برای تمدید کارت شما نیاز به کد پیامک‌شده دارم.,1,spammodel-formal-scam
t2-1084,جایزه بزرگ پویش به شماره شما تعلق گرفت. عدد ۱ را به ۳۰۰۰ بفرستید.,1,spammodel-similar-spam
t2-1085,aaa jddi? chi shodi?!,0,spammodel-finglish-ham
t2-1086,"کاربر محترم, درخواست برداشت به مبلغ 7100,000 تومان از حساب شما ثبت شده. اگر این درخواست را شما انجام نداده‌اید, حساب را مسدود کنید.",1,spammodel-phishing
t2-1087,هموطن عزیز، دسته چک شما به پایان رسیده است. اطلاعات خود را تایید کنید. my-bank-ir.xyz,1,spammodel-extra-spam
t2-1088,"مرکز پخش کتاب رعد در شیراز: خیابان مشیر فاطمی, سه راه معدل, مقابل مخابرات ابوذر, انتشارات میرزای شیرازی",1,spammodel-sms-spam
t2-1089,خدمات جدید بیمه ایران ویژه ایرانسلی ها بیمه چهارشنبه سوری نوروز و مسکن اطلاعات بیشتر,1,spammodel-sms-spam
t2-1090,"kolir ro roshan kardam, khonak shod",0,spammodel-finglish-ham
t2-1091,یک اعتبار خرید بلااستفاده به مبلغ ۵ میلیون تومان در حساب شما باقی مانده است. برای جلوگیری از لغو، مراحل را تا مهلت اعلام‌شده تکمیل نمایید. برای تکمیل مراحل، اطلاعات موردنیاز را ارسال نمایید.,1,spammodel-formal-scam
t2-1092,"کاربر گرامی, حساب شما در مایکروسافت به دلیل عدم تایید اطلاعات معلق شده است. برای جلوگیری از مسدودی همین حالا اقدام کنید.",1,spammodel-phishing
t2-1093,"از طرف همکارتان, یک سند مهم در OneDrive با شما به اشتراک گذاشته شده. برای مشاهده سند, رمز عبور را تایید کنید.",1,spammodel-phishing
t2-1094,"کاربر گرامی, اکانت شما به دلیل عدم تایید اطلاعات به زودی مسدود می‌شود. برای رفع انسداد همین حالا اقدام کنید.",1,spammodel-phishing
t2-1095,کسب درآمد در منزل از خانه بدون تجربه! ثبت نام رایگان، ظرفیت محدود.,1,spammodel-similar-spam
t2-1096,شما برنده یک خودرو شدید! برای دریافت هدیه با شماره ۰۹۱۲۰۰۰۰۰۰۰ تماس بگیرید. فرصت محدود است,1,spammodel-extra-spam
t2-1097,همراه عزیز اپراتور شما، کارت هدیه شما مسدود شده است. در غیر این صورت حساب مسدود می‌شود، مشخصات را به‌روزرسانی کنید.,1,spammodel-similar-spam
t2-1098,شادیهای کوچیک تقدیم به کسانی که باهات تماس میگیرن کجایی شکستم بریدم ماه و ماهی نم نم بارون ارسال کد به قیمت تومان,1,spammodel-sms-spam
t2-1099,عزیز، مرسوله پستی شما غیرفعال شده است. برای جلوگیری از قطع. رمز پویای خود را ارسال نمایید.,1,spammodel-extra-spam
t2-1100,"Hava sard shode, moragheb khodet bash",0,spammodel-finglish-ham
t2-1101,تبریک! شما ۱۰۰ میلیون ریال شدید! برای دریافت هدیه اطلاعات خود را تایید کنید. همین حالا اقدام کنید,1,spammodel-extra-spam
t2-1102,اخذ ویزای شنگن تضمینی گرامیان,1,spammodel-sms-spam
t2-1103,پرونده مالیاتی شما نیاز به پیگیری دارد. جهت جلوگیری از جریمه فورا اقدام کنید.,1,spammodel-similar-spam
t2-1104,"lotfan addresso befrest, location nemiyad",1,spammodel-finglish-contact
t2-1105,بدون سرمایه ماهی ۸۰ میلیون درآمد داشته باشید. همین حالا شروع کنید.,1,spammodel-similar-spam
t2-1106,یکصد جایزه هزار میلیون ریالی و میلیاردها ریال جوایز دیگر آخرین مهلت شرکت در قرعه کشی شهریور ماه بانک انصار,1,spammodel-sms-spam
t2-1107,آسوده خاطر سفر کنید همکاری مجدد ایرانسل و بیمه ایران خرید بیمه سفرهای نوروزی و مسکن با شماره گیری,1,spammodel-sms-spam
t2-1108,مبلغی به عنوان هدیه ویژه به حسابتان اضافه شده است. در صورت عدم استفاده تا ۴۸ ساعت آینده، اعتبار شما حذف خواهد شد. برای استفاده، مشخصات حساب را وارد کنید.,1,spammodel-formal-scam
t2-1109,پذیرش مین دوره مکاتبه مذاکره قرارداد تجاری انگلیسی مدرک وزارت علوم,1,spammodel-sms-spam
t2-1110,فقط امروز تومن شارژ رایگان برای همه بدون قرعه کشی باارسال عدد و عضویت در اپ مذهبی مهستان روزی تومن ماه,1,spammodel-sms-spam
t2-1111,جشنواره شارژ سریال عاشقانه بدون هزینه فقط با دعوت از دوستان تا سقف هزار تومن شارژ برنده شو سرویس ستاره شو تومن تومن با ارسال,1,spammodel-sms-spam
t2-1112,هایپراستار و کوله پشتی آفتاب روغن کانولا گ ت قزل آلا ت,1,spammodel-sms-spam
t2-1113,"سرویس امنیتی, به دلیل بروزرسانی سیستم, چندین ایمیل مهم شما در صندوق اسپم قرار گرفته‌اند. برای مشاهده پیام‌ها وارد شوید: secure-panel.com",1,spammodel-phishing
t2-1114,هموطن عزیز، سهام عدالت شما در آستانه مسدودی است. در غیر این صورت مسدود خواهد شد. رمز پویای خود را ارسال نمایید. t.me/fastloan,1,spammodel-extra-spam
t2-1115,جشنواره تابستانی میثم عطر به ازای هر تومان خرید شانس خود را در قرعه کشی یک دستگاه خودرو و سکه بهار آزادی افزایش دهید زمان جشنواره مرداد تا شهریور تاریخ قرعه کشی شهریور,1,spammodel-sms-spam
t2-1116,شبهای سفیدروسیه هتل گشت وناهار آنتالیا پاتایا,1,spammodel-sms-spam
t2-1117,هایپرمی مدت محدود پاشاباغچه بلور تا ت قرعه کشی دستگاه تیولی اکباتان,1,spammodel-sms-spam
t2-1118,کاربر گرامی، یک اعتبار خرید بلااستفاده به مبلغ ۵ میلیون تومان در حساب شما باقی مانده است. برای جلوگیری از لغو، مراحل را تا پایان هفته تکمیل نمایید. جهت انتقال این مبلغ، اطلاعات حساب خود را به‌روزرسانی کنید.,1,spammodel-formal-scam
t2-1119,"کاربر گرامی, حساب شما در اینستاگرام به دلیل تلاش برای ورود از دستگاه ناشناس به زودی مسدود می‌شود. برای رفع انسداد روی لینک زیر بزنید.",1,spammodel-phishing
t2-1120,هایپرمی اکباتان تا چای گ شهرزاد ت اسپاگتی تک ماکارون ت,1,spammodel-sms-spam
t2-1121,تابستان را با ورود به کلیپو دنیایی از ویدئوهای جنجالی و سرگرم کننده با دوبله فارسی رنگی کنید,1,spammodel-sms-spam
t2-1122,چطوری میشه به هدفهامون برسیم آخرین همایش رایگان معجزه هدف رزرو عدد,1,spammodel-sms-spam
t2-1123,کاربر محترم، اشتراک شما نیاز به تمدید دارد. برای ادامه استفاده، روی لینک زیر کلیک کنید.,1,spammodel-similar-spam
t2-1124,"تبریک می‌گوییم! شما برنده کارت هدیه ۵ میلیونی شده‌اید. برای دریافت جایزه, کد ملی و شماره کارت خود را ارسال کنید.",1,spammodel-phishing
t2-1125,کاربر محترم سامانه پرداخت، بسته اینترنت شما نیاز به بازبینی دارد. در غیر این صورت حساب مسدود می‌شود، کد تایید را بفرستید.,1,spammodel-similar-spam
t2-1126,مشترک گرامی، کارت بانکی شما دارای بدهی است. وگرنه پرونده به مراجع قضایی ارجاع می‌شود. کد ارسال‌شده را برای ما بفرستید. click.pay-ir.tk,1,spammodel-extra-spam
t2-1127,"man ye kam dir miresam, traffice",0,spammodel-finglish-ham
t2-1128,هیئت روضه الرقیه روز دوم بانوای کربلایی محسن سلامتیان باجک ک س,1,spammodel-sms-spam
t2-1129,"با سلام, بسته پستی شما به دلیل مشکل در برچسب در انبار ما نگهداری می‌شود. برای پرداخت و آزادسازی همین امروز اقدام کنید.",1,spammodel-phishing
t2-1130,گل یا پوچ رو انتخاب کن تا هزار تومان شارژ برنده بشی عضویت و شرکت در قرعه کشی با ارسال عدد,1,spammodel-sms-spam
t2-1131,مبلغی به عنوان هدیه ویژه به حسابتان اضافه شده است. برای دریافت، مراحل ثبت را تکمیل نمایید.,1,spammodel-formal-scam
t2-1132,"عید سعید قربان,جشن تقرب عاشقان حق را خدمت شما و خانواده محترمتان تبریک عرض میکنم. ارادتمند شما؛منصور آرامی",1,spammodel-sms-spam
t2-1133,"سازمان محترم, با سلام. اسنپ‌فود اخیراً شرایط استفاده را به‌روز کرده. برای ادامه استفاده از خدمات, روی لینک زیر کلیک کنید.",1,spammodel-phishing
t2-1134,سریال میوه ممنوعه در زوم ایرانسل اشتراک ویژه با ارسال,1,spammodel-sms-spam
t2-1135,محترم، سهام عدالت شما غیرفعال شده است. روی لینک کلیک کنید. ir-verify.ir/login,1,spammodel-extra-spam
t2-1136,تور ویژه گرجستان خرداد روزه پرواز قشم ایر از تومان,1,spammodel-sms-spam
t2-1137,فروش ویژه عطر و ادکلن با ۳۰ درصد تخفیف فقط تا ۴۸ ساعت آینده. همین الان سفارش دهید و رایگان تحویل بگیرید.,1,spammodel-similar-spam
t2-1138,عزیز، حساب بانکی شما ناقص است. برای جلوگیری از قطع. فرم پیوست را تکمیل کنید. t.me/fastloan,1,spammodel-extra-spam
t2-1139,راه های ازدواج موفق تنها در مجله موفقیت عضویت در این سرویس باارسال,1,spammodel-sms-spam
t2-1140,کاربر عزیز، مبلغی به عنوان بازگشت وجه برای حساب شما در نظر گرفته شده است. عدم انجام این کار ممکن است منجر به محدود شدن حساب شود. برای مشاهده جزئیات وارد حساب خود شوید.,1,spammodel-formal-scam
t2-1141,هزار تومان شارژ برای شماره ویژه ماه رمضان دریافت با ارسال عدد,1,spammodel-sms-spam
t2-1142,گرامی، حساب کاربری شما ناقص است. از طریق درگاه زیر پرداخت کنید.,1,spammodel-extra-spam
t2-1143,عزیز، سیم‌کارت شما در انتظار تایید است. از طریق درگاه زیر پرداخت کنید. click.pay-ir.tk,1,spammodel-extra-spam
t2-1144,کسب درآمد دلاری از گوشی بدون سرمایه! ثبت نام رایگان، ظرفیت محدود.,1,spammodel-similar-spam
t2-1145,پزشکی جابر شعبه اکباتان فروش دستگاههای قندو خوراکیهای دیابتی,1,spammodel-sms-spam
t2-1146,"این پیام تأیید خرید لپ‌تاپ ایسوس به مبلغ 84 میلیون تومان از فروشگاه پی‌پال است. اگر این خرید توسط شما انجام نشده, برای لغو اطلاعات کارت خود را جهت بازگشت وجه وارد کنید.",1,spammodel-phishing
t2-1147,کاربر محترم، یارانه شما مسدود شده است. وگرنه پرونده به مراجع قضایی ارجاع می‌شود. مبلغ ۵۰۰ هزار تومان را واریز کنید.,1,spammodel-extra-spam
t2-1148,کاربر محترم، اشتراک شما نیاز به تمدید دارد. برای جلوگیری از مسدود شدن، اطلاعات کارت را وارد نمایید.,1,spammodel-similar-spam
t2-1149,دیریست که دلدار پیامی نفرستاد نفس عمیق بکش حالا,1,spammodel-sms-spam
t2-1150,مژده! شما برنده کمک هزینه سفر شدید. فرم دریافت را تکمیل کنید.,1,spammodel-similar-spam
t2-1151,"کاربر گرامی, اکانت شما به دلیل عدم تایید اطلاعات معلق شده است. برای رفع انسداد همین حالا اقدام کنید.",1,spammodel-phishing
t2-1152,گواهی مالیاتی شما دارای بدهی است. جهت جلوگیری از مسدودی فورا اقدام کنید.,1,spammodel-similar-spam
t2-1153,کاربر عزیز، وام اولیه شما به مبلغ مبلغ قابل توجهی تصویب شده و در انتظار تکمیل مراحل است. در صورت عدم استفاده تا پایان امروز، اعتبار شما حذف خواهد شد. برای مشاهده جزئیات وارد حساب خود شوید.,1,spammodel-formal-scam
t2-1154,لوکیشن بفرست تا پیدات کنم,1,spammodel-finglish-contact
t2-1155,هموطن عزیز، سهام عدالت شما در انتظار تایید است. اطلاعات کارت را وارد نمایید. t.me/fastloan,1,spammodel-extra-spam
t2-1156,مشترک گرامی سرویس مجله خانواده با ارائه آخرین اخبار اجتماعی برای شما قابل ارائه است جزییات بخشش جریمه های دوبرابری با ارسال,1,spammodel-sms-spam
t2-1157,حراج شماره های رند منتخب همراه اول به مناسبت روز جهانی ارتباطات با سرشماره هم اکنون در سایت رند همراه اول,1,spammodel-sms-spam
t2-1158,حراج لوازم ورزشی! ۸۰٪ تخفیف. ارسال رایگان. تعداد محدود.,1,spammodel-similar-spam
t2-1159,"به کاربر گرامی, ما یک تلاش مشکوک برای ورود به حساب شما از دستگاه ناشناس شناسایی کردیم. برای حفظ امنیت, رمز عبور را تغییر دهید.",1,spammodel-phishing
t2-1160,کاربر گرامی، مبلغی به عنوان هدیه ویژه به حسابتان اضافه شده است. لطفاً پیش از ۴۸ ساعت آینده اقدام فرمایید. برای جلوگیری از مسدود شدن، هویت خود را تأیید کنید.,1,spammodel-formal-scam
t2-1161,صندوق امانات بانک شهر امنیت در نگهداری اموال بانظارت و کنترل رایانه ای,1,spammodel-sms-spam
t2-1162,تبریک! شما ۲۰ میلیون تومان شدید! برای دریافت مبلغ رمز پویای خود را ارسال نمایید. تا ۱۲ ساعت آینده معتبر است sanam-id.ir,1,spammodel-extra-spam
t2-1163,وام اولیه شما به مبلغ یک میلیون تومان تصویب شده و در انتظار تکمیل مراحل است. برای مشاهده جزئیات وارد حساب خود شوید.,1,spammodel-formal-scam
t2-1164,"تبریک می‌گوییم! شما برنده یک سفر نقدی به مشهد شده‌اید. برای دریافت جایزه, با پشتیبانی تماس بگیرید.",1,spammodel-phishing
t2-1165,محترم، مرسوله پستی شما نیاز به تمدید دارد. قبل از حذف. اطلاعات کارت را وارد نمایید.,1,spammodel-extra-spam
t2-1166,manam hamin tor fekr mikonam,0,spammodel-finglish-ham
t2-1167,ایمپلنت تومان تهرانپارس پاسداران,1,spammodel-sms-spam
t2-1168,نشونی خونه‌تون رو بفرست، فردا میام,1,spammodel-finglish-contact
t2-1169,هدیه همراه اول برای شما مشترک گرامی با فعالسازی هدیه بمدت ماه تعرفه مکالمه داخل شبکه از به ریال در دقیقه کاهش می یابد فعالسازی رایگان راهنما مهلت ثبت نام تا بیست و سوم شهریور,1,spammodel-sms-spam
t2-1170,همین حالا برن ده کنید و قرعه کشی بگیرید.,1,spammodel-formal-scam
t2-1171,عجب رسمیه رسم زمونه قصه برگ و باد خزونه رسول نجفیان رسم زمونه احسان خواجه امیری زمونه پیمان یزدانیان آب و اتش قیمت تومن ارسال کد به دانلود بیشتر شانس بیشتر,1,spammodel-sms-spam
t2-1172,قضات وکلا تضمینی دعاوی حقوقی کیفری ملکی دیوان دادگاه انقلاب,1,spammodel-sms-spam
t2-1173,"nemidoonam vaght konam biyam, exam daram",0,spammodel-finglish-ham
t2-1174,سفته شما دارای بدهی است. جهت جلوگیری از جریمه فورا اقدام کنید.,1,spammodel-similar-spam
t2-1175,in axo bebin khei khande dare,0,spammodel-finglish-ham
t2-1176,با سلام، نتایج قرعه‌کشی اعلام شد و شما در فهرست برندگان قرار گرفته‌اید. برای دریافت جایزه، مراحل ثبت را تکمیل کنید.,1,spammodel-formal-scam
t2-1177,"اخطار! دستگاه شما به نرم‌افزار جاسوس آلوده شده است. برای پاک‌سازی, نرم‌افزار امنیتی را از لینک زیر دریافت نمایید. secure-panel.com",1,spammodel-phishing
t2-1178,"کاربر محترم, درخواست انتقال وجه به مبلغ 6100,000 تومان از حساب شما ثبت شده. اگر این درخواست را شما انجام نداده‌اید, با پشتیبانی تماس بگیرید و اطلاعات کارت را وارد کنید.",1,spammodel-phishing
t2-1179,فروش ویژه لپ تاپ با ۷۰ درصد تخفیف فقط تا ۴۸ ساعت آینده. همین الان سفارش دهید و رایگان تحویل بگیرید.,1,spammodel-similar-spam
t2-1180,تبریک امتیاز ایرانسلی به دلیل استفاده از اپلیکشن ایرانسل من به شما تعلق گرفت فقط تا پایان این ماه فرصت دارید تا امتیازات خود را ازطریق کد و یا از قسمت امتیاز من در ایرانسل من به جایزه تبدیل کنید,1,spammodel-sms-spam
t2-1181,تنها با ارسال عدد به سرشماره اپلیکیشن بانومی را دریافت کنید تا در قرعه کشی مبلغ هزار تومان اعتبار مکالمه شرکت داده شوید,1,spammodel-sms-spam
t2-1182,✅ وام فوری نقدی 💰 فقط با یک کلیک همین حالا,1,spammodel-similar-spam
t2-1183,کاربر محترم، فاکتور الکترونیکی شما صادر شده اما برای نهایی شدن نیاز به تأیید دارد. لطفاً تا پایان این ماه اقدام کنید.,1,spammodel-formal-scam
t2-1184,نتیجه بررسی اولیه نشان می‌دهد که امکان دریافت اعتبار ویژه را دارید. برای مشاهده مبلغ، وارد شوید.,1,spammodel-formal-scam
t2-1185,ت اعتبارمکالمه روزه تنها باخریدبسته ت,1,spammodel-sms-spam
t2-1186,سرویس پانتومیم میدونستی فقط تو مجاز به عضو شدن در این سرویس شدی همین حالا رو بفرست صدتومن,1,spammodel-sms-spam
t2-1187,سلام چرا بجای بوق آهنگ پرانرژی شنیدم وقتی زنگ زدم سلام آخه پیشوازم رو با صدای محسن چاوشی فعال کردم عالیه میشه کدهاشو به منم بگی آره کدها رو بفرست به غیرمعمولی دلم تنهاست تومان,1,spammodel-sms-spam
t2-1188,"کاربر گرامی, با سلام. شیپور اخیراً سیاست‌های امنیتی خود را تغییر داده. برای ادامه استفاده از خدمات, حساب خود را به‌روزرسانی کنید.",1,spammodel-phishing
t2-1189,عجب برفی داره میاد دوست داری دوستاتو با پیشوازهای برفی به برف بازی دعوت کنی فهیم ممتازی برف محسن چاوشی تو برف و بارونی مهدی یراحی سرما نزدیکه,1,spammodel-sms-spam
t2-1190,مبلغ ۵۰ میلیون ریال به عنوان اعتبار هدیه برای حساب شما ثبت شده است. برای جلوگیری از لغو اعتبار، تا پایان امروز اقدام کنید. برای استفاده، مشخصات حساب را وارد کنید.,1,spammodel-formal-scam
t2-1191,سفته شما در انتظار اقدام است. جهت جلوگیری از مسدودی فورا اقدام کنید.,1,spammodel-similar-spam
t2-1192,محترم، یارانه شما ناقص است. جهت جلوگیری از جریمه. جهت تمدید اطلاعات کارت را وارد نمایید. sanam-id.ir,1,spammodel-extra-spam
t2-1193,"تبریک می‌گوییم! شما برنده گوشی پرچمدار شده‌اید. برای دریافت جایزه, با پشتیبانی تماس بگیرید.",1,spammodel-phishing
t2-1194,به پاس اعتماد شما امروزبابت شارژهای تومنی خودهیچ هزینه ای پرداخت نکنید دریافت کد شارژرایگان ازسرویس روزاروز با ارسال وعضویت صدتومن,1,spammodel-sms-spam
t2-1195,لذت بی نهایت موسیقی گوش دادن را تجربه کن همین الان را ارسال کن و موزیک دلخواهتو گوش کن با عضویت در سرویس گرامافون دسترسی آسان به آرشیو جامعی از موسیقی را داشته باش,1,spammodel-sms-spam
t2-1196,آدرس مطب رو بفرست لطفاً,1,spammodel-finglish-contact
t2-1197,تبریک پیامک رایگان ایرانسلی به دلیل شارژ بیشتر از تومان به شما تعلق گرفت اعتبار همین امروز کد اطلاع,1,spammodel-sms-spam
t2-1198,"کاربر گرامی, حساب کاربری شما به دلیل نقض قوانین معلق شده است. برای جلوگیری از مسدودی روی لینک زیر بزنید.",1,spammodel-phishing
t2-1199,ye skrin-shot begir befrest,0,spammodel-finglish-ham
t2-1200,حساب شما برای دریافت کمک هزینه نقدی شدید! برای دریافت هدیه روی لینک کلیک کنید. فرصت محدود است,1,spammodel-extra-spam
t2-1201,گرامی، بسته اینترنت شما تعلیق شده است. مبلغ ۵۰۰ هزار تومان را واریز کنید.,1,spammodel-extra-spam
t2-1202,کاربر محترم، به مناسبت سالگرد فعالیت مجموعه، کد تخفیف اختصاصی شما فعال شده است. این کد تنها تا ۱۲ ساعت آینده قابل استفاده است.,1,spammodel-formal-scam
t2-1203,صدور کارت شهروندی بانک شهر با تخفیف در ایام ماه مبارک رمضان,1,spammodel-sms-spam
t2-1204,با میلیون تومان صاحب کتاب وکارت نویسندگی شوید ارسال,1,spammodel-sms-spam
t2-1205,بسته ویژه روزپدر گیگابایت ت خرید مهلت استفاده تا فروردین,1,spammodel-sms-spam
t2-1206,سرمایه گذاری تضمینی با سود هفتگی ۳۰٪. مشاوره اولیه بدون هزینه.,1,spammodel-similar-spam
t2-1207,ثبت تضمینی برند و شرکت قیمت استثنایی ثبت شتاب ارسال عدد,1,spammodel-sms-spam
t2-1208,کارت به کارت ساده تر از همیشه انتقال وجه از کارت بانک سامان به تمام کارتهای شتاب در اپلیکیشن دریافت با شماره گیری,1,spammodel-sms-spam
t2-1209,"کاربر گرامی, حساب کاربری شما به دلیل نقض قوانین معلق شده است. برای احراز هویت همین حالا اقدام کنید.",1,spammodel-phishing
t2-1210,عزیز، کارت بانکی شما مسدود شده است. در غیر این صورت مسدود خواهد شد. از طریق درگاه زیر پرداخت کنید.,1,spammodel-extra-spam
t2-1211,هموطن عزیز، پرونده مالیاتی شما نیاز به بازبینی دارد. کد ارسال‌شده را برای ما بفرستید.,1,spammodel-extra-spam
t2-1212,"man 10 dighe mirsam,",0,spammodel-finglish-ham
t2-1213,محسن چاوشی از امیر بی گزند می گوید شیدایی چنگیز پریشان امیر بی گزند متصل ارسال کد پیشوازبه قیمت تومان شماره گیری کدآهنگ به آهنگ مورد علاقه ات گوش کن و نصب کن,1,spammodel-sms-spam
t2-1214,حساب شما برای دریافت ۱۰۰ میلیون ریال شدید! برای دریافت جایزه کد ارسال‌شده را برای ما بفرستید. فرصت محدود است,1,spammodel-extra-spam
t2-1215,🎉 وام فوری با کارت ملی ✅ فقط با یک کلیک همین حالا,1,spammodel-similar-spam
t2-1216,خبر خوش! شما برنده گوشی هوشمند شدید. فرم دریافت را تکمیل کنید.,1,spammodel-similar-spam
t2-1217,یک سال اینترنت شاتل گیگابایت نصب تومان تلفن,1,spammodel-sms-spam
t2-1218,"از طرف واحد اداری, یک سند مهم در Google Drive با شما به اشتراک گذاشته شده. برای مشاهده سند, وارد حساب خود شوید.",1,spammodel-phishing
t2-1219,با سلام، یک تخفیف شخصی‌سازی‌شده بر اساس خریدهای قبلی شما آماده شده است. تا ۲۴ ساعت آینده فرصت استفاده دارید.,1,spammodel-formal-scam
t2-1220,سینماتیکت سینما گالری سمرقند نگار,1,spammodel-sms-spam
t2-1221,شانس در خونتو زده سال سال توئه هدیه ویژه خودرو سانتافه ثبت نام درقرعه کشی با ارسال و عضویت در اپلیکیشن سانازسانیا روزی تومن,1,spammodel-sms-spam
t2-1222,تعداد محدود شما فقط یک عدد تا شانس بردن پژو فاصله دارید ثبت با ارسال درجشنواره ویترین تومن,1,spammodel-sms-spam
t2-1223,"کاربر گرامی, اکانت شما به دلیل تلاش برای ورود از دستگاه ناشناس به زودی مسدود می‌شود. برای احراز هویت همین حالا اقدام کنید.",1,spammodel-phishing
t2-1224,بیا و از امروز روزت رو تغییر بده و با صدای حامد فقیهی به استقبال بهار برو خنده حافظ,1,spammodel-sms-spam
t2-1225,مشترک گرامی به شماره به مناسبت نوروز در سامانه ثبت آگهی سرویس اول به تعداد های شماره سیمکارت خود شارژ تومانی دریافت نمایید با توجه به اینکه شماره خط شما دارای سه رقم می باشد شما برنده شارژ تومانی رایگان شدید برای دریافت شارژهای رایگان خط خود را به بفرستید,1,spammodel-sms-spam
t2-1226,ثبت انواع ازدواج شرعی و قانونی در دفتر ازدواج,1,spammodel-sms-spam
t2-1227,کاربر محترم، سفته شما غیرفعال شده است. مبلغ ۵۰۰ هزار تومان را واریز کنید.,1,spammodel-extra-spam
t2-1228,"ارثیه‌ای معادل ۵ میلیون یورو از یک خویشاوند دور به شما رسیده. برای تکمیل مراحل انتقال, اطلاعات حساب خود را بفرستید.",1,spammodel-phishing
t2-1229,In hafte kheili saram sholooghe bood,0,spammodel-finglish-ham
t2-1230,🎁 وام فوری بدون چک 🔥 فقط با شماره تماس همین حالا,1,spammodel-similar-spam
t2-1231,"همکار گرامی, شرکت ما به دنبال نیروی دورکار است. پرداخت هفتگی تضمینی. برای شروع, با آیدی زیر در ارتباط باشید.",1,spammodel-phishing
t2-1232,⚡ وام فوری با کارت ملی ⏰ فقط با شماره تماس همین حالا,1,spammodel-similar-spam
t2-1233,"سازمان محترم, با سلام. آمازون اخیراً قوانین جدیدی برای حریم خصوصی وضع کرده. برای ادامه استفاده از خدمات, حساب خود را به‌روزرسانی کنید.",1,spammodel-phishing
t2-1234,"salam aghaye mina, gozaresh ro ferestadam",0,spammodel-finglish-ham
t2-1235,اللهم صل علی محمد وآل محمد آشنایی با آثار معنوی و معجزات صلوات در زندگی سرویس معجزات صلوات عضویت ارسال,1,spammodel-sms-spam
t2-1236,گرامی، سهام عدالت شما به پایان رسیده است. در غیر این صورت مسدود خواهد شد. رمز پویای خود را ارسال نمایید.,1,spammodel-extra-spam
t2-1237,"کاربر گرامی, با سلام. اسنپ اخیراً شرایط استفاده را به‌روز کرده. برای ادامه استفاده از خدمات, تاییدیه خود را ثبت کنید.",1,spammodel-phishing
t2-1238,"این پیام تأیید خرید ساعت هوشمند به مبلغ 86 میلیون تومان از فروشگاه گوگل است. اگر این خرید توسط شما انجام نشده, برای لغو روی لینک زیر کلیک کنید.",1,spammodel-phishing
t2-1239,درگاهی برای آشنایی بااپلیکیشنهای محبوب ایرانسل تنهابا شماره گیری,1,spammodel-sms-spam
t2-1240,خدمتی جدید ویژه اعضای باشگاه متخصصان کشور خدمات ارزی مسافرتی و حوالجات با پایین ترین نرخ تحویل درب منزل,1,spammodel-sms-spam
t2-1241,"کاربر گرامی, حساب شما در تلگرام به دلیل نقض قوانین در معرض حذف است. برای رفع انسداد اطلاعات خود را تایید کنید.",1,spammodel-phishing
t2-1242,مبلغ ۵ میلیون تومان به عنوان اعتبار هدیه برای حساب شما ثبت شده است. در صورت تکمیل نکردن اطلاعات، دسترسی شما محدود می‌شود. برای تکمیل مراحل، اطلاعات موردنیاز را ارسال نمایید.,1,spammodel-formal-scam
t2-1243,"این پیام تأیید خرید ساعت هوشمند به مبلغ 20 میلیون تومان از فروشگاه لینکدین است. اگر این خرید توسط شما انجام نشده, برای لغو همین حالا اقدام کنید.",1,spammodel-phishing
t2-1244,با سلام، یک بسته خدماتی با قیمت بسیار پایین‌تر از حالت عادی برای شما فعال شده است. این پیشنهاد تنها تا پایان این ماه معتبر است.,1,spammodel-formal-scam
t2-1245,"Salam, khobi? che khabara?",0,spammodel-finglish-ham
t2-1246,مشتری عزیز، سفارش شما به دلیل تکمیل نشدن اطلاعات گیرنده در انتظار ارسال است. آدرس و شماره تماس خود را تکمیل کنید.,1,spammodel-formal-scam
t2-1247,مشترک گرامی، اعتبار خرید تا سقف مبلغ قابل توجهی برای حساب شما فعال شده است. برای جلوگیری از لغو، مراحل را تا پایان هفته تکمیل نمایید. برای فعال‌سازی، مشخصات خود را تکمیل کنید.,1,spammodel-formal-scam
t2-1248,با یک تراکنش و فعالسازی باشگاه انارستان تومان اعتبار شارژ و اینترنت هدیه به شما اهدا می شود شروع با ارسال به,1,spammodel-sms-spam
t2-1249,حساب شما برای دریافت ۲۰ میلیون تومان شدید! برای دریافت هدیه کد ارسال‌شده را برای ما بفرستید. فرصت محدود است bit.ly/3xkLm,1,spammodel-extra-spam
t2-1250,تبریک! شما یک خودرو شدید! برای دریافت جایزه فرم پیوست را تکمیل کنید. تا ۱۲ ساعت آینده معتبر است click.pay-ir.tk,1,spammodel-extra-spam
t2-1251,"کاربر گرامی, حساب شما در دیجی‌کالا به دلیل فعالیت مشکوک در معرض حذف است. برای رفع انسداد روی لینک زیر بزنید.",1,spammodel-phishing
t2-1252,کنسرت بهنام بانی تمدیدشد و شهریور آوای فروهر,1,spammodel-sms-spam
t2-1253,استشمام عطر عید فطر از پنجره ملکوتی رمضان گوارای وجودتان سپاهان باطری,1,spammodel-sms-spam
t2-1254,اخرین مهلت ثبت نام کارشناسی ارشد فراگیر پیام نور تابستان,1,spammodel-sms-spam
t2-1255,karet ok shod? gofti emrooz mifresti,0,spammodel-finglish-ham
t2-1256,دیدار سهیل با همسر سابق گیسو مهناز افشار در سریال عاشقانه,1,spammodel-sms-spam
t2-1257,بانک ملت بیمه ما با پرداخت فقط قسط میلیون دریافت کنید مشاوره عدد,1,spammodel-sms-spam
t2-1258,برای شما یک هدیه نقدی به ارزش ۵ میلیون تومان در نظر گرفته شده است. در غیر این صورت، این امتیاز به‌صورت خودکار باطل می‌شود. جهت انتقال این مبلغ، اطلاعات حساب خود را به‌روزرسانی کنید.,1,spammodel-formal-scam
t2-1259,این فصل خیلی سریع رد شد اصلا نفهمیدم,0,gen-criticism
t2-1260,صدا در بعضی قسمت‌ها خرابه,0,gen-criticism
t2-1261,چرا جلسه آخر رو عجله‌ای بستید؟,0,gen-criticism
t2-1262,به نظرم سطح دوره بعد از پنجمین جلسه افت کرد,0,gen-criticism
t2-1263,انتخاب مثال‌ها خیلی خوب نبود به نظرم,0,gen-criticism
t2-1264,سرعت ارائه برای مبتدی‌ها زیاده,0,gen-criticism
t2-1265,پیشنهاد میکنم تمرین بیشتری بگذارید,0,gen-criticism
t2-1266,من که راضی نبودم، توضیحا پیچیده بود,0,gen-criticism
t2-1267,دوره خوبه ولی ضبطش بی‌کیفیت,0,gen-criticism
t2-1268,چرا قیمت دوره اینقدر گرونه؟,0,gen-criticism
t2-1269,با احترام، این روش تدریس قدیمی شده,0,gen-criticism
t2-1270,پاورپوینت‌ها کم‌رنگه، خوندنش سخته,0,gen-criticism
t2-1271,چرا به سوال‌ها جواب نمیدید استاد؟,0,gen-criticism
t2-1272,مقدمه زیادی طولانی بود، میشد کوتاه‌تر,0,gen-criticism
t2-1273,انتظار داشتم پروژه بزرگ‌تری باشه,0,gen-criticism
t2-1274,موسیقی پس‌زمینه حواس رو پرت میکنه,0,gen-criticism
t2-1275,این جلسه تکراری بود، چیزی جدید نداشت,0,gen-criticism
t2-1276,میشه اسلایدها رو هم برای دانلود بگذارید؟,0,gen-criticism
t2-1277,چرا وسط درس تبلیغ میکنید؟,0,gen-criticism
t2-1278,لحن تند نشه ولی واقعا باید روی انگلیسیتون کار کنید,0,gen-criticism
t2-1279,توضیح دیباگر کم بود به نظرم,0,gen-criticism
t2-1280,برای من که کاربردی نبود، ولی ممنون از زحمتتون,0,gen-criticism
t2-1281,چرا سری قبلی رو حذف کردید؟,0,gen-criticism
t2-1282,کیفیت تصویر بیشتر از 480p نیست؟,0,gen-criticism
t2-1283,این الگوریتم رو بد توضیح دادید، از منبع دیگه یاد گرفتم,0,gen-criticism
t2-1284,انتقاد دارم: تست‌های پایان فصل خیلی ساده بودن,0,gen-criticism
t2-1285,فایل جلسه ۱۲ ارور داره، درستش کنید لطفا,0,gen-criticism
t2-1286,با توجه به قیمت، انتظار پشتیبانی بهتری داشتم,0,gen-criticism
t2-1287,چرا زیرنویس انگلیسی نداره؟,0,gen-criticism
t2-1288,ویدیوها رو کوتاه‌تر کنید، حوصله سر میره,0,gen-criticism
t2-1289,استاد سوالای کامنت رو بی‌جواب میذارید,0,gen-criticism
t2-1290,این قسمت باید قبل از کلاس‌ها میومد، ترتیب خوب نیست,0,gen-criticism
t2-1291,من دوره قبلیتون رو بهتر میدونستم,0,gen-criticism
t2-1292,تو این فصل فقط تعریف دادید، مثال عملی کم بود,0,gen-criticism
t2-1293,چرا از تایپ‌هینت استفاده نمی‌کنید؟,0,gen-criticism
t2-1294,صدای کیبورد ضبط میشه، اذیت میکنه,0,gen-criticism
t2-1295,خلاصه‌گویی کمه، حرفا زیاد تکرار میشن,0,gen-criticism
t2-1296,برای بچه مدرسه‌ای‌ها سخته، میشه ساده‌تر کنید؟,0,gen-criticism
t2-1297,من مالی خوندم و دارم میبینم، ولی پیچیدگیش برای عموم بالاست,0,gen-criticism
t2-1298,دوره خوبی بود ولی توضیح ریاضیاتش ضعیفه,0,gen-criticism
t2-1299,قیمت دوره‌ها به نسبت رقبا گرونه، بازنگری کنید,0,gen-criticism
t2-1300,برای این قیمت فایل تمرین بیشتری باید باشه,0,gen-criticism
t2-1301,پول دادم ولی هنوز جواب سوالام رو نگرفتم، ناامید شدم,0,gen-criticism
t2-1302,بخش پولی دوره ارزش خرید نداشت به نظرم,0,gen-criticism
t2-1303,کیفیت پشتیبانی با قیمت دوره تناسب نداره,0,gen-criticism
t2-1304,چرا وجه برگشتی نمیدید وقتی دوره ضعیفه؟,0,gen-criticism
t2-1305,پیشنهاد میکنم قیمت رو منطقی‌تر کنید,0,gen-criticism
t2-1306,این قسمت واقعا ضعیف بود، انتظار بیشتری داشتم,0,gen-criticism
t2-1307,توضیح این فصل اصلا قانع‌کننده نبود,0,gen-criticism
t2-1308,انتخاب عنوان دوره با محتواش نمی‌خونه,0,gen-criticism
t2-1309,پرگو ولی کم‌محتوا، خلاصه‌تر بگید,0,gen-criticism
t2-1310,چرا چالش پایان فصل حذف شد؟ بد شد,0,gen-criticism
t2-1311,جلد دوره جذاب ولی محتوا متوسطه به نظرم,0,gen-criticism
t2-1312,بیشتر روی مباحث تمرکز کنید لطفا,0,gen-criticism
t2-1313,این جلسه بیشتر حرف بود تا کد,0,gen-criticism
t2-1314,ادیت ویدیوها بهتره بشه، پرش زیاد داره,0,gen-criticism
t2-1315,پیش‌نیازها رو اول بگید بعد برید سراغ مباحث,0,gen-criticism
t2-1316,وقت‌بندی جلسات خوب نیست,0,gen-criticism
t2-1317,برای این بخش مستندات رسمی رو ببینید: python.org/docs,0,gen-docs
t2-1318,این لینک استک‌اورفلو کمکم کرد: stackoverflow.com/questions/decorator,0,gen-docs
t2-1319,مستندات numpy اینجا کامله: numpy.org/doc,0,gen-docs
t2-1320,realpython.com مقاله خوبی درباره decorator داره,0,gen-docs
t2-1321,w3schools.com/python رو برای مرور میبینم,0,gen-docs
t2-1322,لینک گیت‌هاب استاد رو بگذارید,0,gen-docs
t2-1323,مستندات جنگو رو معرفی کردید: docs.djangoproject.com عالی بود,0,gen-docs
t2-1324,برای regex این سایت عالیه: regex101.com,0,gen-docs
t2-1325,تمرین کدنویسی رو اینجا انجام میدم: exercism.io,0,gen-docs
t2-1326,لینک دیتاست جلسه پنجم رو بگذارید,0,gen-docs
t2-1327,برای سبک کدنویسی pep8 رو بخونید: peps.python.org/pep-0008,0,gen-docs
t2-1328,برای شروع fastapi مستندات خودش کافیه: fastapi.tiangolo.com,0,gen-docs
t2-1329,از این دوره‌ی رایگان گیت‌هاب هم استفاده کردم: github.com/freeCodeCamp,0,gen-docs
t2-1330,docs.python.org/3/tutorial رو ببینید مبتدی‌ها، کامل,0,gen-docs
t2-1331,لینک مقاله‌ای که گفتید کجاست؟,0,gen-docs
t2-1332,کتاب automatetheboringstuff.com رو استاد معرفی کرده بود، واقعا خوبه,0,gen-docs
t2-1333,برای دیباگر این مقاله خوبه: realpython.com/python-debugging-pdb,0,gen-docs
t2-1334,برای numpy indexing این داکیومنت عالیه: numpy.org/doc/stable/user/basics.indexing,0,gen-docs
t2-1335,stackoverflow.com گاهی بهتر از داکیومنت خودشه,0,gen-docs
t2-1336,pypi.org رو معرفی کردید تو جلسه چهار، ازش زیاد استفاده کردم,0,gen-docs
t2-1337,برای ادامه‌ی دوره scikit-learn.org رو ببینید,0,gen-docs
t2-1338,منبع فارسی خوب سراغ دارید مثل خود سایتتون؟,0,gen-docs
t2-1339,gist کدهای جلسه رو کجا گذاشتید؟,0,gen-docs
t2-1340,برای sql این آموزش رو پیشنهاد میدم: sqlbolt.com,0,gen-docs
t2-1341,مستندات pandas رو هم یه نگاه بندازید: pandas.pydata.org/docs,0,gen-docs
t2-1342,لینک چنل یوتیوبتون رو بگذارید اگه مجازه,0,gen-docs
t2-1343,برای تمرین الگوریتم leetcode.com رو پیشنهاد میدم,0,gen-docs
t2-1344,مستندات sqlalchemy: docs.sqlalchemy.org خیلی کامله,0,gen-docs
t2-1345,برای دیپ‌لرنینگ pytorch.org رو ببینید,0,gen-docs
t2-1346,مستندات requests: requests.readthedocs.io ساده و خوبه,0,gen-docs
t2-1347,برای جنگو admin این لینک عالیه: docs.djangoproject.com/en/admin,0,gen-docs
t2-1348,pep8 رو رعایت میکنید تو کدها؟ خوبه,0,gen-docs
t2-1349,منبع خوب برای regex فارسی سراغ دارید؟,0,gen-docs
t2-1350,برای git این cheatsheet عالیه: education.github.com,0,gen-docs
t2-1351,لینک لینکستون رو بگذارید لطفا، تو ویدیو گفته شد ولی پیدا نکردم,0,gen-docs
t2-1352,مرسی، خیلی useful بود,0,gen-mixed
t2-1353,این جلسه رو با ChatGPT مرور کردم عالی شد,0,gen-mixed
t2-1354,الگوریتم‌ها رو بالاخره فهمیدم,0,gen-mixed
t2-1355,لایک from Sweden,0,gen-mixed
t2-1356,damet garm darsaye shoma aliye,0,gen-mixed
t2-1357,mersi az tadris haye ghani,0,gen-mixed
t2-1358,python ro ba shoma shro kardam,0,gen-mixed
t2-1359,"very good explanation, merci",0,gen-mixed
t2-1360,کد رو run کردم جواب داد,0,gen-mixed
t2-1361,exception handling عالی توضیح دادید,0,gen-mixed
t2-1362,data type‌ها رو خوب گفتی,0,gen-mixed
t2-1363,من backend کار میکنم، این دوره رفرش خوبی بود,0,gen-mixed
t2-1364,این ویدیو چرا like نداره؟ عجیبه,0,gen-mixed
t2-1365,deep learning رو هم با شما شروع میکنم,0,gen-mixed
t2-1366,snippet کد رو کجا ببینیم؟,0,gen-mixed
t2-1367,با همون tip شما مشکلم fix شد,0,gen-mixed
t2-1368,function‌ها رو بالاخره فهمیدم,0,gen-mixed
t2-1369,واقعا professional بود,0,gen-mixed
t2-1370,واقعاً useful بود مخصوصا بخش lambda,0,gen-mixed
t2-1371,syntax error میگرفتم، حل شد مرسی,0,gen-mixed
t2-1372,notebook جلسه سوم کجاست؟,0,gen-mixed
t2-1373,well done استاد,0,gen-mixed
t2-1374,خیلی کاربردی بود مخصوصا برای interview,0,gen-mixed
t2-1375,این چیزایی که گفتید تو پروژه مون زدم جواب داد,0,gen-mixed
t2-1376,json و api رو بالاخره فهمیدم,0,gen-mixed
t2-1377,test نوشتن رو از همین جلسه یاد گرفتم,0,gen-mixed
t2-1378,ممنون، best teacher ever,0,gen-mixed
t2-1379,خیلی good بود session,0,gen-mixed
t2-1380,deploy رو بالاخره فهمیدم,0,gen-mixed
t2-1381,دمت گرم، issue گیت‌هاب رو دیدم حل شد,0,gen-mixed
t2-1382,کامپوننت‌ها رو خوب توضیح ندادی به نظرم,0,gen-mixed
t2-1383,این API طراحی خوبی داره,0,gen-mixed
t2-1384,پروژه رو fork کردم رو گیت‌هابم,0,gen-mixed
t2-1385,dependency ها رو نصب کردم اوکی شد,0,gen-mixed
t2-1386,branch اصلی رو pull کردم ارور میده,0,gen-mixed
t2-1387,migration رو دوباره run کردم حل شد,0,gen-mixed
t2-1388,endpoint جدید تست کردم کار میکنه,0,gen-mixed
t2-1389,پرداخت آنلاینم وصل شد به پروژه، ممنون,0,gen-mixed
t2-1390,docker رو بالاخره نصب کردم، مرسی از توضیحات,0,gen-mixed
t2-1391,پنل ادمین رو customize کردم خوب شد,0,gen-mixed
t2-1392,سرچ سایت رو با الگوریتم خودتون نوشتید؟,0,gen-mixed
t2-1393,گیت‌هاب اکشنز رو راه انداختم برای deploy,0,gen-mixed
t2-1394,ورود با گوگل رو هم اضافه کنید لطفا,0,gen-mixed
t2-1395,bi kheyal dorost mishe، manam dobare neveshtam,0,gen-mixed
t2-1396,rahat bash baba، moshkeli nist,0,gen-mixed
t2-1397,bi dardesar، in karo ghablan ham kardam,0,gen-mixed
t2-1398,manam shoma ro doost daram، edame bede,0,gen-mixed
t2-1399,in dars bad bood? na dige، ali bood,0,gen-mixed
t2-1400,این API رو خیلی تمیز نوشتید، ممنون,0,gen-mixed
t2-1401,API دوره رو بالاخره وصله به پروژه، ممنون,0,gen-mixed
t2-1402,طراحی سایت دوره خیلی تمیزه,0,gen-mixed
t2-1403,رست ای پی های دوره رو فهمیدم بالاخره,0,gen-mixed
t2-1404,به عنوان یه بک‌اند کار میگم سرعت آموزش خوبه,0,gen-mixed
t2-1405,از نظر یه جنگو کار، این روش درسته,0,gen-mixed
t2-1406,جلسه سه رو دیدم عالی بود,0,gen-numbers
t2-1407,دو تا سوال از این بخش دارم,0,gen-numbers
t2-1408,سه بار دیدم هنوز کامل جا نیفتاد,0,gen-numbers
t2-1409,پارت یک و دو رو فشرده‌تر میشد,0,gen-numbers
t2-1410,چهار جلسه دیگه میاد؟,0,gen-numbers
t2-1411,جلسه پنج و شش کی میاد,0,gen-numbers
t2-1412,من فعلا فقط بخش یک رو دیدم,0,gen-numbers
t2-1413,سه تا نکته از این جلسه یاد گرفتم,0,gen-numbers
t2-1414,دو روزه دارم پشت سر هم میبینم,0,gen-numbers
t2-1415,جلسه هشت بهترین جلسه بود,0,gen-numbers
t2-1416,از سه تا پروژه دوتاشو ساختم,0,gen-numbers
t2-1417,یک سوال دیگه هم دارم,0,gen-numbers
t2-1418,دو تا ویدیو مونده تموم شه میرم سراغ پروژه,0,gen-numbers
t2-1419,جلسه دو گیر کردم ولی جلو رفتم,0,gen-numbers
t2-1420,سه ماهه دارم دوره رو میبینم یواشکی,0,gen-numbers
t2-1421,چهار ماه پیش شروع کردم الان پروژه میزنم,0,gen-numbers
t2-1422,یکی از دوستام رو آوردم اینجا، دو نفریم الان,0,gen-numbers
t2-1423,دوست دارم جلسه بعدی زود بیاد,0,gen-numbers
t2-1424,ببخشید که سه تا سوال پشت سر هم میپرسم,0,gen-numbers
t2-1425,بخش سه رو نفهمیدم، از کجا دوباره ببینم؟,0,gen-numbers
t2-1426,جلسه یک تا چهار رو دوبار دیدم,0,gen-numbers
t2-1427,این جلسه رو دو بار دیدم، بازم میارم برای مرور,0,gen-numbers
t2-1428,جلسه بعدی سه شنبه میاد؟,0,gen-numbers
t2-1429,یه دونه‌ای استاد,0,gen-numbers
t2-1430,پنج از پنج، ادامه بده,0,gen-numbers
t2-1431,دو تا از جلسات رو برا همکارام فرستادم، تشکر کردن,0,gen-numbers
t2-1432,جلسه شش و هفت رو دوباره میبینم,0,gen-numbers
t2-1433,سه تا لایک میزدم اگه میشد,0,gen-numbers
t2-1434,بخش دو واقعا کاربردی بود,0,gen-numbers
t2-1435,یک پیشنهاد دارم برای قسمت بعد,0,gen-numbers
t2-1436,دو ماه دیگه دوره تموم میشه؟,0,gen-numbers
t2-1437,چهار بار تیکه کد رو بازنویسی کردم درست شد,0,gen-numbers
t2-1438,پنج نفر از همکارام رو دعوت کردم تو سایت,0,gen-numbers
t2-1439,هشت ساعت پشت این ویدیو بودم، ارزش داشت,0,gen-numbers
t2-1440,جلسه ده کی میاد استاد,0,gen-numbers
t2-1441,شش ماهه دنبال همچین دوره‌ای بودم,0,gen-numbers
t2-1442,سلام اقا من این کدو زدم ارور میده چیکار کنم,0,gen-question
t2-1443,استاد ببخشید این ارور یعنی چی؟,0,gen-question
t2-1444,من پایتون رو نصب کردم ولی cmd نمیشناسه چرا,0,gen-question
t2-1445,pip install چیه ارور میده,0,gen-question
t2-1446,ببخشید ورژن چند پایتون رو نصب کنم بهتره,0,gen-question
t2-1447,استاد فایل تمرین رو کجا پیدا میکنم,0,gen-question
t2-1448,منم همین ارور رو دارم کسی جوابش رو میدونه,0,gen-question
t2-1449,اقا این حلقه for چرا تموم نمیشه,0,gen-question
t2-1450,چرا خروجی none چاپ میکنه,0,gen-question
t2-1451,استاد لطفا یه ویدیو درباره کلاس‌ها بگذارید,0,gen-question
t2-1452,سلام من تازه شروع کردم از کدوم قسمت شروع کنم,0,gen-question
t2-1453,این کد تو سیستم من ارور میده ولی تو ویدیو درسته چرا,0,gen-question
t2-1454,ببخشید ide پیشنهادیتون چیه,0,gen-question
t2-1455,استاد جواب سوال بالا رو ندادید,0,gen-question
t2-1456,میشه این بخش رو یه بار دیگه توضیح بدید نفهمیدم,0,gen-question
t2-1457,تابع رو تعریف کردم ولی صدا که میزنم ارور میده,0,gen-question
t2-1458,لطفا جواب بدید خیلی گیر کردم,0,gen-question
t2-1459,dict رو نفهمیدم یه مثال ساده‌تر میزنید,0,gen-question
t2-1460,ارور indentation expected یعنی چی,0,gen-question
t2-1461,این ویدیو رو سه بار دیدم ولی بازم گیر دارم,0,gen-question
t2-1462,استاد دوره کی تموم میشه هفته بعد قسمت جدید میاد,0,gen-question
t2-1463,میشه پروژه‌های بیشتری بگذارید برای تمرین,0,gen-question
t2-1464,ببخشید سوال من احتمالا تکراریه ولی جایی پیدا نکردم,0,gen-question
t2-1465,سلکتوری که گفتید رو چطور بنویسم,0,gen-question
t2-1466,استاد ببخشید تو کد تایپو داشتید ولی ممنون از زحمتتون,0,gen-question
t2-1467,چطور میتونم پایتون رو به path اضافه کنم,0,gen-question
t2-1468,لیست‌ها رو برعکس میخونم گیج شدم,0,gen-question
t2-1469,ارور msvcp140 dll میده چیکار کنم,0,gen-question
t2-1470,venv چیه و چرا باید بسازم,0,gen-question
t2-1471,استاد میشه لینک دیتاست جلسه پنجم رو بگذارید,0,gen-question
t2-1472,من با موبایل کد میزنم میشه کدها رو بزرگتر نشون بدید,0,gen-question
t2-1473,جلسه بعدی کی میاد منتظریم,0,gen-question
t2-1474,فانکشن رو return کردم ولی none میده چرا,0,gen-question
t2-1475,ببخشید اگه میشه یه توضیح مختصر درباره scope بگید,0,gen-question
t2-1476,ممنون ولی یه سوال، ورودی input چرا تو پایتون ۲ ارور میده,0,gen-question
t2-1477,چرا از while true استفاده کردیم خطرناک نیست,0,gen-question
t2-1478,استاد کتابخونه requests رو از کجا یاد گرفتید,0,gen-question
t2-1479,من ۴۰ سالمه میتونم شروع کنم؟,0,gen-question
t2-1480,بچه‌ها کسی میدونه این ارور یعنی چی؟ من رو ویندوز ۱۱ هستم,0,gen-question
t2-1481,استاد اگه پروژه رو با django ببریم جلو امتیاز اضافه داره؟,0,gen-question
t2-1482,استاد چرا کد من تو pycharm ارور نمیده ولی تو vscode میده,0,gen-question
t2-1483,تابع len رو روی دیکشنری زدم ارور داد چرا,0,gen-question
t2-1484,برای یادگیری django باید اول این دوره رو تموم کنم؟,0,gen-question
t2-1485,سطح این دوره برای کسی که html بلده چطوره,0,gen-question
t2-1486,ببخشید میشه بگید این پروژه با چه ورژنی ساخته شده,0,gen-question
t2-1487,آقا من pip رو نصب کردم ولی بازم شناخته نمیشه,0,gen-question
t2-1488,چطوری از این کتابخونه تو پروژه‌م استفاده کنم,0,gen-question
t2-1489,استاد این الگوریتم زمانش O(n^2) هست دیگه درسته؟,0,gen-question
t2-1490,من روی مک هستم، همین دستورات کار میکنه؟,0,gen-question
t2-1491,ترتیب یادگیری جلسات مهمه یا هر جا دوست دارم شروع کنم,0,gen-question
t2-1492,این ارور timeout از چیه استاد,0,gen-question
t2-1493,کدوم کتاب رو برای شروع پیشنهاد میکنید,0,gen-question
t2-1494,دوره رو خریدم، واقعا ارزش داشت,0,gen-question
t2-1495,از سایتتون دوره گرفتم، خوب بود,0,gen-question
t2-1496,قیمت دوره منصفانه‌ست به نظرم,0,gen-question
t2-1497,ثبت‌نام کردم، منتظر شروع دوره‌ام,0,gen-question
t2-1498,برای خرید دوره مشکل داشتم، پشتیبانی سریع حل کرد,0,gen-question
t2-1499,سایتتون خیلی کند باز میشه، درستش کنید لطفا,0,gen-question
t2-1500,دوره‌ی پایتون رو با تخفیف دانشجویی گرفتم، ممنون,0,gen-question
t2-1501,چند بار از سایت خرید کردم، همیشه راضی بودم,0,gen-question
t2-1502,قیمت‌ها رو که دیدم گفتم حتما میخرم,0,gen-question
t2-1503,دوره بعدی رو هم ثبت‌نام میکنم حتما,0,gen-question
t2-1504,پرداختم ولی لینک دوره نیومد، الان درست شد مرسی,0,gen-question
t2-1505,سایت خوبی دارید، فقط سرچش ضعیفه,0,gen-question
t2-1506,استاد دوره از کجا خریدم؟ لینک میدید,0,gen-question
t2-1507,چطور فاکتور خرید بگیرم از سایت؟,0,gen-question
t2-1508,بعد از خرید دوره، فایل‌ها کجا دانلود میشه؟,0,gen-question
t2-1509,رزرو کلاس حضوری از همین سایت انجام میشه؟,0,gen-question
t2-1510,امکان پرداخت قسطی هست برای دوره؟,0,gen-question
t2-1511,دوره رو خریدم ولی پنل کاربری چیزی نشون نمیده چرا,0,gen-question
t2-1512,لینک فعال‌سازی حساب اومد ولی باز نمیشه,0,gen-question
t2-1513,قیمت دوره‌ی بعدی هم همینقدره؟,0,gen-question
t2-1514,مدرک پایان دوره هم میدید؟,0,gen-question
t2-1515,دوره ضبط شده یا زنده برگزار میشه؟,0,gen-question
t2-1516,ف ا ل و کردم حتما,0,gen-spaced-ok
t2-1517,ف ا ل و شدم از پست قبلی,0,gen-spaced-ok
t2-1518,م ر سی، عالی بود,0,gen-spaced-ok
t2-1519,د م ت گ ر م استاد,0,gen-spaced-ok
t2-1520,ممنون، ف ا ل و کردم,0,gen-spaced-ok
t2-1521,ف ا ل و میکنم حتما,0,gen-spaced-ok
t2-1522,لایک و ف ا ل و کردم، ادامه بده,0,gen-spaced-ok
t2-1523,ف ا ل و کردن فراموش شد، الان کردم,0,gen-spaced-ok
t2-1524,مرسی,0,gen-thanks
t2-1525,ممنون,0,gen-thanks
t2-1526,ممنون استاد,0,gen-thanks
t2-1527,دمت گرم,0,gen-thanks
t2-1528,خداقوت,0,gen-thanks
t2-1529,عالی بود,0,gen-thanks
t2-1530,فوق العاده بود,0,gen-thanks
t2-1531,بی‌نظیر بود,0,gen-thanks
t2-1532,دمت گرم استاد زحمت کشیدی,0,gen-thanks
t2-1533,ممنون از اموزش رایگان,0,gen-thanks
t2-1534,تشکر فراوان,0,gen-thanks
t2-1535,دستتون درد نکنه,0,gen-thanks
t2-1536,خسته نباشید,0,gen-thanks
t2-1537,مرسی استاد عالی بود,0,gen-thanks
t2-1538,لایک کردم,0,gen-thanks
t2-1539,لایک و فالو کردم، منتظر جدیدا هستیم,0,gen-thanks
t2-1540,فالو شدم از اول,0,gen-thanks
t2-1541,سابسکرایب کردم,0,gen-thanks
t2-1542,زحمت کشیدی استاد,0,gen-thanks
t2-1543,ممنون بابت این جلسه,0,gen-thanks
t2-1544,هرچی بگم کمه,0,gen-thanks
t2-1545,فراموش کردم لایک کنم، الان کردم,0,gen-thanks
t2-1546,مرسی از تهران,0,gen-thanks
t2-1547,دم شما گرم,0,gen-thanks
t2-1548,عالی مثل همیشه,0,gen-thanks
t2-1549,ممنون که رایگان میذارید,0,gen-thanks
t2-1550,خدا خیرتون بده,0,gen-thanks
t2-1551,توپ بود,0,gen-thanks
t2-1552,فالو کردم ادامه بده استاد,0,gen-thanks
t2-1553,دمت گرم داداش گلم,0,gen-thanks
t2-1554,خسته نباشید بابا,0,gen-thanks
t2-1555,دمتون گرم واقعا,0,gen-thanks
t2-1556,ممنونم استاد عزیز,0,gen-thanks
t2-1557,مرسی از صمیم قلب,0,gen-thanks
t2-1558,دمت گرم بابت زحمتی که میکشی,0,gen-thanks
t2-1559,مچکرم استاد,0,gen-thanks
t2-1560,ممنون بابت پیگیری,0,gen-thanks
t2-1561,سپاس فراوان از اموزش خوبتون,0,gen-thanks
t2-1562,خدا نگهدار استاد گرامی,0,gen-thanks
t2-1563,دمت گرم، خیلی کمکی کرد,0,gen-thanks
t2-1564,مرسی که جواب دادید,0,gen-thanks
t2-1565,ممنون بابت راهنمایی خرید,0,gen-thanks
t2-1566,مرسی که سریع جواب دادید استاد,0,gen-thanks
t2-1567,دمت گرم، مشکل ثبت‌نامم حل شد,0,gen-thanks
t2-1568,سپاس از پشتیبانی خوبتون,0,gen-thanks
t2-1569,دمت گرم داداش، راستی اگه گوشی نو میخوای بیا اینستاگرامم، ارزون میذارم,1,gen-ad-comment
t2-1570,ممنون از آموزش. ضمنا دوستانی که میخوان سرمایه گذاری کنن به کانال سیگنال ما سر بزنن,1,gen-ad-comment
t2-1571,آموزشت عالی بود ولی اگه واقعا میخوای حرفه‌ای یاد بگیری دوره‌ی پولی خودمون رو ببین,1,gen-ad-comment
t2-1572,سلام به همه، یه گروه تلگرامی راه انداختم برای خرید و فروش لپتاپ استوک، بیا,1,gen-ad-comment
t2-1573,عالی بود دستت درد نکنه، راستی فالوور اینستاگرام میفروشیم، ارزون، دایرکت بدید,1,gen-ad-comment
t2-1574,خیلی خوب توضیح میدی، منم تو اینستاگرامم همینطوری آموزش میدم، بیا ببین,1,gen-ad-comment
t2-1575,سپاس از زحمتتون. بچه‌ها کسی گوشی آیفون میخواد بهم پیام بده قیمت مناسب میدم,1,gen-ad-comment
t2-1576,این جلسه رو دوست داشتم. ضمنا کانال تلگرامیم رو هم ببینید آموزشای رایگان اونجام,1,gen-ad-comment
t2-1577,ممنون استاد. برای خرید هاست و دامنه به سایت ما سر بزنید، کد تخفیف داریم,1,gen-ad-comment
t2-1578,خوب بود. اگه کسی ربات تلگرامی میخواد براش مینویسم، قیمت رو پیوی بگید,1,gen-ad-comment
t2-1579,دمت گرم. کسایی که میخوان درآمد دلاری داشته باشن به کانال ما بیان، آموزشش رایگانه,1,gen-ad-comment
t2-1580,ممنون از ویدیو. دوستان محصول جدیدمون رو ببینید، لینک تو پروفایل,1,gen-ad-comment
t2-1581,عالی. راستی کتاب صوتی رایگان برای برنامه‌نویسا تو کانال ما منتشر شد,1,gen-ad-comment
t2-1582,مرسی استاد. اگه بچه‌ها خواستید اکانت پرمیوم دوره‌ها رو ارزون بخرید بهم پیام بدید,1,gen-ad-comment
t2-1583,خوب بود ولی دوره‌ی خودمون کامل‌تره، تو سایت ما ثبت‌نام کنید,1,gen-ad-comment
t2-1584,دست مریزاد. برای ساخت سایت رایگان به سایت ما بیا، فقط هزینه‌ی هاست رو میدی,1,gen-ad-comment
t2-1585,دمت گرم داداش. دوستان کسی ویدئو کنفرانس برای کلاسش میخواد بهم پیام بده، تخفیف دارم,1,gen-ad-comment
t2-1586,مرسی از زحمتت. راستی دوستانی که مایحتاج خونه میخوان سایت ما رو چک کنن,1,gen-ad-comment
t2-1587,واقعا مفید بود برای من. اگه کسی دوره‌ی اکسل ارزون میخواد بگه، ادرس میدم,1,gen-ad-comment
t2-1588,دمت گرم. برای خرید سی‌دی آموزشی کامل با ۵۰ درصد تخفیف تماس بگیرید,1,gen-ad-comment
t2-1589,جالب بود. دوستان موفق باشید، کسایی که کار پاره وقت میخوان به کانال ما بیان,1,gen-ad-comment
t2-1590,ممنون استاد عالی بود. بچه‌ها کسی مبل و مبلمان سفارشی میخواد بهم پیام بده,1,gen-ad-comment
t2-1591,خسته نباشید. راستی چت روم جدید راه افتاده برای برنامه‌نویسا، بیاید همگی,1,gen-ad-comment
t2-1592,دمت گرم به استاد. برای خرید ساعت مچی اصل به پیج ما سر بزنید,1,gen-ad-comment
t2-1593,عالی توضیح میدی. کسایی که میخوان تایپ رو حرفه‌ای یاد بگیرن به کانال ما سر بزنن,1,gen-ad-comment
t2-1594,ممنون از این آموزش رایگان. دوستان کسایی که بازی سازی میخوان یاد بگیرن تو سایت ما دوره داره,1,gen-ad-comment
t2-1595,دمت گرم. دوستان بیمه عمر میخواید؟ مشاوره رایگان میدم، پیام بدید,1,gen-ad-comment
t2-1596,مرسی. اگه کسی گیاه آپارتمانی میخواد، اینستاگرام ما انواعش رو داره,1,gen-ad-comment
t2-1597,ممنون از توضیحات. راستی دوستانی که کنکور ارشد میدن، جزوه‌های ما کمکشون میکنه,1,gen-ad-comment
t2-1598,دمت گرم داداش گلم. کسایی که ترب بدنساز میخوان بهم تلگرام بدن، جا داره,1,gen-ad-comment
t2-1599,عالی بود. دوستان لینک خرید دوره‌ی کامل با تخفیف ویژه تو کامنت اول,1,gen-ad-comment
t2-1600,دمت گرم. برای تعمیر گوشی و لپتاپ با تعرفه‌ی مناسب پیام بدید، ادرس تو پروفایل,1,gen-ad-comment
t2-1601,عالی بود، منم تو اینستاگرام کد میذارم، بیا صفحه منو ببین,1,gen-ad-comment
t2-1602,دمت گرم، پیج منم ببین، آموزشای رایگان دارم,1,gen-ad-comment
t2-1603,مرسی استاد، اگه کسی مایحتاج خانگی میخواد تو گروه ما معرفی میکنم,1,gen-ad-comment
t2-1604,خوب بود، دوستان دایرکت بدید، لیست قیمت گوشی رو میفرستم,1,gen-ad-comment
t2-1605,توضیحت خوبه ولی کانال خودمونم ببینید، کاملتره,1,gen-ad-comment
t2-1606,ممنون، ضمنا کسایی که میخوان فالوور بگیرن بهم پیام بدید,1,gen-ad-comment
t2-1607,دمت گرم داداش، تلگرامم رو سیو کن، چیزای خوبی میفرستم,1,gen-ad-comment
t2-1608,عالی، اینستاگرام ما هم آموزش عکاسی داره، بیا,1,gen-ad-comment
t2-1609,جالب بود ولی دوره پولی خودمون کامل‌تره ببین,1,gen-ad-comment
t2-1610,عالی بود، ولی اگه میخوای سریع یاد بگیری دوره پولی ما رو ببین,1,gen-ad-comment
t2-1611,برای خرید دوره‌ی کامل به سایت ما سر بزنید: example-shop.com,1,gen-ad-link
t2-1612,telegram.me/python_course تخفیف ویژه این هفته,1,gen-ad-link
t2-1613,t.me/learn_fast ثبت‌نام دوره‌های ما از اینجا,1,gen-ad-link
t2-1614,همینطور به کانال ما هم سر بزنید: telegram.me/pyfa,1,gen-ad-link
t2-1615,خرید آنلاین از سایت ما: shop.example.ir ارسال فوری,1,gen-ad-link
t2-1616,برای مشاهده‌ی لیست قیمت‌ها کلیک کنید: prices.example.com,1,gen-ad-link
t2-1617,دوره‌ی صفر تا صد ما: course.example.org ثبت‌نام الزامی,1,gen-ad-link
t2-1618,سایت ما رو ببینید، چیزای خوبی داره: beststuff.ir,1,gen-ad-link
t2-1619,دوره‌ی کامل پایتون با ۴۵ درصد تخفیف فقط این هفته: fastlearn.ir,1,gen-ad-link
t2-1620,دوره جنگو ۳۰ درصد تخفیف داره، ثبت‌نام: telegram.me/dj_school,1,gen-ad-link
t2-1621,ثبت‌نام دوره‌ی جدید با ۲۰ درصد تخفیف: course.example.dev,1,gen-ad-link
t2-1622,کد تخفیف ۵۰ درصدی خرید دوره: python50,1,gen-ad-link
t2-1623,...,1,gen-contentless
t2-1624,....,1,gen-contentless
t2-1625,........,1,gen-contentless
t2-1626,؟؟؟؟,1,gen-contentless
t2-1627,؟؟؟؟؟؟,1,gen-contentless
t2-1628,!!!!,1,gen-contentless
t2-1629,!!!,1,gen-contentless
t2-1630,؟!,1,gen-contentless
t2-1631,!؟,1,gen-contentless
t2-1632,؟,1,gen-contentless
t2-1633,.,1,gen-contentless
t2-1634,ک,1,gen-contentless
t2-1635,چ,1,gen-contentless
t2-1636,ب,1,gen-contentless
t2-1637,و,1,gen-contentless
t2-1638,asdfgh,1,gen-contentless
t2-1639,qwerty,1,gen-contentless
t2-1640,zxcvbn,1,gen-contentless
t2-1641,شسیبشسیب,1,gen-contentless
t2-1642,ذخسیئذخسی,1,gen-contentless
t2-1643,شسیش,1,gen-contentless
t2-1644,سلام سلام سلام سلام,1,gen-contentless
t2-1645,مرسی مرسی مرسی مرسی مرسی,1,gen-contentless
t2-1646,؟؟؟؟؟؟؟,1,gen-contentless
t2-1647,.....؟.....,1,gen-contentless
t2-1648,ایمیل من info@pycourse-fan.ir هست، جوابتون رو اونجا میفرستم,1,gen-email-contact
t2-1649,برای هماهنگی به mohammad.example@gmail.com ایمیل بزنید,1,gen-email-contact
t2-1650,هر کی فایل کامل رو میخواد به ali.learning@example.com پیام بده,1,gen-email-contact
t2-1651,ایمیل بزنید: course.deals@example.com، لیست قیمت رو میفرستم,1,gen-email-contact
t2-1652,سفارش پروژه: dev.team@example.org,1,gen-email-contact
t2-1653,برای خرید اکانت به reseller@example.com ایمیل بزنید,1,gen-email-contact
t2-1654,رزومه‌هاتون رو به hr@example-company.ir بفرستید,1,gen-email-contact
t2-1655,مشاوره رایگان: consult.me@example.net,1,gen-email-contact
t2-1656,❤️❤️❤️,1,gen-emoji
t2-1657,‼️‼️,1,gen-emoji
t2-1658,❤️ ❤️,1,gen-emoji
t2-1659,🔥 🔥 🔥 🔥,1,gen-emoji
t2-1660,🌹 🌹 🌹,1,gen-emoji
t2-1661,!!!🔥🔥🔥,1,gen-emoji
t2-1662,؟؟؟😍؟؟؟,1,gen-emoji
t2-1663,‼️ ‼️ ‼️,1,gen-emoji
t2-1664,❤️😍😍‼️💰😢🔥👌,1,gen-emoji
t2-1665,"hey guys check out my new python channel, subscribe for more",1,gen-en-spam
t2-1666,"you can earn 300 dollars a day from home, dm me on telegram",1,gen-en-spam
t2-1667,"best online course 50 off, buy now on our website",1,gen-en-spam
t2-1668,subscribe to my channel for daily python tips,1,gen-en-spam
t2-1669,"make money fast with crypto signals, join our telegram group",1,gen-en-spam
t2-1670,"follow my instagram for free programming tips, link in bio",1,gen-en-spam
t2-1671,ف ا ل و ک نید و لایک یادتون نره,1,gen-evasion
t2-1672,ف ا ل و کنید جدیدترین آموزش‌ها اونجاست,1,gen-evasion
t2-1673,ک ا ن ا ل ما هم آموزش برنامه نویسی داره بیا,1,gen-evasion
t2-1674,ت ل گ ر ا م: python_pro بیا همکاری کنیم,1,gen-evasion
t2-1675,ای ن س ت ا گرام من رو ببینید، گالری از کارام دارم,1,gen-evasion
t2-1676,ف ا ل و + لایک فراموش نشه,1,gen-evasion
t2-1677,س ا ی ت ما تخفیف ویژه داره,1,gen-evasion
t2-1678,آی دی م: py_course_1 بیا پیوی,1,gen-evasion
t2-1679,ک ا ن ا ل جدید راه انداختم بیا همکاری کنیم,1,gen-evasion
t2-1680,ف ا ل و بکنید به بزرگترین کانال آموزشی,1,gen-evasion
t2-1681,ت ل گ ر ا م ما کانال ورود به بورسه,1,gen-evasion
t2-1682,لایک ف ا ل و کامنت یادتون نره,1,gen-evasion
t2-1683,د ا ی ر ک ت بدید، آی دی تو پروفایله,1,gen-evasion
t2-1684,و ا ت س ا پ ما محصول جدید اومده,1,gen-evasion
t2-1685,ف ا ل و کنید اگه جوابتون رو گرفتید,1,gen-evasion
t2-1686,این مدرس چقدر بی‌سواده، اصلا بلد نیست درس بده,1,gen-fa-insult
t2-1687,مدرس بی‌سواد، وقتی بلد نیستی چرا دوره میذاری,1,gen-fa-insult
t2-1688,چقدر بی‌قریحه توضیح میدی، مناسب این کار نیستی,1,gen-fa-insult
t2-1689,الاغ از تو بهتر درس میده استاد,1,gen-fa-insult
t2-1690,بی‌شرف، پول مردم رو میخوری و محتوای بی‌کیفیت میدی,1,gen-fa-insult
t2-1691,لحن تهاجمی داری، جای استاد نیستی,1,gen-fa-insult
t2-1692,خیلی وقاحت داره این آدم، تحملش نمیکنم,1,gen-fa-insult
t2-1693,متلک پرانی نمیخوایم، ادب یاد بگیر,1,gen-fa-insult
t2-1694,این مدرس واقعا بی‌فهمه، جواب سوال رو نمیفهمه اصلا,1,gen-fa-insult
t2-1695,بی‌شعورترین توضیحی که تا حالا شنیدم,1,gen-fa-insult
t2-1696,بی‌عرضه، چند ساله داره همین درس رو میفروشه,1,gen-fa-insult
t2-1697,کم‌عقل چیزهایی میگی استاد,1,gen-fa-insult
t2-1698,مدرسه؟؟ من که میگم بی‌سواده، جای تدریس نداره,1,gen-fa-insult
t2-1699,این بی‌حیثیت فقط پول تو جیب میذاره,1,gen-fa-insult
t2-1700,addresseto befrest، barname ro mifrestam,1,gen-finglish-contact
t2-1701,locationeto send kon biyaramat,1,gen-finglish-contact
t2-1702,ideto send kon، private mizanamet,1,gen-finglish-contact
t2-1703,shomaretuno to pv bedid,1,gen-finglish-contact
t2-1704,khar to khiari? in che darse bood,1,gen-finglish-insult
t2-1705,bi sharaf tarin moallemi ke didam,1,gen-finglish-insult
t2-1706,ahmagh in darso nemifahmi?,1,gen-finglish-insult
t2-1707,bimar? che harfaye mizani agha,1,gen-finglish-insult
t2-1708,"in agha hey khodesho mibare, bi tarbiat",1,gen-finglish-insult
t2-1709,por ro shodi aghaye moallem,1,gen-finglish-insult
t2-1710,bi farhang raftari khodeto dorost kon,1,gen-finglish-insult
t2-1711,divune? in chi bood daghighan,1,gen-finglish-insult
t2-1712,bi shoar az in dars hastim,1,gen-finglish-insult
t2-1713,kam aghel in moallem hast,1,gen-finglish-insult
t2-1714,to ke hichchi nemifahmi baba,1,gen-finglish-insult
t2-1715,bi tarbiat dorost sohbat kon,1,gen-finglish-insult
t2-1716,bi adabiye in harfat,1,gen-finglish-insult
t2-1717,ahmagh tarin darsi ke didam,1,gen-finglish-insult
t2-1718,bi shokhi miconi agha,1,gen-finglish-insult
t2-1719,khar khar sohbat nakon,1,gen-finglish-insult
t2-1720,شماره‌م: صفر نه یک دو سه چهار پنج شش هفت هشت نه زنگ بزنید,1,gen-phone-words
t2-1721,برای هماهنگی کلاس خصوصی: صفر نه یک دو سه چهار پنج شش هفت هشت نه,1,gen-phone-words
t2-1722,تماس: صفر نه یک دو سه چهار پنج شش هفت هشت نه,1,gen-phone-words
t2-1723,هر کی سوال داره به صفر نه یک دو سه چهار پنج شش هفت هشت نه پیام بده,1,gen-phone-words
t2-1724,واحد فروش صفر نه یک دو سه چهار پنج شش هفت هشت نه ساعت ۹ تا ۱۷,1,gen-phone-words
t2-1725,واتساپ: صفر نه یک دو سه چهار پنج شش هفت هشت نه فقط پیام بدید,1,gen-phone-words
t2-1726,صفر نه یک دو سه چهار پنج شش هفت هشت نه تماس بگیرید وقت اداری,1,gen-phone-words
t2-1727,برای سفارش صفر نه یک دو سه چهار پنج شش هفت هشت نه رو یادداشت کنید,1,gen-phone-words
t2-1728,مشاوره رایگان: صفر نه یک دو سه چهار پنج شش هفت هشت نه,1,gen-phone-words
t2-1729,هماهنگی برای دوره‌ی حضوری صفر نه یک دو سه چهار پنج شش هفت هشت نه,1,gen-phone-words
t2-1730,پیامک بدید صفر نه یک دو سه چهار پنج شش هفت هشت نه جواب میدم,1,gen-phone-words
t2-1731,شماره واتساپم صفر نه یک دو سه چهار پنج شش هفت هشت نه بیا هماهنگ کنیم,1,gen-phone-words
t2-1732,کلاس خصوصی میگیرم، شماره‌م صفر نه یک دو سه چهار پنج شش هفت هشت نه هست,1,gen-phone-words
t2-1733,دوستان صفر نه یک دو سه چهار پنج شش هفت هشت نه رو ذخیره کنید برای خرید,1,gen-phone-words
t2-1734,اگه مدل خاصی میخواید صفر نه یک دو سه چهار پنج شش هفت هشت نه رو تماس بگیرید,1,gen-phone-words
t2-1735,برای اطلاع از قیمت صفر نه یک دو سه چهار پنج شش هفت هشت نه صبر منتظرتم,1,gen-phone-words
t2-1736,شرکت ما صفر نه یک دو سه چهار پنج شش هفت هشت نه پاسخگوی شماست,1,gen-phone-words
t2-1737,ثبت سفارش تلفنی: صفر نه یک دو سه چهار پنج شش هفت هشت نه,1,gen-phone-words
t2-1738,پشتیبانی فروش: صفر نه یک دو سه چهار پنج شش هفت هشت نه,1,gen-phone-words
t2-1739,گفتگوی تلفنی برای مشاوره صفر نه یک دو سه چهار پنج شش هفت هشت نه,1,gen-phone-words
t2-1740,تخفیف ویژه تا فردا، صفر نه یک دو سه چهار پنج شش هفت هشت نه,1,gen-phone-words
t2-1741,جهت استعلام قیمت با صفر نه یک دو سه چهار پنج شش هفت هشت نه در تماس باشید,1,gen-phone-words
t2-1742,همکاران ما در صفر نه یک دو سه چهار پنج شش هفت هشت نه پاسخ میدن,1,gen-phone-words
t2-1743,بی زحمت صفر نه یک دو سه چهار پنج شش هفت هشت نه رو به دوستاتون هم بدید,1,gen-phone-words
t2-1744,همین الان صفر نه یک دو سه چهار پنج شش هفت هشت نه رو بگیرید,1,gen-phone-words
t2-1745,آقایون خانومها صفر نه یک دو سه چهار پنج شش هفت هشت نه تماس,1,gen-phone-words
t2-1746,فقط امروز: صفر نه یک دو سه چهار پنج شش هفت هشت نه,1,gen-phone-words
t2-1747,بلیط و رزرو: صفر نه یک دو سه چهار پنج شش هفت هشت نه,1,gen-phone-words
t2-1748,تحویل فوری، سفارش: صفر نه یک دو سه چهار پنج شش هفت هشت نه,1,gen-phone-words
t2-1749,پیش‌فروش دوره‌ی جدید: صفر نه یک دو سه چهار پنج شش هفت هشت نه,1,gen-phone-words
