text,video_title,video_id,likes
تو این روزگاری که کسی تا پول ندی جواب سلامت رو نمیده اینکه شما اینطور دانشتون رو نشر میدین واقعا جای قدردانی داره سپاس بیکران,آموزش برنامه نویسی پایتون از مقدماتی تا پیشرفته ( صفر تا صد ,_EHmnmGVSDI,1200
واقعا خیلی مردی که به جای اینکه این دوره هارو خداد تومن بفروشی رایگان میزاری فوق العاده ای منم چنلتو به کلی از دوستام معرفی کردم بیان عشق کنن دمت گرم,آموزش برنامه نویسی پایتون از مقدماتی تا پیشرفته ( صفر تا صد ,_EHmnmGVSDI,481
بسیار عالی بود خدا خیرتون بده که به جوونای این مملکت کمک میکنید ایشالا هرچی که میخواهید خدا بهتون بده و عاقبت بخیر بشوید,آموزش برنامه نویسی پایتون از مقدماتی تا پیشرفته ( صفر تا صد ,_EHmnmGVSDI,1000
عالیه ولی اگر ممکنه دوره پروژه محور هم بزارید که پروژه های کاربردی توش باشه,آموزش برنامه نویسی پایتون از مقدماتی تا پیشرفته ( صفر تا صد ,_EHmnmGVSDI,0
بی نقص توی یک ساعت اندازه ی یک ماه آموزشگاه رو بهترش رو درس میدین🎉😂❤,آموزش برنامه نویسی پایتون از مقدماتی تا پیشرفته ( صفر تا صد ,_EHmnmGVSDI,66
چندین آموزش پایتون دیدم. به جرات میگم کامل کامله و بسیار عالی آموزش داده شده.,آموزش برنامه نویسی پایتون از مقدماتی تا پیشرفته ( صفر تا صد ,_EHmnmGVSDI,276
عالی و کاملا مناسب برای افرادی که تازه میخوان شروع کنن . فقط کاش یک جزوه هم قرار میدادید تا این اثر فوق‌العاده تکمیل میشد,آموزش برنامه نویسی پایتون از مقدماتی تا پیشرفته ( صفر تا صد ,_EHmnmGVSDI,18
اگر کاملاً مبتدی و صفر کیلومتر هستید، پیشنهاد می‌کنم این ویدیو رو به‌عنوان دوره‌ی اولتون نبینید. اوایل ویدیو مطالب قابل فهمه، اما هرچی مباحث سخت‌تر می‌شن، توضیحات و مثال‌ها کافی نیستن و ممکنه خیلی از مطالب رو متوجه نشید. برای کسی که هیچ پیش‌زمینه‌ای از پایتون نداره، آموزش روان و کاملی نیست.,آموزش برنامه نویسی پایتون از مقدماتی تا پیشرفته ( صفر تا صد ,_EHmnmGVSDI,2
‏‪10:30:29‬‏ جالبه الان ۲۰۲۵ هستیم و دارم ویدیوتون رو میبینم ، ممنون❤,آموزش برنامه نویسی پایتون از مقدماتی تا پیشرفته ( صفر تا صد ,_EHmnmGVSDI,80
فوق‌العاده بود من به هرکی که خواست برنامه نویسی شروع کنه اول شمارو معرفی کردم بهش,آموزش برنامه نویسی پایتون از مقدماتی تا پیشرفته ( صفر تا صد ,_EHmnmGVSDI,117
من دارم از ۲۰۲۶ میبینم و واقعا عالیه کلی ازتون یاد گرفتم ، امیدوارم بتونم حرفه ای بشم توش و به ثمر برسونم,آموزش برنامه نویسی پایتون از مقدماتی تا پیشرفته ( صفر تا صد ,_EHmnmGVSDI,16
سلام استاد اگه میشه یک دوره جنگو برای پایتون ضبط کنید به نظرم مخاطب زیادی داره مخصوصا الان که این دوره پایتون شما هفتصد هزار مرتبه دیده شده بنظرم از جنگو هم استقبال زیادی میشه,آموزش برنامه نویسی پایتون از مقدماتی تا پیشرفته ( صفر تا صد ,_EHmnmGVSDI,14
من الان کامنتارو خوندم، کاشکی واقعا عالی باشی استاد,آموزش برنامه نویسی پایتون از مقدماتی تا پیشرفته ( صفر تا صد ,_EHmnmGVSDI,4
چه ایده خوبی که تو یک ویدیو تموم میکنی داستان رو اولین نفی هستی که به این سبک درس میدی دم شما گرم,آموزش برنامه نویسی پایتون از مقدماتی تا پیشرفته ( صفر تا صد ,_EHmnmGVSDI,139
بین تمام اموزش هایی که دیدم توی این چند ساله .شما جدای از اینکه کامل تر و واضح تر توضیح دادین. اومدی بصورت کامل و از صفر تا صد هم در اختیار مون قرار دادین این اطلاعات رو .ممنون بابت اموزش خوبتون و حسن نیت تون,آموزش برنامه نویسی پایتون از مقدماتی تا پیشرفته ( صفر تا صد ,_EHmnmGVSDI,24
خیلی عالی بود کلی یاد گرفتم به جرأت می‌توانم بگم در مقایسه با بقیه ویدیو های اموزش پایتون این کامل ترین و ساده ترین و بهترین اموزشی بود که دیدم، خیلی زحمت کشیدی... ممنون و خسته نباشید.,آموزش برنامه نویسی پایتون از مقدماتی تا پیشرفته ( صفر تا صد ,_EHmnmGVSDI,48
سال 2026 و مسیر تحلیلگری داده که من رو به مسیر جذاب برنامه نویسی و پایتون رسوند. سپاس فراوان از شما به خاطر به اشتراک گذاری با ارزش ترین دارایی تان یعنی دانش 💙,آموزش برنامه نویسی پایتون از مقدماتی تا پیشرفته ( صفر تا صد ,_EHmnmGVSDI,1
استاد عزیز من توی 4 ماه ویدیو شما را کامل نگاه کردم و چندین اموزش پایتون دیده بودم به جرعت می تونم بگم ویدیو شما هم کامل و کوتاه بود و این که اومیدوارم یه روز بتونم جبران کنم خیلی ازتون سپاس گزارم که این اموزش ها رایگان در اختیار جوانان کشورمون گزاشتی و می تونیم استفاده رایگان کنیم بازم ازتون سپاس گزارم,آموزش برنامه نویسی پایتون از مقدماتی تا پیشرفته ( صفر تا صد ,_EHmnmGVSDI,2
خیلی ممنون عالیه کامل ترین کانال آموزش برنامه نویسی❤,آموزش برنامه نویسی پایتون از مقدماتی تا پیشرفته ( صفر تا صد ,_EHmnmGVSDI,10
سلام، ممنونم از این آموزش کامل و جامع و بی حاشیه که باعث می شود هنرجو بدون فکر اضافه برنامه نویسی را فرا بگیرد، خدا قوت قهرمان,آموزش برنامه نویسی پایتون از مقدماتی تا پیشرفته ( صفر تا صد ,_EHmnmGVSDI,5
داداش دمت گرم کی وقت کردی این همه نرم افزار یاد بگیری ;-),آموزش برنامه نویسی پایتون از مقدماتی تا پیشرفته ( صفر تا صد ,_EHmnmGVSDI,13
دمت گرم من تا الان ۲ ساعتش رو دیدم خیلی حرفه کاملا مسلط و بر مبنای رفرنس درس میدی بدون دروغ و گیج کردن صادقانه و صحیح یاد میدی آفرین بر تو من واقعا نیاز دارم یاد بگیرم و با وجود این آموزش استرسم از بین رفته و میدونم دارم اصولی و بر مبنای اصلی یاد میگیرم به جا اینکه چند سال از عمرم بگذره و ندونم چیزی که یاد گرفتم به درد نمیخوره از تو بهترین و درست ترین رو یاد میگیرم,آموزش برنامه نویسی پایتون از مقدماتی تا پیشرفته ( صفر تا صد ,_EHmnmGVSDI,14
سلام.من این دوره رو از اول تا آخر توی 5 ماه دیدم.همین الان هم تمومش کردم.به عنوان یک فرد زیر 15 سال به جرات میتونم بگم مفاهیم و شیوه ی تدریس فوووق العاده بود.,آموزش برنامه نویسی پایتون از مقدماتی تا پیشرفته ( صفر تا صد ,_EHmnmGVSDI,16
خسته نباشی اصلا خسته کننده نیست یه ساعته با لذت دارم میبینم😂,آموزش برنامه نویسی پایتون از مقدماتی تا پیشرفته ( صفر تا صد ,_EHmnmGVSDI,19
فوق العادست آموزش های زیادی رو دیدم ولی آموزش شما بسیار ریز شده و کامل تر هستش واقعا ممنونم که این آموزش خوب را رایگان در اختیار بقیه قرار دادید❤️,آموزش برنامه نویسی پایتون از مقدماتی تا پیشرفته ( صفر تا صد ,_EHmnmGVSDI,108
واقعا عالی بود.من خیلی کلیپ دیدم.ولی این یه چیز دیگه بود.کاش میشد هزاربار لایک کرد,آموزش برنامه نویسی پایتون از مقدماتی تا پیشرفته ( صفر تا صد ,_EHmnmGVSDI,18
با سلام با اینکه پایتون زبان برنامه نویسی خیلی دشواری هست اما شما چنان واضع و با زبان ساده آموزش دادید که نیازی به هیچ کمک از سایت دیگه یا کتاب نبود و در کمتر از دو هفته کامل یادگرفتم ممنونم از آموزش خیلی خوبتون,آموزش برنامه نویسی پایتون از مقدماتی تا پیشرفته ( صفر تا صد ,_EHmnmGVSDI,1
داداش خدا خودتو و خانوادتو و رفیقاتو همرو سالم و سر زنده نگه داره خدا از بزرگی کمت نکنه,آموزش برنامه نویسی پایتون از مقدماتی تا پیشرفته ( صفر تا صد ,_EHmnmGVSDI,1
فوق العاده بود تشکر من لذت بردم از آموزشت ، بزرگترین ویژگی آموزش این بود که اصل مطالب رو واضح و دقیق و بدون پرداختن به موضوعات غیر مرتبط گفته شد,آموزش برنامه نویسی پایتون از مقدماتی تا پیشرفته ( صفر تا صد ,_EHmnmGVSDI,16
عالي بود دمت گرم 😻😻 امتحان داشتم و هرچي از اينجا ياد گرفتم جواب داد ❤❤❤❤❤❤,آموزش برنامه نویسی پایتون از مقدماتی تا پیشرفته ( صفر تا صد ,_EHmnmGVSDI,6
واقعاً دوره‌ی مردی بود... پیر شدم😂😂😂,آموزش برنامه نویسی پایتون از مقدماتی تا پیشرفته ( صفر تا صد ,_EHmnmGVSDI,13
هنوز یک ساعت از آموزش رو دیدم و تازه شروع کردم ولی میتونم بگم تا حالا آموزش به این کار درستی و کاملی و ریزبینی ندیدم,آموزش برنامه نویسی پایتون از مقدماتی تا پیشرفته ( صفر تا صد ,_EHmnmGVSDI,1
داداش ممنونم که همه ی اموزشای پولی رو رایگان برای کسایی که پول زیادی ندارن میزاری ! عشقی ❤👍,آموزش برنامه نویسی پایتون از مقدماتی تا پیشرفته ( صفر تا صد ,_EHmnmGVSDI,24
خدا قوت استاد. معلومه خییییلی زحمت کشیدید. ممنونم که آموزشی به این خوبی رو رایگان در اختیار ما قرار دادید.🌹🙏🏻,آموزش برنامه نویسی پایتون از مقدماتی تا پیشرفته ( صفر تا صد ,_EHmnmGVSDI,30
درود برشما برای وقت و انرژی که در این آموزش صرف میکنید بسیار ممنونیم,آموزش برنامه نویسی پایتون از مقدماتی تا پیشرفته ( صفر تا صد ,_EHmnmGVSDI,7
شما خیلی خوب توضیح میدید. هزاران بار متشکرم که تمام جزئیات را آموزش میدید با صبر و حوصله و استعداد خاصی که در بیان و انتقال در آموزش دارید، شما بهترینید. متشکرم واقعا,آموزش برنامه نویسی پایتون از مقدماتی تا پیشرفته ( صفر تا صد ,_EHmnmGVSDI,0
کورس خوبی بود اما بشدت نیازمند حل تمرین و پروژه های مختلف بود.,آموزش برنامه نویسی پایتون از مقدماتی تا پیشرفته ( صفر تا صد ,_EHmnmGVSDI,0
خدا خیرتون بده شما قطعاً یکی از شریف ترین و بهترین انسانهایی هستید که من دیدم خدا خیرتون بده و زندگیتون پر از شادی و سلامتی و اتفاقات عالی باشه💐💖💐💖💐💖,آموزش برنامه نویسی پایتون از مقدماتی تا پیشرفته ( صفر تا صد ,_EHmnmGVSDI,2
دمت گرم من خیلی دنبال یادگیری بودم و شما بهم یاد دادین ممنون ایشالا هرچی از خدا می‌خوای بهت بده,آموزش برنامه نویسی پایتون از مقدماتی تا پیشرفته ( صفر تا صد ,_EHmnmGVSDI,7
سلام html و css رو تموم کردم و پایتون رو تازه شروع کردم ، واقعا عالی هستین ، خیلی خیلی ممنونم,آموزش برنامه نویسی پایتون از مقدماتی تا پیشرفته ( صفر تا صد ,_EHmnmGVSDI,1
واقعا دمتون گرم خدا از هرچی بلا هست نگهتون داره❤️❤️,آموزش برنامه نویسی پایتون از مقدماتی تا پیشرفته ( صفر تا صد ,_EHmnmGVSDI,9
از افغانستان خیلی ممنون شما هستم . خداوند متعال در علم شما محترم برکت و زیادت خیر بګرداند. جزاکم الله خیرا.,آموزش برنامه نویسی پایتون از مقدماتی تا پیشرفته ( صفر تا صد ,_EHmnmGVSDI,5
استاد واقعا آموزشتون خیلی کامل و فوقالعاده بود. ازتون بابت زحمتی که برای ضبط این ویدیو و اینکه دانشتون رو بدون هیچ چشمداشتی در اختیار همه گذاشتین و کاملترین آموزشی بود که تا الان دیده بودم واقعا ممنونم. انشالله که هرچی میخواین خدا بهتون بده,آموزش برنامه نویسی پایتون از مقدماتی تا پیشرفته ( صفر تا صد ,_EHmnmGVSDI,7
دمت گرم داداش ❤ بعد یکماه و روزی ۲ تا ۳ ساعت تازه به نصف ویدئو رسیدم❤,آموزش برنامه نویسی پایتون از مقدماتی تا پیشرفته ( صفر تا صد ,_EHmnmGVSDI,1
یکی از بهترین اساتید هستید که توی حوضه برنامه نویسی میشناسم خواهش می کنم نا امید نشید و فعالیتتون قطع نکنید,آموزش برنامه نویسی پایتون از مقدماتی تا پیشرفته ( صفر تا صد ,_EHmnmGVSDI,0
بهترین ویدئو آموزشی پایتون که دیدم ❤خیلی اذتون ممنونم,آموزش برنامه نویسی پایتون از مقدماتی تا پیشرفته ( صفر تا صد ,_EHmnmGVSDI,3
خدا همیشه خیر و سلامتی بهت بده استاد❤❤ عالی بود,آموزش برنامه نویسی پایتون از مقدماتی تا پیشرفته ( صفر تا صد ,_EHmnmGVSDI,10
درود بر شما که همچین دوره مهمی رو در اختیار گذاشتین❤,آموزش برنامه نویسی پایتون از مقدماتی تا پیشرفته ( صفر تا صد ,_EHmnmGVSDI,1
خداوند از شما راضی باشه. انشااله بهترینها نصیبتون بشه. برای هر ثانیه که وقت میگذارید انشااله خدا سالها شادی و سلامت به شما ببخشه.❤❤❤,آموزش برنامه نویسی پایتون از مقدماتی تا پیشرفته ( صفر تا صد ,_EHmnmGVSDI,1
واقعا واضح، مرتب، گام به گام و بسیار مفهوم توضیح داده شده. ممنونم ازتون,آموزش برنامه نویسی پایتون از مقدماتی تا پیشرفته ( صفر تا صد ,_EHmnmGVSDI,4
واقعا عالی معلومه روی این ویدعو زحمت کشیده شده دمتون گرم موفق باشید,آموزش برنامه نویسی پایتون از مقدماتی تا پیشرفته ( صفر تا صد ,_EHmnmGVSDI,5
من تمام ویدیو های یوتوب را دیدم و میتونم بگم بهترین و کامل ترین و در این حال کم زمان ترین ویدیو اموزش پایتون و هوش مصنوعی بود خیلی از این اموزش لذت بردم متشکرم🎉❤,آموزش برنامه نویسی پایتون از مقدماتی تا پیشرفته ( صفر تا صد ,_EHmnmGVSDI,16
واقعا خیلی ممنون ازتون . من خودم ی سال دوازدهمی هستم که بخاطر تایم کنکور و امتحانا وقت نداشتم برم کلاسای بیرون . خیلی کارم حلو افتاد واقعآً ممنون ازتون❤,آموزش برنامه نویسی پایتون از مقدماتی تا پیشرفته ( صفر تا صد ,_EHmnmGVSDI,0
واقعا خدا خیرتون بده همین آموزش ها رو نصفه میفروشن بالای ۱۰۰ هزار واقعا خدا خیرتون بده,آموزش برنامه نویسی پایتون از مقدماتی تا پیشرفته ( صفر تا صد ,_EHmnmGVSDI,0
چقدر قشنگ توضیح میدید😍,آموزش برنامه نویسی پایتون از صفر با تمرین و پروژه,puIs8o1JScQ,1
لطفا دوره های دیگه ای هم اموزش بدید,آموزش برنامه نویسی پایتون از صفر با تمرین و پروژه,puIs8o1JScQ,0
عالی و پرانرژی❤,آموزش برنامه نویسی پایتون از صفر با تمرین و پروژه,puIs8o1JScQ,1
سلام امید که جور و سرحال باشید آموزش شما بسیار مفید بود لطف کنید آموزش های پروژه محور بیشتر تهیه کنید تا پایتون را مکمل و حرفه ای یاد بگیریم,آموزش برنامه نویسی پایتون از صفر با تمرین و پروژه,puIs8o1JScQ,0
این دوره تا چه سطحی از پایتون رو در بر میگیره؟ این دوره پیشرفته هم شامل میشه؟یا فقط پایتون مقدماتی هست؟,آموزش برنامه نویسی پایتون از صفر با تمرین و پروژه,puIs8o1JScQ,1
از همین اولین ویدیو خیلی خوشم اومد ازش چون برعکس بقیه گرافیک و جلوه بصری خوبی داشت 👏,آموزش برنامه نویسی پایتون از صفر با تمرین و پروژه,puIs8o1JScQ,2
عاشقتونم استاد چون خیلی به فکر مردم هستید ❤😊,آموزش برنامه نویسی پایتون از صفر با تمرین و پروژه,puIs8o1JScQ,4
من برای ai میخوام پایتون یاد بگیرم این مباحث که ارائه دادین کافی هست اگر نیست یک منبع دیگه هم بهم معرفی کنید,آموزش برنامه نویسی پایتون از صفر با تمرین و پروژه,puIs8o1JScQ,1
از زحمات شما ممنونیم,آموزش برنامه نویسی پایتون از صفر با تمرین و پروژه,puIs8o1JScQ,0
ممنون استاد❤❤😍😍😍,آموزش برنامه نویسی پایتون از صفر با تمرین و پروژه,puIs8o1JScQ,1
عالی استاد👌👌🤩🤩,آموزش برنامه نویسی پایتون از صفر با تمرین و پروژه,puIs8o1JScQ,2
واقعا عالی هست توضیحاتتون من فصل یک رو تموم کردم و هیچ دوره ای اینطوری بازبان ساده بیان نمیکنه🤗🌺🌺🌺👏👏👏,آموزش برنامه نویسی پایتون از صفر با تمرین و پروژه,puIs8o1JScQ,1
ویدوئهای حرفه ای با کیفیت. قابل فهم همراه مثالهای خوب بدون اتلاف وقت. 🙏🙏🙏🙏🙏🙏🙏🙏🙏🙏,آموزش برنامه نویسی پایتون از صفر با تمرین و پروژه,puIs8o1JScQ,1
خیلی عالی بود ممنون,آموزش برنامه نویسی پایتون از صفر با تمرین و پروژه,puIs8o1JScQ,0
ممنون استاد بابت ویدیوهای عالی و پر از دانشتون، امیدوارم هر جا هستید موفق باشید و همیشه چراغ راه یادگیری و دانش برای دیگران بمونید. 🌱,آموزش برنامه نویسی پایتون از صفر با تمرین و پروژه,puIs8o1JScQ,1
دمت گرم اصلا من حال میکنم با حرف زدنت تا چه برسه به آموزشات❤❤❤❤,آموزش برنامه نویسی پایتون از صفر با تمرین و پروژه,puIs8o1JScQ,1
سلام دوست عزیز دنبال یک فریلنسر مسلط به پایتون ... میگردم (جهت نوشت ربات متوسط تلگرام با جلوه بصری کم) آیا شما کسی رو دارید که دنبال همچین کاری باشه؟,آموزش برنامه نویسی پایتون از صفر با تمرین و پروژه,puIs8o1JScQ,0
سلام استاد خسته نباشید میگم. فقط یه سوال داشتم منی که برای هوش مصتوعی می خوام این زبان و یاد بگیرم این دوره به دردم می خوره و برای هوش مصنوعی نیازی نیست که جور خاصی یاد بگیریم ؟,آموزش برنامه نویسی پایتون از صفر با تمرین و پروژه,puIs8o1JScQ,1
استاد بعضی ویدیوهاتون 3 سال پیش اپلود شده فرق میکنه فضاش با الان یا همونه کد ها,آموزش برنامه نویسی پایتون از صفر با تمرین و پروژه,puIs8o1JScQ,2
سلام وقت بخیر، جزوه این دوره موجود نیست؟,آموزش برنامه نویسی پایتون از صفر با تمرین و پروژه,puIs8o1JScQ,0
سلام استاد من میخواهم پایتون را بصورت آنلاین فراگیرم ایا شما فرصت دارید,آموزش برنامه نویسی پایتون از صفر با تمرین و پروژه,puIs8o1JScQ,0
آیا توی دوره هوش مصنوعی های مربوط به این شاخه رو هم یاد میدید؟,آموزش برنامه نویسی پایتون از صفر با تمرین و پروژه,puIs8o1JScQ,0
سلام ببخشید با لب تاپ هم میشه برنامه نویسی کرد,آموزش برنامه نویسی پایتون از صفر با تمرین و پروژه,puIs8o1JScQ,0
استاد من یه دوره پایتون مقدماتی رفتم و سرعت کلاس خیلی کند بود و جزوه درستی هم بهمون نمیدادند به نظرتون میشه به صورت خود آموز تا حدود متوسط پایتون رو یاد بگیرم از طریق یوتیوب؟ و اینکه به نظر شما حتما باید دوره ی آی سی دی ال رو قبل از پایتون گذرونده باشم؟🌹🌹,آموزش برنامه نویسی پایتون از صفر با تمرین و پروژه,puIs8o1JScQ,6
این دوره پروژه عملی هم داره؟,آموزش برنامه نویسی پایتون از صفر با تمرین و پروژه,puIs8o1JScQ,2
حداقل ده ها آموزش دیدم پایتون حتی خارجیا، ولی آموزش تو ازهمه بهتر بود خیلییییی👊👊👊👊🥳🤗 بزنم به تخته برات بیستی,دستورات شرطی پایتون - if else ،پایتون مقدماتی استاد جادی - ق,Mmge2TyBZ_Y,29
استاد بزرگ جادی زنده باد واقعا روش درس دادنشون با همه فرق داره. خداکنه مشکل اخیرشون بخوبی رد بشه,دستورات شرطی پایتون - if else ،پایتون مقدماتی استاد جادی - ق,Mmge2TyBZ_Y,17
جادی خیر از جوونی و هیکلت ببینی🙌😍🤍 خدایی خیلی قشنگ به زبون ساده توضیح میدی🤷👊👊👊 هیچکی به گرد پات نمیرسه مرد♥️,دستورات شرطی پایتون - if else ،پایتون مقدماتی استاد جادی - ق,Mmge2TyBZ_Y,6
عالی واقعا قابل درک است من تو پوهنتون آمریکا میخانم اونا که تشریح نمیکنن اما اول از شما را میفهمم بعدا اونا را,دستورات شرطی پایتون - if else ،پایتون مقدماتی استاد جادی - ق,Mmge2TyBZ_Y,9
پایین همه ویدپوها نوشته شده که در درسهای بعدی لحاظ میشه ولی بازم همونه باید اسم مکتبخوبه بین اونهمه فضای خالی جایی باشه که امکان دیدن و هماهنگ شدن نباشه درست مثل اینکه زیرنویس یه ویدیو با صداش نخونه . ووقتی داری دستور قبل و میبینی و چک میکنی استاد دارن یه قسمت دیگه رو میگن .,دستورات شرطی پایتون - if else ،پایتون مقدماتی استاد جادی - ق,Mmge2TyBZ_Y,29
ممنون جادی این دوره مقدماتی خیلی به من داره کمک میکنه من نوشتم و واقعا فکر کردم که input رو کی بیارم تا متوجه بشه 😂,دستورات شرطی پایتون - if else ،پایتون مقدماتی استاد جادی - ق,Mmge2TyBZ_Y,0
استاد با تشکر بسیار تا بسیار دقیق و کامل و فهومی موفق باشین❤,دستورات شرطی پایتون - if else ،پایتون مقدماتی استاد جادی - ق,Mmge2TyBZ_Y,0
یکی به من جواب بده.صد بار مانند برنامه اموزش رو نوشتم اما جواب سلام غریبه هستش.عجیب نیست?,دستورات شرطی پایتون - if else ،پایتون مقدماتی استاد جادی - ق,Mmge2TyBZ_Y,2
حاجی من پرام ریخت چون ویدیو برا 4 سال پیشه برا پرینت دبل کوتیشن نزد پرام ریخت خخخ,دستورات شرطی پایتون - if else ،پایتون مقدماتی استاد جادی - ق,Mmge2TyBZ_Y,0
دوست داشتنی و خندان مثل شما,دستورات شرطی پایتون - if else ،پایتون مقدماتی استاد جادی - ق,Mmge2TyBZ_Y,0
تا اینجا که عالی بود 🐸,دستورات شرطی پایتون - if else ،پایتون مقدماتی استاد جادی - ق,Mmge2TyBZ_Y,1
عالی بود استاد ❤,دستورات شرطی پایتون - if else ،پایتون مقدماتی استاد جادی - ق,Mmge2TyBZ_Y,0
دلیلشو فهمیدم.پایتون من اخرین ورژن هستش و باید یه چیزایی رو رعایت کنم,دستورات شرطی پایتون - if else ،پایتون مقدماتی استاد جادی - ق,Mmge2TyBZ_Y,1
عالی استاد واقعا فوق العاده اید ❤,دستورات شرطی پایتون - if else ،پایتون مقدماتی استاد جادی - ق,Mmge2TyBZ_Y,0
عالی بود استاد خداقوت❤,دستورات شرطی پایتون - if else ،پایتون مقدماتی استاد جادی - ق,Mmge2TyBZ_Y,0
جادی یه شخصیت کمیاب تو ایرانه قدرشو بدونیم,دستورات شرطی پایتون - if else ،پایتون مقدماتی استاد جادی - ق,Mmge2TyBZ_Y,0
دمت گرم موفق باشی,دستورات شرطی پایتون - if else ،پایتون مقدماتی استاد جادی - ق,Mmge2TyBZ_Y,0
خیلی خوب بود😍👌,دستورات شرطی پایتون - if else ،پایتون مقدماتی استاد جادی - ق,Mmge2TyBZ_Y,0
من 12 سالمه و 2 سال هستش که جادی رو دنبال میکنم و با حرفایی که در رابطه برنامه نویسی یا شوخی هایی که میکنه یا در مورد اخلاق های برنامهع نویس حرف میزنه موافقم .,دستورات شرطی پایتون - if else ،پایتون مقدماتی استاد جادی - ق,Mmge2TyBZ_Y,0
خوشحالم که جادی رو میشناسم ، ده ها ده ها آموزش دیدم ولی قبلیها سو تفاهم بودن,دستورات شرطی پایتون - if else ،پایتون مقدماتی استاد جادی - ق,Mmge2TyBZ_Y,0
مرسی استاد من ۱۵ سالمه علاقه مند به برنامه نویسی شبکه و هک هستم و دارم با ویدیو های شما دوره مقدماتی رو میگزرونم...,دستورات شرطی پایتون - if else ،پایتون مقدماتی استاد جادی - ق,Mmge2TyBZ_Y,8
و اینکه توی قسمت نوشتن str، نمیشه از elif استفاده کرد چون برای من ارور میده و من بارها اینکارو کردم,دستورات شرطی پایتون - if else ،پایتون مقدماتی استاد جادی - ق,Mmge2TyBZ_Y,1
سلام وقت بخیر ببخشید پایتون من ورژن ۳.۹.۱۳ هستش اما وقتی if رو میزنم نمیشناسه...دلیلشو میدونین؟,دستورات شرطی پایتون - if else ،پایتون مقدماتی استاد جادی - ق,Mmge2TyBZ_Y,1
یه سوال داشتم، چیو باید بزنیم که کدای قبلیمون بیاد ؟,دستورات شرطی پایتون - if else ،پایتون مقدماتی استاد جادی - ق,Mmge2TyBZ_Y,1
سلام. پس کی از vscode استفاده کیم؟ بهتر نیست ران شدن برنامه ها رو ببینیم که راحت تر درک کنیم؟؟,دستورات شرطی پایتون - if else ،پایتون مقدماتی استاد جادی - ق,Mmge2TyBZ_Y,3
دوستان برای پاک کردن کدها رو صفحه از چه کدی استفاده میکنه؟,دستورات شرطی پایتون - if else ،پایتون مقدماتی استاد جادی - ق,Mmge2TyBZ_Y,1
سلام. من برای یادگیری تازه کارم. در کل شیوه بیان موضوع استاد جادی خوبه فقط مسئله ای که برای من بوجود اومده اینه که شیوه کد زدن توی محیط cmd و ویژوال استودیو با هم متفاوته تا حدی. و این منو گیج کرده و مجبورم برم در کنار این آموزش آموزشای دیگه ای ببینم که توی محیط ویژوال استودیو انجام شده.,دستورات شرطی پایتون - if else ،پایتون مقدماتی استاد جادی - ق,Mmge2TyBZ_Y,0
اگر تو تمرین آخری که جادی داد (همون اسم خودتون و جادی رو بگیره برنامه) به مشکل خورد فک میکنم جادی پایتون ۲ رو ران داشته که به مشکل خورده چون پایتون ۲ و پایتون ۳ این مورد برعکس هم هستن درسته؟!,دستورات شرطی پایتون - if else ،پایتون مقدماتی استاد جادی - ق,Mmge2TyBZ_Y,0
خودشون کانال دارن؟,دستورات شرطی پایتون - if else ،پایتون مقدماتی استاد جادی - ق,Mmge2TyBZ_Y,0
استاد یه سوال داشتم من همون مراحل رو با if و elif و else میرم اما با اینکه اسمم رو درست مینویسم باز هم همون چیز که برای else نوشتم مینویسه یعنی اصلا انگار شرط ننوشتم و فقط گفتم print(' salam gharibe '),دستورات شرطی پایتون - if else ،پایتون مقدماتی استاد جادی - ق,Mmge2TyBZ_Y,1
ان همه علم ودانایی در وجود ارزشمندتان وبخشیدن بی ادعای ان به دیگران مثال زدنی است.شاد وبر قرار باشید مهر بانو.,آموزش کامل برنامه نویسی پایتون در 3 ساعت,BsScQ1mOKrA,16
چه لحن آروم و خوبی دارید. من بعضی‌هاشو بلد بودم و استفاده کردم. ممنونم ازتون. :x,آموزش کامل برنامه نویسی پایتون در 3 ساعت,BsScQ1mOKrA,22
من برای دوره از ویدیو شما استفاده کردم و فوق العاده بود 👌🌹 به همه کسایی که میخوان دوره مقدماتیشون رو یادآوری کنن پیشنهاد میکنم✔,آموزش کامل برنامه نویسی پایتون در 3 ساعت,BsScQ1mOKrA,10
و استاد شما همیش شاد و سر بلند باشین و ما خدا رو شکر می‌کنیم مثل شما استاد داریم,آموزش کامل برنامه نویسی پایتون در 3 ساعت,BsScQ1mOKrA,5
بابا دمت گرم با این محتوی بینظیر و عالی. فقط ملت از اینجا شروع کنید: 4:08,آموزش کامل برنامه نویسی پایتون در 3 ساعت,BsScQ1mOKrA,0
برای کسی که اشناییت با زبان دیگه داره میخواد پایتون رو شروع کنه عالیه واقعا تمرین محور و بدونه توضیحات طولانی,آموزش کامل برنامه نویسی پایتون در 3 ساعت,BsScQ1mOKrA,0
خیلی خیلی ممنون خانم من از افغانستان استم و بسیار خوش استم مثل شما یک استاد خوب پیدا کردم,آموزش کامل برنامه نویسی پایتون در 3 ساعت,BsScQ1mOKrA,16
با سپاس از زحمات شما استاد محترم و دانشمند ❤️🌷,آموزش کامل برنامه نویسی پایتون در 3 ساعت,BsScQ1mOKrA,11
پایچارم خیلی فرق داره با ویژوال استدیو ؟,آموزش کامل برنامه نویسی پایتون در 3 ساعت,BsScQ1mOKrA,0
چقدر لذت بردم از این حرکت شما که کل ویدیو رو یکجا گذاشتین,آموزش کامل برنامه نویسی پایتون در 3 ساعت,BsScQ1mOKrA,2
لطفا در مورد مدل های هوش مصنوعی هم ویدیو بزارید,آموزش کامل برنامه نویسی پایتون در 3 ساعت,BsScQ1mOKrA,5
خیلی عالی بود سرکار خانم دکتر صادقی عزیز.برای کسی تو درجه علمی شما آموزش دادن به این راحتی و روانی خیلی سخته ولی شما این کار رو به خوبی و به نحو احسن انجام میدید.بابت این آموزش عالی از شما سپاسگزارم🙏,آموزش کامل برنامه نویسی پایتون در 3 ساعت,BsScQ1mOKrA,0
خیلی ممنونم خانم دکتر. من بعد از سالها دوباره برگشتم به دنیای برنامه نویسی. همین اول کار خیلی موارد اساسی رو از شما یاد گرفتم. خیلی روشن و شفاف پیش میرید. بی نهایت سپاسگزارم,آموزش کامل برنامه نویسی پایتون در 3 ساعت,BsScQ1mOKrA,0
خیلی سطح پیشرفته بود نتونستم ادامه بدم همان اول پیچیده ش کردین,آموزش کامل برنامه نویسی پایتون در 3 ساعت,BsScQ1mOKrA,0
عااالی بود. بررای اولین بار من بالاخره یه درک درست از پایتون پیدا کردم. شما عااالی هستید.مرسی,آموزش کامل برنامه نویسی پایتون در 3 ساعت,BsScQ1mOKrA,0
سلام ، عالی هستی. میشه ازت بخوام که همینطور که آموزش دادی همینطور هم یک سری تمرینهای طبقه بندی انجام بدی و ویدئو شو بزاری؟ البته هر جلسه برای یک مبحث ، از تمرینهای ساده و راحت تا حرفه‌ای ؟,آموزش کامل برنامه نویسی پایتون در 3 ساعت,BsScQ1mOKrA,15
استاد درود بر شما من یه مشکل بزرگ دارم - با ویندوز ۱۰ زمانی که pyinstaller رو نصب میکنم تو پنجره cmd نشون میده که نصب میشه ولی زمانی که فایل پایتون بهش میدم که تبدیل به exe کنه پیام اینکه رکوگنایز نمیکنه pyinstaller رو میده ، ده بار نصب کردم ، میشه راهنمایی کنید؟,آموزش کامل برنامه نویسی پایتون در 3 ساعت,BsScQ1mOKrA,0
دوماه بعد دیدن این آموزشتون برگشتم بگم که خیییییلی خیییلی ممنونم ازتون خیییلی کمک کردین تو مسیر جدید من واقعا,آموزش کامل برنامه نویسی پایتون در 3 ساعت,BsScQ1mOKrA,1
خدا به شما خیر بده موفق باشی خیلی خیلی لطف کردی,آموزش کامل برنامه نویسی پایتون در 3 ساعت,BsScQ1mOKrA,0
این روش شما که داخل کادر نبودی عالیه تصویر واضح و کامل بود خسته نباشی کاش همه ای کار رو انجام بدن,آموزش کامل برنامه نویسی پایتون در 3 ساعت,BsScQ1mOKrA,0
واقعا لذت بردم جدا از اینکه اموزش ت عالیه سلیقه ی خوب و انرژی بالایی داری ازت لذت بردم ای کاش اطرافیانم هم مثل تو همیشه با انرژی باشن روحیه گرفتم,آموزش کامل برنامه نویسی پایتون در 3 ساعت,BsScQ1mOKrA,0
ممنون از بانوی دانشمند سرزمینم. ❤,آموزش کامل برنامه نویسی پایتون در 3 ساعت,BsScQ1mOKrA,0
بینهایت سپاسگذارم ازتون . این بهترین و مفیدترین پادکست آموزشی بود که تابحال دیدم .... 🎉,آموزش کامل برنامه نویسی پایتون در 3 ساعت,BsScQ1mOKrA,2
سلاااااام، دوره بسیار مفید و موثری بود، من همه موارد را متوجه شدم به غیر از مبحث Class که تا جاییکه یادم هست. درون object تعریف میشد، واقعا دست شما درد نکنه,آموزش کامل برنامه نویسی پایتون در 3 ساعت,BsScQ1mOKrA,1
از صدا و توضیحات دلنشین شما سپاسگزارم,آموزش کامل برنامه نویسی پایتون در 3 ساعت,BsScQ1mOKrA,0
خانم دکتر واقعا دست مریزاد - دیگه از پایتون ترسی ندارم همیشه فکر میکردم چیه که اینقدر ازش تعریف میشه البته واقعا هم عالیه ولی واقعا خسته نباشین ممنون برا زحمت هاتون,آموزش کامل برنامه نویسی پایتون در 3 ساعت,BsScQ1mOKrA,0
بسیار عالی . متشکرم . لطفا به آموزشهای کامل و جذابتون ادامه بدین استاد,آموزش کامل برنامه نویسی پایتون در 3 ساعت,BsScQ1mOKrA,3
نمیدونید چه لطف بزرگی در حقم کردید خیلی عالی بود خیلی دوستون دارممممم 😭😭😭😭😭😭🤍🤍🤍🤍🤍🤍🤍🤍🤍🤍,آموزش کامل برنامه نویسی پایتون در 3 ساعت,BsScQ1mOKrA,0
ممنون از به اشتراک‌گذاری 🙌🏻 پایتون فوق‌العاده‌ست و پرکاربرد 🔥🔥 یادگیری پایتون یکی از مراحله خیلی از حوزه‌های برنامه‌نویسی مثل هوش‌مصنوعی و بک‌اند می‌تونه باشه که معمولا برای این حوزه‌ها، پایتون پیشنهاد اولم به دانشجوهام بوده 👍🏻👍🏻,آموزش کامل برنامه نویسی پایتون در 3 ساعت,BsScQ1mOKrA,0
سلام. من راستش مشکل دارم. اول اینکه ويندوز م 7 هستش. طریقه نصب پکیج ها رو توی ویندوز 7 بگید لطفا. و بعد اینکه برای پایتون کار کردن باید هم پایتون نصب کرد و هم V S cod..؟؟ من برای پسر 12 ساله م میخوام. راستش خودم اصلا حوصله برنامه نویسی رو ندارم. ممنون میشم توضیح بدین.,آموزش کامل برنامه نویسی پایتون در 3 ساعت,BsScQ1mOKrA,0
سلام خانم ممکنه خواهش کنم بفرماید چطور میشه کد اندیکاتوری که با زبان mql نوشته رو تبدیل کنیم به پاین اسکریپت ؟ ممنونم,آموزش کامل برنامه نویسی پایتون در 3 ساعت,BsScQ1mOKrA,1
در زمان کوتاه مطالب بسیارآموزنده و قابل فهم ارایه گردید. با تشکر.,آموزش کامل برنامه نویسی پایتون در 3 ساعت,BsScQ1mOKrA,0
یکی از بهترین و جامعترین کانال های خیلی مفید 🌟🌟🌟🌟🌟,آموزش کامل برنامه نویسی پایتون در 3 ساعت,BsScQ1mOKrA,0
سلام آدم چهره و روحیه شما رو میبینه به زندگی امیدوار میشه,آموزش کامل برنامه نویسی پایتون در 3 ساعت,BsScQ1mOKrA,0
یک دنیا تشکر بابت همچین آموزش رسا و با کیفیتی😍🤍,آموزش کامل برنامه نویسی پایتون در 3 ساعت,BsScQ1mOKrA,0
با اینکه هم ویدئوها و هم متن هایی از جاهای دیگه رو دیده بودم ولی خیلی از مفاهیم رو تو این ویدئو با توضیحات خوب شما متوجه شدم. سپاسگزارم خانم دکتر 🙏,آموزش کامل برنامه نویسی پایتون در 3 ساعت,BsScQ1mOKrA,0
بابت دسته‌بندی خیلی خیلی خیلی سپاس خانوم مهندس. ادامه بدید !,آموزش کامل برنامه نویسی پایتون در 3 ساعت,BsScQ1mOKrA,2
درود بر شما کارتان بسیار عالی است . با انرژی فراوان و امید و احساس مسئولیت اموخته های باارزشی دراختیار ما قرار میدهید . ساده و روان و پراتیک .,آموزش کامل برنامه نویسی پایتون در 3 ساعت,BsScQ1mOKrA,0
خیلی عالی بود چند هفته بود که کارم بخواتر بلد نبودن virtualinvoirement گیر بود با دیدن این ویدیو تونستم مشکلم رو حل کنم خیلی ممنون,آموزش کامل برنامه نویسی پایتون در 3 ساعت,BsScQ1mOKrA,0
تا آخر ندیدم ولی تا اینجا عالی بوده برا من ک مبتدی ام . موفق باشی ✌️,آموزش کامل برنامه نویسی پایتون در 3 ساعت,BsScQ1mOKrA,0
معلومه که خیلی زحمت کشیدین برای این ویدیو، عالی و عالی، حتی برای منی که مطالب را قبلا بلد بودم اصلا خسته کننده نبود و لذت بردم.,آموزش کامل برنامه نویسی پایتون در 3 ساعت,BsScQ1mOKrA,2
تو بهترینی، قربون قلب بزرگت برم,آموزش کامل برنامه نویسی پایتون در 3 ساعت,BsScQ1mOKrA,0
خیلی ممنون بایت زحماتتون واقعا سخته ما تماشا میکنیم خسته میشیم بعد شما رکورد میخوای کنی صدتا چیز دیگه,آموزش کامل برنامه نویسی پایتون در 3 ساعت,BsScQ1mOKrA,0
بسیار روان و شیوا آموزش دادید. بسیار سپاسگزارم,آموزش کامل برنامه نویسی پایتون در 3 ساعت,BsScQ1mOKrA,0
سلام استاد واقعا ممنونم کلی چیز خوب ازت یاد گرفتم خدا خیرت بده❤❤❤❤❤❤❤,آموزش کامل برنامه نویسی پایتون در 3 ساعت,BsScQ1mOKrA,0
سپاس برای زحمات و آموزش بدون چشم داشت 🙏🏻❤,آموزش کامل برنامه نویسی پایتون در 3 ساعت,BsScQ1mOKrA,1
برای زحماتی که بابت تهیه این دوره آموزشی آموزنده کشیدید بسیارمتشکرم,آموزش کامل برنامه نویسی پایتون در 3 ساعت,BsScQ1mOKrA,0
با تشکر از زحمت ارزشمندی که کشیدید... تنها نکته‌ای که من نیافتم آموزش چگونگی استفاده از یک help سریع و دم دستی برای پایتون بود که بشود خیلی سریع و یوزرفرندلی از آن برای چک syntaxها و مرور توابع استفاده کرد...,آموزش کامل برنامه نویسی پایتون در 3 ساعت,BsScQ1mOKrA,0
خیلی ممنونم بابت وقتی که گذاشتید و این ویدیوی فارسی و به زبان خیلی ساده رو تهیه کردید,آموزش کامل برنامه نویسی پایتون در 3 ساعت,BsScQ1mOKrA,0
انقد دوست دارم که نگو...ینی خودتون نمیدونید چقدر... واقعا عشق منی😊,آموزش کامل برنامه نویسی پایتون در 3 ساعت,BsScQ1mOKrA,0
سلام امکانش هست راه ارتباطی رو بفرمایید مشاوره میخواستم ممنون,آموزش کامل برنامه نویسی پایتون در 3 ساعت,BsScQ1mOKrA,1
سلام بسیار تشکر از این ویدئو آموزنده تان مريم خانم ، واقعا خدمت بزرگ به همه ما فارسی زبانان انجام داديد. برایت بهترین ها را آرزو میکنم ❤❤❤,آموزش کامل برنامه نویسی پایتون در 3 ساعت,BsScQ1mOKrA,1
سلام واقعا لذت بردم از آموزش تون .خیلی علاقه دارم پایتون رو یاد بگیرم از بین چندین مدرسی که آموزش می دادن شما خیلی روانتر و قابل فهم تر مطالب رو آموزش میدادین کانال تلگرام ندارین برای دانلود آموزشهاتون؟,آموزش کامل برنامه نویسی پایتون در 3 ساعت,BsScQ1mOKrA,0
ممنون خیلی زیاد من یه ویدیوی ملیون ویویی را تا نصف دیدم اما هر بار مجبور میشدم عقب برگردم و اصلا نمیفهمیدم چی میگه و منظورش چیه ولی با شما توی یه روز هفت هشت جلسه رو فهمیدم,آموزش جامع پایتون: از مبتدی تا پیشرفته در ۱۲ ساعت – برنامه‌ن,eCyODUip87c,39
❤️بسیار عالی ، خانم مهندس لطفا micropython هم آموزش بدهید ، چونکه برای پروژه های اینترنت اشیا بسیار ضروری است🙏❤,آموزش جامع پایتون: از مبتدی تا پیشرفته در ۱۲ ساعت – برنامه‌ن,eCyODUip87c,5
همین ویدئو‌ها رو یکجا گذاشتی خیلی خوبه،❤خداخیرت بده،مرسی،خیلی خوب و عالیه,آموزش جامع پایتون: از مبتدی تا پیشرفته در ۱۲ ساعت – برنامه‌ن,eCyODUip87c,7
تورو خدا یک ویدیو باهمین حوصله و دقت برای جاوا درست کنید.ممنون🎉,آموزش جامع پایتون: از مبتدی تا پیشرفته در ۱۲ ساعت – برنامه‌ن,eCyODUip87c,1
سلام ممنون بابت زحماتی که کشیدید,آموزش جامع پایتون: از مبتدی تا پیشرفته در ۱۲ ساعت – برنامه‌ن,eCyODUip87c,6
عالی با تمام جزئیات کدها,آموزش جامع پایتون: از مبتدی تا پیشرفته در ۱۲ ساعت – برنامه‌ن,eCyODUip87c,5
شما بسیار عالی هستی . سپاسگذارم از زحماتتنون,آموزش جامع پایتون: از مبتدی تا پیشرفته در ۱۲ ساعت – برنامه‌ن,eCyODUip87c,3
سلامم من تازه باهاتون آشنا شدم ویدیو تون عالی بود 😊❤,آموزش جامع پایتون: از مبتدی تا پیشرفته در ۱۲ ساعت – برنامه‌ن,eCyODUip87c,0
خیلی ممنونم واقعا خیلی بهم کمک کردید,آموزش جامع پایتون: از مبتدی تا پیشرفته در ۱۲ ساعت – برنامه‌ن,eCyODUip87c,3
خدایا شکرت اینقدر زیبایی به ایران ،❤,آموزش جامع پایتون: از مبتدی تا پیشرفته در ۱۲ ساعت – برنامه‌ن,eCyODUip87c,2
سلام من هنوز دوره رو نگاه نکردم ولی از روی کامنت ها معلومه که دوره ی خوبی هست^_^,آموزش جامع پایتون: از مبتدی تا پیشرفته در ۱۲ ساعت – برنامه‌ن,eCyODUip87c,1
سلام به قسمت فانکشن ها رسیدم و خواستم تشکر کنم با آموزش شما قسمت فانکشن رو خیلی بهتر یاد گرفتم متشکر و برقرار باشید🙏,آموزش جامع پایتون: از مبتدی تا پیشرفته در ۱۲ ساعت – برنامه‌ن,eCyODUip87c,2
ممنون از شما استاد توانمند بسیار عالی تدریس میکنید. بسیار اموزنده و پر‌ کاربرد. سپاس بیکران🌹,آموزش جامع پایتون: از مبتدی تا پیشرفته در ۱۲ ساعت – برنامه‌ن,eCyODUip87c,1
این ویدیو خیلی ساده تر و آموزشی تر نسبت به بقیه ویدیو های همین سبکه ، ممنونم,آموزش جامع پایتون: از مبتدی تا پیشرفته در ۱۲ ساعت – برنامه‌ن,eCyODUip87c,0
ایولا دمت گرم خانم مهندس ادامه بده چون کسی به گرد پاتون نمیرسه ❤,آموزش جامع پایتون: از مبتدی تا پیشرفته در ۱۲ ساعت – برنامه‌ن,eCyODUip87c,0
بابا دست خوش عالیییییی,آموزش جامع پایتون: از مبتدی تا پیشرفته در ۱۲ ساعت – برنامه‌ن,eCyODUip87c,2
استاد سلام و خسته نباشید خدمت شما عرض می کنم آموزش های شما خیلی عالیه ومن از پیج شما خیلی چیز یاد گرفتم آرزو توفیق و بهروزی و شادکامی و سربلندی برای شما دارم ❤,آموزش جامع پایتون: از مبتدی تا پیشرفته در ۱۲ ساعت – برنامه‌ن,eCyODUip87c,1
مهندس تو محشری ❤ دمتگرمممممممممم,آموزش جامع پایتون: از مبتدی تا پیشرفته در ۱۲ ساعت – برنامه‌ن,eCyODUip87c,1
مرسی واقعا اولین زبانم ک دارم تلاش میکنم یاد بگیرم ❤,آموزش جامع پایتون: از مبتدی تا پیشرفته در ۱۲ ساعت – برنامه‌ن,eCyODUip87c,0
درود وارادت و احترام بانو سروین سپاس بیکران از آموزش های عالی و بی دریغ شما بزرگوار به امید کلاسهای حضوری و تجربه در کنار شما بزرگوار پایدار و برقرار باشید💐💐💐💐,آموزش جامع پایتون: از مبتدی تا پیشرفته در ۱۲ ساعت – برنامه‌ن,eCyODUip87c,0
خیلی عالی بود واقعا با دقت توضیح دادین ممنونم از وقتی که گذاشتین چقدر کار درست و عالی بود 🌺🌹,آموزش جامع پایتون: از مبتدی تا پیشرفته در ۱۲ ساعت – برنامه‌ن,eCyODUip87c,0
سلام خسته نباشید اموزش های تان عالی است اما طول ویدیو ها خیلی زیاد,آموزش جامع پایتون: از مبتدی تا پیشرفته در ۱۲ ساعت – برنامه‌ن,eCyODUip87c,1
تازه شروع کردم، ساب هم کردم امید وارم که کاربردی باشه و آموزشتون خوب باشه,آموزش جامع پایتون: از مبتدی تا پیشرفته در ۱۲ ساعت – برنامه‌ن,eCyODUip87c,1
واقعا ممنونم از این محتوای خوبتون💯🌹🌹,آموزش جامع پایتون: از مبتدی تا پیشرفته در ۱۲ ساعت – برنامه‌ن,eCyODUip87c,0
شما بی نظیرین ❤,آموزش جامع پایتون: از مبتدی تا پیشرفته در ۱۲ ساعت – برنامه‌ن,eCyODUip87c,1
بی زحمت دوره جامع جنگو هم بزارین.مرسی❤,آموزش جامع پایتون: از مبتدی تا پیشرفته در ۱۲ ساعت – برنامه‌ن,eCyODUip87c,1
خیلی شمرده و قشنگ توضیح میدین 😍 مرسی ازتون بانو,آموزش جامع پایتون: از مبتدی تا پیشرفته در ۱۲ ساعت – برنامه‌ن,eCyODUip87c,0
دمتون گرم عالی توضیح دادین,آموزش جامع پایتون: از مبتدی تا پیشرفته در ۱۲ ساعت – برنامه‌ن,eCyODUip87c,1
مرسی ازتون کارتون عالیه لطفا ادامه بدین,آموزش جامع پایتون: از مبتدی تا پیشرفته در ۱۲ ساعت – برنامه‌ن,eCyODUip87c,0
عالیه خیلی با انرجی درس میدید خیلی معلم خوبی هستید,آموزش جامع پایتون: از مبتدی تا پیشرفته در ۱۲ ساعت – برنامه‌ن,eCyODUip87c,0
خیلی عالی و آموزنده انشاالله همیشه موفق باشید ❤❤❤,آموزش جامع پایتون: از مبتدی تا پیشرفته در ۱۲ ساعت – برنامه‌ن,eCyODUip87c,0
دوره خیلی خوبی بود 😎,آموزش جامع پایتون: از مبتدی تا پیشرفته در ۱۲ ساعت – برنامه‌ن,eCyODUip87c,0
استاد مرسی از ویدیو هاتون 🔥🔥 یه دوره آموزش جنگو حرفه ای هم طراحی کنید تو یوتیوب بزارید🌺🌺,آموزش جامع پایتون: از مبتدی تا پیشرفته در ۱۲ ساعت – برنامه‌ن,eCyODUip87c,0
گنجینه پایتون بانو لطفا همینو ادامه بده هرچی لازمه بگید لطفا هههرررر چیز,آموزش جامع پایتون: از مبتدی تا پیشرفته در ۱۲ ساعت – برنامه‌ن,eCyODUip87c,1
از افغانستان استم عالی ....,آموزش جامع پایتون: از مبتدی تا پیشرفته در ۱۲ ساعت – برنامه‌ن,eCyODUip87c,1
سپاس فراوان بابت زحمات شما 🎉🎉,آموزش جامع پایتون: از مبتدی تا پیشرفته در ۱۲ ساعت – برنامه‌ن,eCyODUip87c,0
عالیه! خسته نباشید خانم مهندس.,آموزش جامع پایتون: از مبتدی تا پیشرفته در ۱۲ ساعت – برنامه‌ن,eCyODUip87c,0
سلام لطفا چنین سبک ویدئوهایی رو ادامه داشته باشید تشکر واسه سی شارپ و ....,آموزش جامع پایتون: از مبتدی تا پیشرفته در ۱۲ ساعت – برنامه‌ن,eCyODUip87c,0
خیلی عالی خداقوت میگم بهتون,آموزش جامع پایتون: از مبتدی تا پیشرفته در ۱۲ ساعت – برنامه‌ن,eCyODUip87c,0
عالی و مفهومی❤❤🎉,آموزش جامع پایتون: از مبتدی تا پیشرفته در ۱۲ ساعت – برنامه‌ن,eCyODUip87c,0
سلام تشکر بسیار بابت توضیح و آموزش بسیار عالی. لطفا یک کتاب هم درمورد پایتون معرفی کنید که کاربردی باشه,آموزش جامع پایتون: از مبتدی تا پیشرفته در ۱۲ ساعت – برنامه‌ن,eCyODUip87c,0
شما عالی هستید مرسی از شما,آموزش جامع پایتون: از مبتدی تا پیشرفته در ۱۲ ساعت – برنامه‌ن,eCyODUip87c,0
خیلیییی عالیه,آموزش جامع پایتون: از مبتدی تا پیشرفته در ۱۲ ساعت – برنامه‌ن,eCyODUip87c,0
ممنون خانم مهندس,آموزش جامع پایتون: از مبتدی تا پیشرفته در ۱۲ ساعت – برنامه‌ن,eCyODUip87c,1
بسیار سپاس از زحماتتون🎉,آموزش جامع پایتون: از مبتدی تا پیشرفته در ۱۲ ساعت – برنامه‌ن,eCyODUip87c,0
خیلی عالی دستتون درد نکنه,آموزش جامع پایتون: از مبتدی تا پیشرفته در ۱۲ ساعت – برنامه‌ن,eCyODUip87c,0
❤❤❤دمتون گرم استاد,آموزش جامع پایتون: از مبتدی تا پیشرفته در ۱۲ ساعت – برنامه‌ن,eCyODUip87c,1
واقعا خیلی زحمت میکشی,آموزش جامع پایتون: از مبتدی تا پیشرفته در ۱۲ ساعت – برنامه‌ن,eCyODUip87c,0
کارتون عالیه ❤,آموزش جامع پایتون: از مبتدی تا پیشرفته در ۱۲ ساعت – برنامه‌ن,eCyODUip87c,0
عالی بود موفق باشی,آموزش جامع پایتون: از مبتدی تا پیشرفته در ۱۲ ساعت – برنامه‌ن,eCyODUip87c,0
درود استاد پاینده باشید,آموزش جامع پایتون: از مبتدی تا پیشرفته در ۱۲ ساعت – برنامه‌ن,eCyODUip87c,0
واقعا عالی بود دمت گرمممممممم,آموزش جنگو در 30 دقیقه 🔥,pvscfHwxve0,0
عالی دمت گرم 🔥🔥🔥,آموزش جنگو در 30 دقیقه 🔥,pvscfHwxve0,0
کانالت خیلی تکنیکال و عالیه❤️❤️❤️ دقیقا چیزیه که میخواستم,آموزش جنگو در 30 دقیقه 🔥,pvscfHwxve0,1
مثل همیشه عالی,آموزش جنگو در 30 دقیقه 🔥,pvscfHwxve0,1
واقعا خیلی خوب بود,آموزش جنگو در 30 دقیقه 🔥,pvscfHwxve0,0
عالی بود سپاس,آموزش جنگو در 30 دقیقه 🔥,pvscfHwxve0,1
پیشنهاد و نظر شخصیم اینه که بعد beeware همین دوره رو بذلر,آموزش جنگو در 30 دقیقه 🔥,pvscfHwxve0,0
اطلاعاتی که تو این ویدیو دادی، از نصف دوره های جنگو فارسی بیشتر بود,آموزش جنگو در 30 دقیقه 🔥,pvscfHwxve0,0
عالیییی بود فقط چطور اینقدر دستتون تو تایپ سریع هست؟,آموزش جنگو در 30 دقیقه 🔥,pvscfHwxve0,0
من خودم کانال و ویدیوهاتو دوست دارم و نگاه می‌کنم ولی سر این ویدیو مغزم دود کرد😢😂,آموزش جنگو در 30 دقیقه 🔥,pvscfHwxve0,0
ممنون استاد ❤ مشکل که دارم قتی سرور ران می کنم به صفحه اصلی جنگو وصل میشه درحال که باید به صفحه فروشگاه من وصل بیشه مشکل درکجاست . ممنون اگر راهنمایی ام کنید🙏,آموزش جنگو در 30 دقیقه 🔥,pvscfHwxve0,0
سلام ببخشید میگم من وقتی run server میزنم طول میکشه و تا نصفش میره و گیر میکنه بعد دیگه نمیاره ولی قبلا اوکی بود ممنون میشم راهنماییم کنید.❤😊,آموزش جنگو در 30 دقیقه 🔥,pvscfHwxve0,0
"رفقا خسته نباشید! ❤ این ویدیو برای یادگیری ""الفبای جنگو"" بود. اگر می‌خواهید لذت واقعی طراحی سایت رو بچشید، پیشنهاد میکنم همین الان برید سراغ دوره «پروژه محور وبلاگ» که توی اون یک سایت کامل رو با هم می‌سازیم: لینک ویدیوی ۵ ساعته وبلاگ رو توی دیسکریپشن گذاشتم.",آموزش جنگو در ۳ ساعت | پروژه ساخت وبلاگ از صفر,QFoLKfCXR-U,1
سلام. بسیار عالی بسیار عالی بسیار عالی فقط همین.,آموزش جنگو در ۳ ساعت | پروژه ساخت وبلاگ از صفر,QFoLKfCXR-U,0
ممنون آموزش فوق العاده ای هستش همچنان با قدرت و عالی ادامه بدید لطفا,آموزش جنگو در ۳ ساعت | پروژه ساخت وبلاگ از صفر,QFoLKfCXR-U,1
من اموزش های زیادی راجب جنگو دیدم و این اموزش کامل ترینش بود ✨,آموزش جنگو در ۳ ساعت | پروژه ساخت وبلاگ از صفر,QFoLKfCXR-U,1
استاد چرا تو هیچ آموزشی قبل از شروع هر درسی نمیان از محیط ویرچوالیزیشن چیزی بگن ؟,آموزش جنگو در ۳ ساعت | پروژه ساخت وبلاگ از صفر,QFoLKfCXR-U,1
استاد برای من فایلی به اسم bin توی محیط مجازیم نبود,آموزش جنگو در ۳ ساعت | پروژه ساخت وبلاگ از صفر,QFoLKfCXR-U,1
استاد پایتون من چرا اینجوره پس؟ من میزنم گیت ورژن بهم ارور میده,آموزش جنگو در ۳ ساعت | پروژه ساخت وبلاگ از صفر,QFoLKfCXR-U,1
این پیام از آقا احمد جامعی انقد واصف ویدیو هست که منم خواستم کپی پیست کتم آقا اصلا حرفی برای گفتن باقی نمونده بسیار بسیار واضح توضیح میدید خیلی ممنون,آموزش جنگو در ۳ ساعت | پروژه ساخت وبلاگ از صفر,QFoLKfCXR-U,1
خیلی جذاب توضیح میدید ، بسیار عالی,آموزش جنگو در ۳ ساعت | پروژه ساخت وبلاگ از صفر,QFoLKfCXR-U,0
کاملا مسلط و آموزنده.قوی ادامه بدید,آموزش جنگو در ۳ ساعت | پروژه ساخت وبلاگ از صفر,QFoLKfCXR-U,0
متشکرم. مفید بود. سلامت باشید.,آموزش جنگو در ۳ ساعت | پروژه ساخت وبلاگ از صفر,QFoLKfCXR-U,1
بسیار عالی توضیحات جامع و کامل خیلی واضح ممنون از شما ، اگر امکانش هست خواهشا یک ویدیو دیگر هم از اموزش جنگو با همین سبک اموزش فقط روی یه پروژه ویب اگه بسازید مطمعنم که بیشترین ویو و لایک میگیره اگر به همین سبک باشه با توضیحات واضح و کامل .,آموزش جنگو در ۳ ساعت | پروژه ساخت وبلاگ از صفر,QFoLKfCXR-U,2
عالی و حرفه ای. امیدوارم همه دوره های یوتیوب یه روزی همینقدر حرفه ای و اصولی و طبقه بندی شده باشن.,آموزش جنگو در ۳ ساعت | پروژه ساخت وبلاگ از صفر,QFoLKfCXR-U,1
تدریستون فوق‌العاده است.,آموزش جنگو در ۳ ساعت | پروژه ساخت وبلاگ از صفر,QFoLKfCXR-U,2
این ویدیو ارزش داره چند بار ببینیمش ممنون بابت تولید محتوا عالی شما,آموزش جنگو در ۳ ساعت | پروژه ساخت وبلاگ از صفر,QFoLKfCXR-U,2
عالی بود ممنون,آموزش جنگو در ۳ ساعت | پروژه ساخت وبلاگ از صفر,QFoLKfCXR-U,0
مهندس دمت گرم. عالی بود.,آموزش جنگو در ۳ ساعت | پروژه ساخت وبلاگ از صفر,QFoLKfCXR-U,1
استاد عبدالهی یه برنامه مدیریت تسک افسانه ای هست به اسم Anytype هیچ کجای اینترنت آموزش فارسیش رو ندیدم به نظرم اگه بتونی اولین لندینگ آموزشیش بشی می ترکونه .الان همه درکشون از اپلیکیشن مدیریت تسک فقط notion هستش,آموزش جنگو در ۳ ساعت | پروژه ساخت وبلاگ از صفر,QFoLKfCXR-U,0
استاد عزیز سلام خسته نباشید تدریستون عالیه ایشالله همیشه موفق باشین و سلامت🫶😍,آموزش جنگو در ۳ ساعت | پروژه ساخت وبلاگ از صفر,QFoLKfCXR-U,1
🌺🌺🌺🌺 سلام آقای عبدالهی . درود به شما 🌺🌺🌺🌺,آموزش جنگو در ۳ ساعت | پروژه ساخت وبلاگ از صفر,QFoLKfCXR-U,1
تدریس خیلی عالی دوره خیلی ارزش منده,آموزش جنگو در ۳ ساعت | پروژه ساخت وبلاگ از صفر,QFoLKfCXR-U,1
بسیار روان و قابل فهم. با تشکر از شما,آموزش جنگو در ۳ ساعت | پروژه ساخت وبلاگ از صفر,QFoLKfCXR-U,0
خدا قوت بسیار عالی و با کیفیت بود,آموزش جنگو در ۳ ساعت | پروژه ساخت وبلاگ از صفر,QFoLKfCXR-U,1
ممنون استاد آموزنده بود,آموزش جنگو در ۳ ساعت | پروژه ساخت وبلاگ از صفر,QFoLKfCXR-U,1
آموزش بسیار خوبی هستش ممنونم از زحمات شما,آموزش جنگو در ۳ ساعت | پروژه ساخت وبلاگ از صفر,QFoLKfCXR-U,1
آقا اصلا حرفی برای گفتن باقی نمونده بسیار بسیار واضح توضیح میدید خیلی ممنون,آموزش جنگو در ۳ ساعت | پروژه ساخت وبلاگ از صفر,QFoLKfCXR-U,1
برای من بسیار مفید بود چون من توی جنگو صفر کیلومترم و هیچ درکی از جزئیات ندارم چه برسه به کلیات.با این فیلم ایده کلی و یک تصویر بزرگ از جنگو و نحوه کار کردن اون یاد گرفتم.طرز صحبت شون هم خوبه و باعث خستگی نمیشه.به مطلبشون مسلط هستن.ارزوی موفقیت.,آموزش جنگو در ۳ ساعت | پروژه ساخت وبلاگ از صفر,QFoLKfCXR-U,4
سلام وقتتون بخیر.ممنونم بابت محتوای خوبتون .میشه لطفا جنگو رست رو هم آموزش بدین؟,آموزش جنگو در ۳ ساعت | پروژه ساخت وبلاگ از صفر,QFoLKfCXR-U,0
این دومین کامنتی هستش که میزارم ترجیح دادم قبلی رو ادیت نکنم. با اینکه جنگو کار کردم اما گه گداری نگاه میکنم به کلیپ های آموزشی. واقعا این کلیپ آموزشی فوق العاده هستش. محتصر و مفید. اگر اول کامنتها رو می خونین و بعد شروع به دیدن میکنید. حتما استفاده کنید. موفق باشید,آموزش جنگو در ۳ ساعت | پروژه ساخت وبلاگ از صفر,QFoLKfCXR-U,2
سلام ببخشید اون آموزش هاتون با جنگو که قالب بوتسترپ مید رو بالا می آوردید نیست دیگه چرا؟؟,آموزش جنگو در ۳ ساعت | پروژه ساخت وبلاگ از صفر,QFoLKfCXR-U,1
استاد جنگو بازار کار و تقاضاش چطوره تو ایران,آموزش جنگو در ۳ ساعت | پروژه ساخت وبلاگ از صفر,QFoLKfCXR-U,0
سلام وقتتون بخیر من هیچ چیزی از جنگو نمیدونم ولی میخوام یاد بگیرم بنظرتون از ویدیو های این دوره ببینم یا برم یه دوره کامل پیدا کنم,آموزش جنگو در ۳ ساعت | پروژه ساخت وبلاگ از صفر,QFoLKfCXR-U,1
استاد یه سوالی داشتم من از ادیتور اسپایدر استفاده میکنم میخواستم ببینم چطور میتونم اکستنشن هایی که در این دوره استفاده کردید رو روی اسپایدر نصب کنم. ممنون میشم راهنمایی کنید.,آموزش جنگو در ۳ ساعت | پروژه ساخت وبلاگ از صفر,QFoLKfCXR-U,1
سلام یه سوال داشتم برای اینکه بخوایم با drf کار کنیم دیدن این دوره کافیه اگه نه در کل چه مهارت هایی باید از جنگو بلد باشیم,آموزش جنگو در ۳ ساعت | پروژه ساخت وبلاگ از صفر,QFoLKfCXR-U,1
با سلام آیا امکان دارد راجع به git و مراحل نصب و استفاده از آن هم توضیح بدید؟,آموزش جنگو در ۳ ساعت | پروژه ساخت وبلاگ از صفر,QFoLKfCXR-U,2
آِیا دوره «پروژه محور وبلاگ» را از سایت برداشتید؟,آموزش جنگو در ۳ ساعت | پروژه ساخت وبلاگ از صفر,QFoLKfCXR-U,0
این مینی دوره چه فرقی با دوره کامل داره جنگو دارد که اموزش داده اید؟,آموزش جنگو در ۳ ساعت | پروژه ساخت وبلاگ از صفر,QFoLKfCXR-U,1
تنها جمله ای که میشه برای یک کامنت نوشت (البته به نظر من*) فقط یک عدده >>>> 20 <<<<<,آموزش جنگو در ۳ ساعت | پروژه ساخت وبلاگ از صفر,QFoLKfCXR-U,1
نمیتونم تو ۹۹ ثانیه ، ادیت ها، روست کردنات ، یا تیکه انداختنای پشت سر همتو هضم کنم😂😂😂❤,وب فریم ورک جنگو در ۹۹ ثانیه!,iywsR6zUCAY,9
اینطوری که تو توضیح میدی یاد وردپرس میافتم,وب فریم ورک جنگو در ۹۹ ثانیه!,iywsR6zUCAY,2
درباره پرل هم بگید,وب فریم ورک جنگو در ۹۹ ثانیه!,iywsR6zUCAY,1
ویدیو نود جی اس هم بزار,وب فریم ورک جنگو در ۹۹ ثانیه!,iywsR6zUCAY,0
در مورد لاراول هم صحبت کن ❤,وب فریم ورک جنگو در ۹۹ ثانیه!,iywsR6zUCAY,0
عالی بودی😂 اصصصصلا نزن برادر,وب فریم ورک جنگو در ۹۹ ثانیه!,iywsR6zUCAY,0
عالیههه عالیییی هستی❤❤😂,وب فریم ورک جنگو در ۹۹ ثانیه!,iywsR6zUCAY,0
یه ویدئو هم در مورد flask بسازید❤,وب فریم ورک جنگو در ۹۹ ثانیه!,iywsR6zUCAY,0
اقا سویفت رم در دستور کار قرار بدید! خدایش زبان خفنیه 😍,وب فریم ورک جنگو در ۹۹ ثانیه!,iywsR6zUCAY,0
خیلی عالی بود من اصلا فقد همون ادمین پنلش را دوست دارم ولی به نظرم fastapi بهتر است.,وب فریم ورک جنگو در ۹۹ ثانیه!,iywsR6zUCAY,0
2:06 ای بابا. لو رفتیم,وب فریم ورک جنگو در ۹۹ ثانیه!,iywsR6zUCAY,0
درباره هسکل بگید لطفا,وب فریم ورک جنگو در ۹۹ ثانیه!,iywsR6zUCAY,0
درباره پی اچ پی هم بگید,وب فریم ورک جنگو در ۹۹ ثانیه!,iywsR6zUCAY,0
چیز خیلی خوب و خفنیه ولی کار باهاش یکم سخته,وب فریم ورک جنگو در ۹۹ ثانیه!,iywsR6zUCAY,0
من پروژه اسپاتی فای و رادیو جولانو با این جنگو زدم عالیه ولی دارم میبرم توی گو ولی سخته,وب فریم ورک جنگو در ۹۹ ثانیه!,iywsR6zUCAY,0
به عنوان یک جنگو کار میگم اگه پروژه کوچیکه بجای فلسک برید فست ای پی آی یاد بگیرید بهتره,وب فریم ورک جنگو در ۹۹ ثانیه!,iywsR6zUCAY,3
من که زندگیم همین جنگو هست😂🔥,وب فریم ورک جنگو در ۹۹ ثانیه!,iywsR6zUCAY,1
عالی این دیس php نیومد ولی 😂,وب فریم ورک جنگو در ۹۹ ثانیه!,iywsR6zUCAY,0
در مورد بیسیک هم بسازید❤,وب فریم ورک جنگو در ۹۹ ثانیه!,iywsR6zUCAY,1
0:14 الو سایمون خودتی ؟,وب فریم ورک جنگو در ۹۹ ثانیه!,iywsR6zUCAY,0
در 99 ثانیه 🗣️🔥,وب فریم ورک جنگو در ۹۹ ثانیه!,iywsR6zUCAY,1
یه راهنمایی کن داداش❤، الان من تا وسطای یادگیری جنگو رفتم و چندتا نمونه پروژه کوچیک هم زدم. ولی خیلیا بهم میگن این جنگو پایه ات رو ضعیف کرده میخوای خوب یاد بگیری برو سراغ flask اول بعد جنگو. بعضی ها هم میگن بازار کار javascript برای طراحی سایت بهتره و ولش کن. الان من موندم به کدوم گوش بدم یا اینکه ادامه جنگو رو جلو ببرم 😢.,وب فریم ورک جنگو در ۹۹ ثانیه!,iywsR6zUCAY,1
تقاضا براش چطوره تو ایران,وب فریم ورک جنگو در ۹۹ ثانیه!,iywsR6zUCAY,0
جاوا و اسپرینگ هم برو 😂,وب فریم ورک جنگو در ۹۹ ثانیه!,iywsR6zUCAY,0
‏‪1:22‬‏ استالین☠️💀🫡,وب فریم ورک جنگو در ۹۹ ثانیه!,iywsR6zUCAY,0
تنها پادکستی که باهاش حال میکنم:,وب فریم ورک جنگو در ۹۹ ثانیه!,iywsR6zUCAY,0
1:10 فکر ننننکنم 😔,وب فریم ورک جنگو در ۹۹ ثانیه!,iywsR6zUCAY,1
چرا تا وقتی nodejs وجود داره با جنگو یگی باید وب بزنه؟,وب فریم ورک جنگو در ۹۹ ثانیه!,iywsR6zUCAY,0
فلسک و فست ای پی آی خیلی توی پایتون خوب هستن ولی واسه پروژه های بزرگ راست بهتره من خودم ۱ سال دارم با API کار میکنم تازه کار ها اعتماد کنید 🗿,وب فریم ورک جنگو در ۹۹ ثانیه!,iywsR6zUCAY,0
داداش چطوری همه ویدیو های توی ۹۹ ثانیه است ولی یه ویدیو از لون یکی ثانیه بیشتر با کم نر داره ؟🗿,وب فریم ورک جنگو در ۹۹ ثانیه!,iywsR6zUCAY,0
نسبت به بقیه خیلی کمتر تخریبش کردی. مشخصه عشق پایتونی,وب فریم ورک جنگو در ۹۹ ثانیه!,iywsR6zUCAY,0
C++: چرا هیچ کس با من web نمی‌نویسه. 😭,وب فریم ورک جنگو در ۹۹ ثانیه!,iywsR6zUCAY,0
مغزت رو میگاد جنگو همینقدر,وب فریم ورک جنگو در ۹۹ ثانیه!,iywsR6zUCAY,0
flask خیلی تخمیه اگر می خوای با چیز های آسون تر کار کنی باید بری fastapi یاد بگیری. خیلی بهتره و یادگیریش هم مثل flask آسونه، ولی خداییش جنگو لعنتی بری واردش گوزپیچ میشی😂,وب فریم ورک جنگو در ۹۹ ثانیه!,iywsR6zUCAY,0
تشکر که اینقدر صادقانه رهنمایی می کنید,برنامه نویسی چیست و از کجا باید شروع کرد ؟ ( یادگیری برنامه ,-auN8M-4b-A,17
سلام برای شروع برنامه نویسی چه لپ تابی بخریم,برنامه نویسی چیست و از کجا باید شروع کرد ؟ ( یادگیری برنامه ,-auN8M-4b-A,9
ممنون شما اولین فیلم در راه برنامه نویس شدن من هستید خوشحالم که اول فیلم شمارو دیدم❤,برنامه نویسی چیست و از کجا باید شروع کرد ؟ ( یادگیری برنامه ,-auN8M-4b-A,12
دعام کنین بتونم با این رشته مهاجرت کنم 🙂,برنامه نویسی چیست و از کجا باید شروع کرد ؟ ( یادگیری برنامه ,-auN8M-4b-A,20
امیدوارم بتونم تو فرصت کم برنامه نویسی شم. ❤ & لاو سروین,برنامه نویسی چیست و از کجا باید شروع کرد ؟ ( یادگیری برنامه ,-auN8M-4b-A,2
تشکر استاد محترم خیلی ویدئو عالی ❤,برنامه نویسی چیست و از کجا باید شروع کرد ؟ ( یادگیری برنامه ,-auN8M-4b-A,4
خیلی کامل و مفید توضیح دادید واقعا لذت بردم ❤🔥,برنامه نویسی چیست و از کجا باید شروع کرد ؟ ( یادگیری برنامه ,-auN8M-4b-A,2
مرسی واقعاً توضیحات کامل و البته به زبان ساده و قابل درک برای مبتدیان بود❤❤❤,برنامه نویسی چیست و از کجا باید شروع کرد ؟ ( یادگیری برنامه ,-auN8M-4b-A,0
یک ویدعو راجب هر نوع برنامه نویسی ممنون بابت ویدعوی خوبتون,برنامه نویسی چیست و از کجا باید شروع کرد ؟ ( یادگیری برنامه ,-auN8M-4b-A,1
سلام ، خیلی ممنون از توضیحات کامل و جامعتون به زبان ساده و مبتدی.,برنامه نویسی چیست و از کجا باید شروع کرد ؟ ( یادگیری برنامه ,-auN8M-4b-A,3
خیلی ازت ممنونم که در این حد زیبا راهنمایی کردی هیچی از این ویدیو بهتر راهنمایم نکرده بود واقعا سپاس❤️❤️❤️,برنامه نویسی چیست و از کجا باید شروع کرد ؟ ( یادگیری برنامه ,-auN8M-4b-A,0
بسیار مفید بود,برنامه نویسی چیست و از کجا باید شروع کرد ؟ ( یادگیری برنامه ,-auN8M-4b-A,2
درود به شما بسیار مفید بود 🌹🌹🌹,برنامه نویسی چیست و از کجا باید شروع کرد ؟ ( یادگیری برنامه ,-auN8M-4b-A,1
بارک الله آفرین خیلی خوب توضیح دادید. واقعاً علی و مفید بود💐🌷🫡🫡👍,برنامه نویسی چیست و از کجا باید شروع کرد ؟ ( یادگیری برنامه ,-auN8M-4b-A,0
دستتون درد نکنه خانم طباطبایی😊 ویدیوتون عالی بود❤,برنامه نویسی چیست و از کجا باید شروع کرد ؟ ( یادگیری برنامه ,-auN8M-4b-A,0
ممنون خیلی مفید بود 💛,برنامه نویسی چیست و از کجا باید شروع کرد ؟ ( یادگیری برنامه ,-auN8M-4b-A,1
توضیحاتتون کاملا شفاف و کامل بود ممنونم ازتون⚘️,برنامه نویسی چیست و از کجا باید شروع کرد ؟ ( یادگیری برنامه ,-auN8M-4b-A,0
مرسی از توضیحات جامع و خوبتون,برنامه نویسی چیست و از کجا باید شروع کرد ؟ ( یادگیری برنامه ,-auN8M-4b-A,1
بسیار عالی بود خانم مهندس.,برنامه نویسی چیست و از کجا باید شروع کرد ؟ ( یادگیری برنامه ,-auN8M-4b-A,0
خیلی عالی بود. واقعا خیلی چیزا برام روشن شد با دیدن ویدیو های شما,برنامه نویسی چیست و از کجا باید شروع کرد ؟ ( یادگیری برنامه ,-auN8M-4b-A,0
واقعا روان و زيبا و كامل توضيح داديد❤,برنامه نویسی چیست و از کجا باید شروع کرد ؟ ( یادگیری برنامه ,-auN8M-4b-A,0
❤ممنون از توضیحاتتون,برنامه نویسی چیست و از کجا باید شروع کرد ؟ ( یادگیری برنامه ,-auN8M-4b-A,2
خیلی ممنون بایت ویدیویی که درست کردید 😘😘,برنامه نویسی چیست و از کجا باید شروع کرد ؟ ( یادگیری برنامه ,-auN8M-4b-A,1
دقیقاً موضوعی که دنبالش بودم ❤ مرسی,برنامه نویسی چیست و از کجا باید شروع کرد ؟ ( یادگیری برنامه ,-auN8M-4b-A,0
توضيحات شما خيلي مفيد بود واقعا از شما ممنونم,برنامه نویسی چیست و از کجا باید شروع کرد ؟ ( یادگیری برنامه ,-auN8M-4b-A,0
خدا حفظتون کنه. بی نظیرید,برنامه نویسی چیست و از کجا باید شروع کرد ؟ ( یادگیری برنامه ,-auN8M-4b-A,0
واییی خیلی خوب توضیح دادین ❤😊,برنامه نویسی چیست و از کجا باید شروع کرد ؟ ( یادگیری برنامه ,-auN8M-4b-A,0
خیلی ممنون بابت توضیحات مفیدتون❤❤,برنامه نویسی چیست و از کجا باید شروع کرد ؟ ( یادگیری برنامه ,-auN8M-4b-A,0
ممنون از کلیپ و توضیحات عالی تون❤,برنامه نویسی چیست و از کجا باید شروع کرد ؟ ( یادگیری برنامه ,-auN8M-4b-A,0
سپاسگذارم ازتون حرفاتون خیلی مفید بود,برنامه نویسی چیست و از کجا باید شروع کرد ؟ ( یادگیری برنامه ,-auN8M-4b-A,0
عالی بود مرسی واقعا👌🏼🙏,برنامه نویسی چیست و از کجا باید شروع کرد ؟ ( یادگیری برنامه ,-auN8M-4b-A,0
سلام خوبی من تازه آغاز کرده ام مفاهیم مفید بود ممنونم,برنامه نویسی چیست و از کجا باید شروع کرد ؟ ( یادگیری برنامه ,-auN8M-4b-A,0
خیلی کامل بود. ممنون,برنامه نویسی چیست و از کجا باید شروع کرد ؟ ( یادگیری برنامه ,-auN8M-4b-A,0
مرسی بابت اطلاعاتتون,برنامه نویسی چیست و از کجا باید شروع کرد ؟ ( یادگیری برنامه ,-auN8M-4b-A,0
عالی بود عزیزم ❤,برنامه نویسی چیست و از کجا باید شروع کرد ؟ ( یادگیری برنامه ,-auN8M-4b-A,0
ممنونم از راهنمای تان,برنامه نویسی چیست و از کجا باید شروع کرد ؟ ( یادگیری برنامه ,-auN8M-4b-A,1
چه خوشکل توضیح میدی 😁😁,برنامه نویسی چیست و از کجا باید شروع کرد ؟ ( یادگیری برنامه ,-auN8M-4b-A,0
عالی مثله همیشه,برنامه نویسی چیست و از کجا باید شروع کرد ؟ ( یادگیری برنامه ,-auN8M-4b-A,0
خیییییلی ممنون,برنامه نویسی چیست و از کجا باید شروع کرد ؟ ( یادگیری برنامه ,-auN8M-4b-A,0
سلام استاد خوبم خوب هستید انشالله که همیشه در زندگی موفق باشید میشه در رابطه با برنامه نویسان هندی هم صحبتی داشته باشین ممنونم,برنامه نویسی چیست و از کجا باید شروع کرد ؟ ( یادگیری برنامه ,-auN8M-4b-A,0
تشکر خوب بود,برنامه نویسی چیست و از کجا باید شروع کرد ؟ ( یادگیری برنامه ,-auN8M-4b-A,0
اگه میشه لطفاً آموزش برنامه نویسی C++ بزارید,برنامه نویسی چیست و از کجا باید شروع کرد ؟ ( یادگیری برنامه ,-auN8M-4b-A,0
واقعا نسبت به خیلی از یوتیوبر ها سطحتو متفاوته و کمک به حل مسئله میکنید,نقشه راه یادگیری برنامه‌نویسی در 2026 | چطور برنامه‌نویسی را,_Rrrg50Yn2g,6
واقعا وسط ویدیو خواستم بگم دمت گرم من برنامه نویسی و تا نصفه رفتم ولی نصف چیزایی که گفتی تازه بعد 5 ماه فهمیدم دمت گرم ادامه بده چیزای جدید تر و قوی تر,نقشه راه یادگیری برنامه‌نویسی در 2026 | چطور برنامه‌نویسی را,_Rrrg50Yn2g,6
واقعا ارت ممنونم من تازه میخوام شروع کنم و خیلی گیج بودم و اگه شما اینهارو نمیکفتین من راهم رو پیدا نمیکردم ❤,نقشه راه یادگیری برنامه‌نویسی در 2026 | چطور برنامه‌نویسی را,_Rrrg50Yn2g,1
تشکرمیکنم بابت حضورتون,نقشه راه یادگیری برنامه‌نویسی در 2026 | چطور برنامه‌نویسی را,_Rrrg50Yn2g,0
سپاس از شما برای آموزش خوب و کاربردیتون 🙏🌷,نقشه راه یادگیری برنامه‌نویسی در 2026 | چطور برنامه‌نویسی را,_Rrrg50Yn2g,1
الان بهترین لپ تاپ اقتصادی واسه برنامه نویسی چیه؟,نقشه راه یادگیری برنامه‌نویسی در 2026 | چطور برنامه‌نویسی را,_Rrrg50Yn2g,2
واقعی عالی بود دمت گرم خیلی کامل و خوب بود,نقشه راه یادگیری برنامه‌نویسی در 2026 | چطور برنامه‌نویسی را,_Rrrg50Yn2g,0
تشکر یهنی باید هنوز برنا مه نویس را خوب قوی یاد بیگرم,نقشه راه یادگیری برنامه‌نویسی در 2026 | چطور برنامه‌نویسی را,_Rrrg50Yn2g,0
برنامه نویسی با یه دیدگاه از بالا,نقشه راه یادگیری برنامه‌نویسی در 2026 | چطور برنامه‌نویسی را,_Rrrg50Yn2g,3
خیلی ممنون از نکات حرفه و آموزندتون🙏💥,نقشه راه یادگیری برنامه‌نویسی در 2026 | چطور برنامه‌نویسی را,_Rrrg50Yn2g,0
ویدیوهای شما خیلی عالی و کاربردی است. مرسی!🙏,نقشه راه یادگیری برنامه‌نویسی در 2026 | چطور برنامه‌نویسی را,_Rrrg50Yn2g,0
مرسی ادامه بدید,نقشه راه یادگیری برنامه‌نویسی در 2026 | چطور برنامه‌نویسی را,_Rrrg50Yn2g,1
دست خوش هی می‌خواستیم اینو بفهمیم,نقشه راه یادگیری برنامه‌نویسی در 2026 | چطور برنامه‌نویسی را,_Rrrg50Yn2g,0
به به سلللللااااام اقای هوووووژی🎉😅,نقشه راه یادگیری برنامه‌نویسی در 2026 | چطور برنامه‌نویسی را,_Rrrg50Yn2g,0
دمت گرم خیلی به دردم خورد,نقشه راه یادگیری برنامه‌نویسی در 2026 | چطور برنامه‌نویسی را,_Rrrg50Yn2g,0
عالی ولی همه مثال هات مربوط به الان هست بهتر بود مثلا ز پنج یا ده سال بعد هم مثال میزدی و میگفتی و توضیح میدادی.,نقشه راه یادگیری برنامه‌نویسی در 2026 | چطور برنامه‌نویسی را,_Rrrg50Yn2g,0
چطور انقدر ادیتت خفنههه,نقشه راه یادگیری برنامه‌نویسی در 2026 | چطور برنامه‌نویسی را,_Rrrg50Yn2g,0
درود ممنون خداقوت,نقشه راه یادگیری برنامه‌نویسی در 2026 | چطور برنامه‌نویسی را,_Rrrg50Yn2g,0
خیلی عالی ممنونم,نقشه راه یادگیری برنامه‌نویسی در 2026 | چطور برنامه‌نویسی را,_Rrrg50Yn2g,0
ممنون از شما,نقشه راه یادگیری برنامه‌نویسی در 2026 | چطور برنامه‌نویسی را,_Rrrg50Yn2g,0
دقیقا یعنی نتیجه تحقیق یک هفته ای من رو شما در 13 دقیقه توضیح داد کاش زودتر ویدیو شما را میدیدم,نقشه راه یادگیری برنامه‌نویسی در 2026 | چطور برنامه‌نویسی را,_Rrrg50Yn2g,0
میشه توی یه ویدیو همین نقشه راه رو تو یه پروژه کوچیک نشون بدین,نقشه راه یادگیری برنامه‌نویسی در 2026 | چطور برنامه‌نویسی را,_Rrrg50Yn2g,0
هژی جان لطفا طرز وصل کردن سایتی که با هوش مصنویی درست کردیم به درگاه پرداخت رو بگو,نقشه راه یادگیری برنامه‌نویسی در 2026 | چطور برنامه‌نویسی را,_Rrrg50Yn2g,0
سلام لطف می کنید در یکی از ویدئو ها آموزش نصب کلو کد روی vscode رو یاد بدید چون در ویدئو های دیگر فقط می رفتی تو کلود کد و آموزش نصب نزاشته بودی,نقشه راه یادگیری برنامه‌نویسی در 2026 | چطور برنامه‌نویسی را,_Rrrg50Yn2g,3
مرسی خیلی عالی بود بدون حاشیه اصل مطلب گفته شد.,نقشه راه یادگیری برنامه‌نویسی در 2026 | چطور برنامه‌نویسی را,_Rrrg50Yn2g,1
خيلي خوب توضيح دادين تشكر,نقشه راه یادگیری برنامه‌نویسی در 2026 | چطور برنامه‌نویسی را,_Rrrg50Yn2g,1
واقعا مرسیییییی خیلی مفید بود برام♥,نقشه راه یادگیری برنامه‌نویسی در 2026 | چطور برنامه‌نویسی را,_Rrrg50Yn2g,0
سلام لطفا برای بازیسازی هم بگو ترجیحا Godot,نقشه راه یادگیری برنامه‌نویسی در 2026 | چطور برنامه‌نویسی را,_Rrrg50Yn2g,0
بسیار با کیفیت. خدا قوت.,نقشه راه یادگیری برنامه‌نویسی در 2026 | چطور برنامه‌نویسی را,_Rrrg50Yn2g,1
عالی مثل همیشه ممنون,نقشه راه یادگیری برنامه‌نویسی در 2026 | چطور برنامه‌نویسی را,_Rrrg50Yn2g,1
ویدیو عالی بود مخصوصا 11:12 من از چت چی پی تی خواستم یک پرامپت شخصی سازی شده برای برنامه نویسی بهم بده تا چت چی پی تی رو شخصی سازی کنم دقیقا همین هارو گفت ❤,نقشه راه یادگیری برنامه‌نویسی در 2026 | چطور برنامه‌نویسی را,_Rrrg50Yn2g,0
ممنون از آموزش صادقانه و موثر شما❤ ما کاربران به راحتی متوجه تفاوت آموزش شما میشیم.,نقشه راه یادگیری برنامه‌نویسی در 2026 | چطور برنامه‌نویسی را,_Rrrg50Yn2g,1
سلام عالی بود❤,نقشه راه یادگیری برنامه‌نویسی در 2026 | چطور برنامه‌نویسی را,_Rrrg50Yn2g,1
توضیحات کامل و واقع گرایانه ای بود .,نقشه راه یادگیری برنامه‌نویسی در 2026 | چطور برنامه‌نویسی را,_Rrrg50Yn2g,1
عالی بود مرسی,نقشه راه یادگیری برنامه‌نویسی در 2026 | چطور برنامه‌نویسی را,_Rrrg50Yn2g,1
خیلی خوب مفهوم رو رسوندی ❤❤,نقشه راه یادگیری برنامه‌نویسی در 2026 | چطور برنامه‌نویسی را,_Rrrg50Yn2g,1
عالی و کامل بود ❤,نقشه راه یادگیری برنامه‌نویسی در 2026 | چطور برنامه‌نویسی را,_Rrrg50Yn2g,1
چه ویدیوی خوبی بود هژی دیدمون رو باز کرد,نقشه راه یادگیری برنامه‌نویسی در 2026 | چطور برنامه‌نویسی را,_Rrrg50Yn2g,1
موفق باشید 👏🏻👏🏻,نقشه راه یادگیری برنامه‌نویسی در 2026 | چطور برنامه‌نویسی را,_Rrrg50Yn2g,1
خیلی اموزنده بود ممنون,نقشه راه یادگیری برنامه‌نویسی در 2026 | چطور برنامه‌نویسی را,_Rrrg50Yn2g,1
آموزش این سبک ادیت ویدیو رو از کجا یادگرفتید؟,نقشه راه یادگیری برنامه‌نویسی در 2026 | چطور برنامه‌نویسی را,_Rrrg50Yn2g,0
سلام به نظرتون جاوا اینده ای داره یا نه تازه میخوام شروع کنم و ترم 4 کامپیوترم ممنونم از شما,نقشه راه یادگیری برنامه‌نویسی در 2026 | چطور برنامه‌نویسی را,_Rrrg50Yn2g,0
خیلی وقته که مسئله حفظ کردن سینتکس نیست,نقشه راه یادگیری برنامه‌نویسی در 2026 | چطور برنامه‌نویسی را,_Rrrg50Yn2g,1
خلاصه: بله باید برنامه نویسی یاد داشته باشید و یاد بگیرید وگرنه ممکنه تو هر یک از مراحل همه چی از بین بره,نقشه راه یادگیری برنامه‌نویسی در 2026 | چطور برنامه‌نویسی را,_Rrrg50Yn2g,0
3:51 ای بابا نا امید شدم از برنامه نویسی تازه میخواستیم شروع کنیما😂,برنامه نویسی - از کجا باید شروع کنم؟,xPB0jfe1y9A,1
بالاخره یکی حرف حساب زد,برنامه نویسی - از کجا باید شروع کنم؟,xPB0jfe1y9A,3
چند وقت هستش که هم انگلیسی و هم فارسی سرچ کردم برای برنامه نویسی...ولی این بهترین توضیحاتی بود که نیاز داشتم.,برنامه نویسی - از کجا باید شروع کنم؟,xPB0jfe1y9A,2
با اینکه شروع نکردم ولی احساس کردم چقد خرم بلد نیستم 😭🤣مفید بودددد میسییی,برنامه نویسی - از کجا باید شروع کنم؟,xPB0jfe1y9A,1
واقعا بینظیر بود کاش دوران دانشگاه دو تا استاد مثل شما داشتم هر چند که الآنم خوشحالم که ویدیو شما رو دیدم,برنامه نویسی - از کجا باید شروع کنم؟,xPB0jfe1y9A,0
مرسی که هستی منتظرم یاد بگیرم,برنامه نویسی - از کجا باید شروع کنم؟,xPB0jfe1y9A,2
من واقعا به دیدن همچین محتوایی نیاز داشتم. مرسی که این ویدیو رو تولید و به اشتراک گذاشتین❤❤❤,برنامه نویسی - از کجا باید شروع کنم؟,xPB0jfe1y9A,1
تشکر از راهنماییتون/واقعا مفید بود❤,برنامه نویسی - از کجا باید شروع کنم؟,xPB0jfe1y9A,2
این دوره دقیقا به درد من میخوره چون من در همین حد فیلم دیدن و اینا بلدم,برنامه نویسی - از کجا باید شروع کنم؟,xPB0jfe1y9A,1
سلام خواستم یک تشکر ویژه ازتون بکنم چون در همین چهارده دقیقه به خیلی از سوال های من جواب دادید.,برنامه نویسی - از کجا باید شروع کنم؟,xPB0jfe1y9A,4
سوای ویدیو خوبتون واقعا عالی جواب کامنت دوستانُ دادید ممنون ازتون بیشتریاشونو اسکرین گرفتم برای خودم,برنامه نویسی - از کجا باید شروع کنم؟,xPB0jfe1y9A,0
خیلی صحبتاتون خوب و کارآمد بود ، من امسال دانشگاه مهندسی کامپیوتر قبول شدم و پیش زمینه ی خیلی کمی دارم ، گفته هاتون واقعا بهم انگیز داد ، ممنون✨,برنامه نویسی - از کجا باید شروع کنم؟,xPB0jfe1y9A,2
به حرف هاتون نیاز داشتم - ممنونم,برنامه نویسی - از کجا باید شروع کنم؟,xPB0jfe1y9A,0
همه چی توش بود غیر از موضوع اصلی ضمن اینکه الان علم و ارتباطات اونقدر پیشرفت کزده مثلا همین یوتیوب خودش ی دانشگاه است,برنامه نویسی - از کجا باید شروع کنم؟,xPB0jfe1y9A,5
سلام ممنون بابت وقتی که گذاشتین. بنظرم به نکات خیلییی خوبی اشاره کردین,برنامه نویسی - از کجا باید شروع کنم؟,xPB0jfe1y9A,2
فوق العاده بود من که واقعا لذت بردم! جواب کلی از سوال هام رو گرفتم,برنامه نویسی - از کجا باید شروع کنم؟,xPB0jfe1y9A,6
دقیقا این مقدماتی رو که گفتی بلد بودم خوش بختانه😁 کلا به کامپیوتر امید وارم,برنامه نویسی - از کجا باید شروع کنم؟,xPB0jfe1y9A,1
با سلام خدمت شما استاد گرانقدر شما انقدر قدرت تکلم بالایی دارید که من به شخصه لذت بردم و حتما به حرف های شما عمل خواهم کرد ممنون از شما,برنامه نویسی - از کجا باید شروع کنم؟,xPB0jfe1y9A,8
بسیار عالی خسته نباشین💛💛💛,برنامه نویسی - از کجا باید شروع کنم؟,xPB0jfe1y9A,5
بهترین ویدیوی بود ک برای معرفی برنامه نویسی دیدم . عالی,برنامه نویسی - از کجا باید شروع کنم؟,xPB0jfe1y9A,0
بینهایت مفید بود. مسیرو نه خیلی الکی و ساده‌ تعریفش کردین، نه خیلی ترسناک و سخت. ممنون ✨,برنامه نویسی - از کجا باید شروع کنم؟,xPB0jfe1y9A,12
خیلی ممنون از شما صحبت هاتون خیلی واسم مفید بود,برنامه نویسی - از کجا باید شروع کنم؟,xPB0jfe1y9A,1
فوق العاده بود ممنون از شما,برنامه نویسی - از کجا باید شروع کنم؟,xPB0jfe1y9A,3
سپاسگذارم ازتون من علاقه ای زیادی داشتم و تقریبا هیچ اطلاعاتی نداشتم حرفاتون مفید بود ممنون ❤,برنامه نویسی - از کجا باید شروع کنم؟,xPB0jfe1y9A,0
ممنون اینکه به زبان ساده توضیح دادید.❤,برنامه نویسی - از کجا باید شروع کنم؟,xPB0jfe1y9A,9
خیلی ممنون حرفاتون واقعا کارامده اولین باره ویدیو های شما رو دیدم خیلی دیدمو تغییر داد ممنون,برنامه نویسی - از کجا باید شروع کنم؟,xPB0jfe1y9A,0
خیلی ممنون از شما🌹❤,برنامه نویسی - از کجا باید شروع کنم؟,xPB0jfe1y9A,2
محتوای بسیار قوی و آموزنده ای بود دید و تفکرم نسبت به دانشگاهو عوض کرد ممنونم! ❤,برنامه نویسی - از کجا باید شروع کنم؟,xPB0jfe1y9A,1
خیلی خوب بود اقا . و چقدر خوب که چنل رو پیدا کردم مرسی از شما,برنامه نویسی - از کجا باید شروع کنم؟,xPB0jfe1y9A,0
خیلی خوب بود...در مورد دانشگاه و شرایط برنامه نویس شدن خیلی مفید بود ویدیوتون، موفق باشید همراه با دانشجوهاتون 👍👏👍👏👍,برنامه نویسی - از کجا باید شروع کنم؟,xPB0jfe1y9A,12
خیلی مفید و رُک و پوسکنده حرف زدید ممنونم واقعا❤️❤️❤️,برنامه نویسی - از کجا باید شروع کنم؟,xPB0jfe1y9A,0
کارت عالی ادامه بده,برنامه نویسی - از کجا باید شروع کنم؟,xPB0jfe1y9A,4
چه قدر عالی هستید شما من خیلی نا امید هستم برای یادگیری دنبال انها هستم ولی نا امید حرف های شما را گوش کردم امیدوار تر شدم,برنامه نویسی - از کجا باید شروع کنم؟,xPB0jfe1y9A,1
عالی بود یک برنامه نویسی فوقالعاده بیشم چه باید انجام بدم,برنامه نویسی - از کجا باید شروع کنم؟,xPB0jfe1y9A,0
آقای مهندس لطفا ما را کامپیوتر یاد بدهید از نقطه صفر ویندوز تا آخر. مرسی 😊,برنامه نویسی - از کجا باید شروع کنم؟,xPB0jfe1y9A,38
بادرود، منمنون از محتویات جالب تون که مارا یاری میکند ❤❤❤❤,برنامه نویسی - از کجا باید شروع کنم؟,xPB0jfe1y9A,0
ویدیو خوبی بود ممنون منتظر ویدیو های بعدیتون هستم💛,برنامه نویسی - از کجا باید شروع کنم؟,xPB0jfe1y9A,4
خیلی ویدئوی خوب و کاربردی بود ممنون خسته نباشین,برنامه نویسی - از کجا باید شروع کنم؟,xPB0jfe1y9A,0
اول ک گفتی هیچ کدومو نفهمیدم میرم میفهمم برمیگردم نگا میکنم,برنامه نویسی - از کجا باید شروع کنم؟,xPB0jfe1y9A,7
عالی بود ممنون از توضیحات خوبی که دادید.,برنامه نویسی - از کجا باید شروع کنم؟,xPB0jfe1y9A,0
سلام خسته نباشید شما گفتید که اصول اولیه کامپیوتر مثل ویندوز و اینا رو باید یاد بگیریم خب از کجا یاد بگیریم و این اصول چیا هستن؟,برنامه نویسی - از کجا باید شروع کنم؟,xPB0jfe1y9A,69
خیلی ممنون که وقتتون رو برای مردم میزارید,برنامه نویسی - از کجا باید شروع کنم؟,xPB0jfe1y9A,1
من سال بعد مدرسه برنامه نویسی میرم بعد رفیقام میگن که نرو خیلی سخته انگلیسیت باید فول باش و خیلی چیزای دیگه ولی با این ویدو بیشتر شد علاقم ممنون 😁❤,برنامه نویسی - از کجا باید شروع کنم؟,xPB0jfe1y9A,6
عالی صحبتهاتون تکان دهنده بود,برنامه نویسی - از کجا باید شروع کنم؟,xPB0jfe1y9A,0
سلام، استاد عزیز، از این مباحثی که مطرح کردید بسیار متشکرم ولی از یک جایی کل بحث شما رفت به سمت اینکه نوجوانان و افرادی که هنوز وارد دانشگاه نشده اند باید چه مسیری را طی کنند، ای کاش بحث را به صورتی مطرح می کردید که افرادی که سن بالاتر دارند و علاقه به برنامه نویسی دارند یا در رشته های دانشگاهی دیگر تحصیل کرده اند و حتی دوستانی که در علوم انسانی فارغ التحصیل هستند چه کنند.,برنامه نویسی - از کجا باید شروع کنم؟,xPB0jfe1y9A,5
من خداوند را سپاسگذارم که حد اقل یک کشور فارسی زبان دیگر مانند ایران ایننجا هست و انسانهای با ظرفیت مانند شما آنجا زندگی میکنند و به این بهانه ما هم میاموزیم، ای کاش این ویدو را چند سال قبل میدیدم. خیلی ممنون و واقعا آموختم.,برنامه نویسی - از کجا باید شروع کنم؟,xPB0jfe1y9A,4
خیلی ممنونم از توضیحات فوق العاده تون,برنامه نویسی - از کجا باید شروع کنم؟,xPB0jfe1y9A,0
من میخاستم برنامه نویسی رو از صفر یاد بگیرم بخاطر علاقم...سه دیقه اول ویدیوتو ک دیدم به کل نا امید شدم‌...,برنامه نویسی - از کجا باید شروع کنم؟,xPB0jfe1y9A,86
واقعا عالی بود به این توضیحات نیاز داشتم❤,برنامه نویسی - از کجا باید شروع کنم؟,xPB0jfe1y9A,0
خیلی ویدئو خوبی بود فقط چند تا سوال دارم برای برنامه نویسی بهتره که از ریاضی اقدام کنم یا هنرستان؟ و توی هنرستان شرایط دانشگاه مثل ریاضی هست یا متفاوته؟ ممنون میشم جواب بدید :),برنامه نویسی - از کجا باید شروع کنم؟,xPB0jfe1y9A,4
"بنده در فهم ریداکس کمی مشکل داشتم اما شما به معنای واقعی ریداکس رو فوق العاده عالی و قابل فهم توضیح دادید, بسیار متشکرم از شما",دوره آموزش react js (مقدماتی تا پیشرفته) : ری اکت جی اس به ز,51FdCRVJLXs,8
بهترین آموزشی که تا الان در مورد ری اکت دیدم اموزش شما است . عالیه,دوره آموزش react js (مقدماتی تا پیشرفته) : ری اکت جی اس به ز,51FdCRVJLXs,24
نحوه آموزش شما بسیار عالی است. اول مطالب را در ساده ترین صورت می گویید و بعد گام به گام به آن می افزایید. بدون زیاده گویی ، بدون پیچیدگی,دوره آموزش react js (مقدماتی تا پیشرفته) : ری اکت جی اس به ز,51FdCRVJLXs,5
ممنون از شما بابت زحمت زیادی که برای تهیه این ویدیو کامل و مفید کشیدین،❤❤❤،اگه امکانش هست مثل همین ویدیو یک آموزش در خصوص یک پروژه فول استک هم درست کنید که عالی میشه،واقعا شما پرچم خانومارو بالا بردین😊,دوره آموزش react js (مقدماتی تا پیشرفته) : ری اکت جی اس به ز,51FdCRVJLXs,10
ممنون از شما بابت تمام زحماتتون ❤,دوره آموزش react js (مقدماتی تا پیشرفته) : ری اکت جی اس به ز,51FdCRVJLXs,3
واقعا باعث دلگرمی هستید❤❤❤❤❤ لطفا مارو تنها نذارید,دوره آموزش react js (مقدماتی تا پیشرفته) : ری اکت جی اس به ز,51FdCRVJLXs,3
خیلی زحمت کشیدین برای آموزش ممنون ولی انگار دارین برای خودتون مرور میکنین,دوره آموزش react js (مقدماتی تا پیشرفته) : ری اکت جی اس به ز,51FdCRVJLXs,1
چقدر بدرد بخور و مفید بود. خسته نباشید واقعا که آموزش رو به رایگان در اختیار هنرجوها قرار میدید,دوره آموزش react js (مقدماتی تا پیشرفته) : ری اکت جی اس به ز,51FdCRVJLXs,1
خیلی ممنون از سروین عزیز، این دوره آموزشی واقعا عالی و روان بود من برنامه نویس انگولار هستم مطالب خیلی واضح بود.,دوره آموزش react js (مقدماتی تا پیشرفته) : ری اکت جی اس به ز,51FdCRVJLXs,0
استاد خیلی ممنون که وقت گذاشتید و این مبحث رو به صورت رایگان و کامل در اختیار ما گذاشتید😄😍,دوره آموزش react js (مقدماتی تا پیشرفته) : ری اکت جی اس به ز,51FdCRVJLXs,0
خیلی خوب و عالیه که همه توی یک جا بود واقعا خسته نباشید 🌹,دوره آموزش react js (مقدماتی تا پیشرفته) : ری اکت جی اس به ز,51FdCRVJLXs,1
مطالب روان و عالی توضیح داده شدن.,دوره آموزش react js (مقدماتی تا پیشرفته) : ری اکت جی اس به ز,51FdCRVJLXs,1
مفهوم use state و خیلی خوب فهمیدم از این ویدئو. ‌در حالی که از ویدئو دیگه ارور داشتم همش.‌ممنونم ازتون❤,دوره آموزش react js (مقدماتی تا پیشرفته) : ری اکت جی اس به ز,51FdCRVJLXs,1
واقعاً یک سری افراد برای آموزش دادن ساخته شدن. عالی بود ممنون ♥,دوره آموزش react js (مقدماتی تا پیشرفته) : ری اکت جی اس به ز,51FdCRVJLXs,2
استاددد شما چقدر شیرین هستیننننن / من روز دوممه و از ذوق نمیتونم از سیستم جداشم. ممنون ازتون,دوره آموزش react js (مقدماتی تا پیشرفته) : ری اکت جی اس به ز,51FdCRVJLXs,0
فعلا فقط قسمت یوز استیت گوش دادم واقعا خوب توضیح دادن .ممنون ❤,دوره آموزش react js (مقدماتی تا پیشرفته) : ری اکت جی اس به ز,51FdCRVJLXs,1
خیلییییی ممنون از این اموزشتون باعث شد بتونم بیشتر کد هارو درک کنم واقعا ممنونم,دوره آموزش react js (مقدماتی تا پیشرفته) : ری اکت جی اس به ز,51FdCRVJLXs,0
استاد فوق العاده ،عااالی,دوره آموزش react js (مقدماتی تا پیشرفته) : ری اکت جی اس به ز,51FdCRVJLXs,2
خدا خیرتون بده ممنون و خسته نباشید,دوره آموزش react js (مقدماتی تا پیشرفته) : ری اکت جی اس به ز,51FdCRVJLXs,1
واقعا ساده و حرفه ای آموزش میدین تشکر از شما❤❤,دوره آموزش react js (مقدماتی تا پیشرفته) : ری اکت جی اس به ز,51FdCRVJLXs,0
واقعا عزیز بهترین این نمیشد براتون بهترینها را ارزومندم مممممنون🎉,دوره آموزش react js (مقدماتی تا پیشرفته) : ری اکت جی اس به ز,51FdCRVJLXs,1
بسیار ممنونم از اموزش خوبتون. بسیار عالی هستید. کلی کلاس تو udemy برداشتم ولی شما بهترینید,دوره آموزش react js (مقدماتی تا پیشرفته) : ری اکت جی اس به ز,51FdCRVJLXs,1
چقدرررررررر عالی بود خیلی ممنون,دوره آموزش react js (مقدماتی تا پیشرفته) : ری اکت جی اس به ز,51FdCRVJLXs,1
خیلی عالی آموزش های بیشتری بذارید، مینی پروژه های react,دوره آموزش react js (مقدماتی تا پیشرفته) : ری اکت جی اس به ز,51FdCRVJLXs,0
خیلی کاربردی ممنونم از چنل خوبتون بیشتر از تجربه و کارهایی ک برای تسریع روند کاریمون بزارید ممنون میشم,دوره آموزش react js (مقدماتی تا پیشرفته) : ری اکت جی اس به ز,51FdCRVJLXs,1
خیلی ممنون از آموزش کامل و خوبتون 🙏,دوره آموزش react js (مقدماتی تا پیشرفته) : ری اکت جی اس به ز,51FdCRVJLXs,0
خیلی ممنون از اموزش رایگانتون,دوره آموزش react js (مقدماتی تا پیشرفته) : ری اکت جی اس به ز,51FdCRVJLXs,0
یک دنیا تشکر بابت زحماتی که برای اموزش کشیدن و رایگان در اختیار گذاشتین خیر ببینید,دوره آموزش react js (مقدماتی تا پیشرفته) : ری اکت جی اس به ز,51FdCRVJLXs,2
مرسی ازت سروین جان... عالی واقعن...🥇,دوره آموزش react js (مقدماتی تا پیشرفته) : ری اکت جی اس به ز,51FdCRVJLXs,0
خیلی ممنون از این آموزش عالی,دوره آموزش react js (مقدماتی تا پیشرفته) : ری اکت جی اس به ز,51FdCRVJLXs,0
خیلی خوب اموزش میدین مرسی,دوره آموزش react js (مقدماتی تا پیشرفته) : ری اکت جی اس به ز,51FdCRVJLXs,1
ممنون منتظر ادامه هستیم,دوره آموزش react js (مقدماتی تا پیشرفته) : ری اکت جی اس به ز,51FdCRVJLXs,1
خیلی خوب وعالی،ممنون از آموزش خوبتون❤,دوره آموزش react js (مقدماتی تا پیشرفته) : ری اکت جی اس به ز,51FdCRVJLXs,1
خیلی ممنونم❤❤❤❤❤,دوره آموزش react js (مقدماتی تا پیشرفته) : ری اکت جی اس به ز,51FdCRVJLXs,1
عالی اموزش میدید خلی ممنون,دوره آموزش react js (مقدماتی تا پیشرفته) : ری اکت جی اس به ز,51FdCRVJLXs,1
ممنونم ازتون خیلی عالی بود❤,دوره آموزش react js (مقدماتی تا پیشرفته) : ری اکت جی اس به ز,51FdCRVJLXs,1
واقعا فوق‌العاده هستین,دوره آموزش react js (مقدماتی تا پیشرفته) : ری اکت جی اس به ز,51FdCRVJLXs,0
یک برنامه نویس زیبا با کدهای زیبا,دوره آموزش react js (مقدماتی تا پیشرفته) : ری اکت جی اس به ز,51FdCRVJLXs,1
واقعا عالی بود، فقط اگه امکانش هست next.js هم قرار بدین عالی میشه چثن یه منبع خوب واسه یادگیریش به زبان فارسی نیست,دوره آموزش react js (مقدماتی تا پیشرفته) : ری اکت جی اس به ز,51FdCRVJLXs,2
فووووق العاده درود بر شما,دوره آموزش react js (مقدماتی تا پیشرفته) : ری اکت جی اس به ز,51FdCRVJLXs,0
دست شما درد نکننه,دوره آموزش react js (مقدماتی تا پیشرفته) : ری اکت جی اس به ز,51FdCRVJLXs,0
سلام خوب هستید ؟ من خیلی دوست دارم یک شبکه اجتماعی بسازم با یه زبان برنامه نویسی خیلی خوب میشه اگر میشه آموزشش رو بزارید🙏💞,دوره آموزش react js (مقدماتی تا پیشرفته) : ری اکت جی اس به ز,51FdCRVJLXs,2
درود بر شما سپاسگزارم,دوره آموزش react js (مقدماتی تا پیشرفته) : ری اکت جی اس به ز,51FdCRVJLXs,1
نود کا ویو بعد کامنت چرا انقدر کم لایک هم کمه ایرانی میتونستی ویوتم میگرفتی خجالت داره ❤❤❤❤❤بانوی برنامه نویسی ایران ممنون,دوره آموزش react js (مقدماتی تا پیشرفته) : ری اکت جی اس به ز,51FdCRVJLXs,0
خدا خفظتون کنه❤,دوره آموزش react js (مقدماتی تا پیشرفته) : ری اکت جی اس به ز,51FdCRVJLXs,0
خیلی عالی هستین❤,دوره آموزش react js (مقدماتی تا پیشرفته) : ری اکت جی اس به ز,51FdCRVJLXs,0
شما بهترینید,دوره آموزش react js (مقدماتی تا پیشرفته) : ری اکت جی اس به ز,51FdCRVJLXs,1
سلام شما خیلی زیبا هستید,دوره آموزش react js (مقدماتی تا پیشرفته) : ری اکت جی اس به ز,51FdCRVJLXs,0
عالی بود تشکر فراوان,دوره آموزش react js (مقدماتی تا پیشرفته) : ری اکت جی اس به ز,51FdCRVJLXs,1
یه سوال زده یازده ساعت دوره ولی فقط یه دوره 7.30 بود و دیگه ادامهخ نداشت خواستم ببینم تمام شد یا ادامه دار اگه دار کجاس,دوره آموزش ری اکت جی اس ( مقدماتی تا پیشرفته پروژه محور reac,HVifx7Sy6UA,0
بیان کردن و رسوندن مفهوم واااااااااقعا ده از ده. دمتون گرم.,دوره آموزش ری اکت جی اس ( مقدماتی تا پیشرفته پروژه محور reac,HVifx7Sy6UA,9
داداش من زبانم واقعا قاصره نمیدونم از این همه معرفت چی بگم,دوره آموزش ری اکت جی اس ( مقدماتی تا پیشرفته پروژه محور reac,HVifx7Sy6UA,42
به جرات یکی از عالی ترین آموزش های ری اکت رو گذاشتی دمت گرم اگه امکانش هستش دوره ریداکس رو هم برگزار کنید ممنون از زحماتی که میکشی با فن بیان خوبت,دوره آموزش ری اکت جی اس ( مقدماتی تا پیشرفته پروژه محور reac,HVifx7Sy6UA,35
سلام خسته نباشید استاد راستش react بخاطر تغییراتی که کرده دیگه نمیشه creat react app. رو به صورت گلوبال نصب کرد و خب الان نمیتونم داخل دیو روت تغییرات رو انجام بدم,دوره آموزش ری اکت جی اس ( مقدماتی تا پیشرفته پروژه محور reac,HVifx7Sy6UA,0
سلام این اموزش برای الان منقضی نشده ؟ چون میخوام شروع کنم,دوره آموزش ری اکت جی اس ( مقدماتی تا پیشرفته پروژه محور reac,HVifx7Sy6UA,1
اگه از من بپرسن یه مرد واقعی رو معرفی کن من قطعا از تو خواهم گفت. بهترین استاد دنیا,دوره آموزش ری اکت جی اس ( مقدماتی تا پیشرفته پروژه محور reac,HVifx7Sy6UA,2
دوستان یه سوال چرا روی عکس دوره نوشته یازده ساعت ولی ۷ ساعته؟ پارت دو داره ؟ من گشتم ندیدم,دوره آموزش ری اکت جی اس ( مقدماتی تا پیشرفته پروژه محور reac,HVifx7Sy6UA,0
مهندس کارت درسته دمت گرم خدایی . خدا بهت برکتتتتتتتتتتتتتتتتتتتتتتتتتتتتتتت بده,دوره آموزش ری اکت جی اس ( مقدماتی تا پیشرفته پروژه محور reac,HVifx7Sy6UA,0
این دوررررررررره خیلی خوبه همه چیز رو به زبان ساده توضیح دادید یه دنیا ممنونم ازتون دوره ریداکس و یه دوره پروژه محور ریکت ریداکس هم اگه میشه ضبط کنین,دوره آموزش ری اکت جی اس ( مقدماتی تا پیشرفته پروژه محور reac,HVifx7Sy6UA,8
من امروز دارم اینو نگاه میکنم و‌نصب اش کردم چت جی بی تی میگه ری اکت نوزده رو‌نصب کردی و کدها کمی تغییر کرده و من نمیدونم باید چکار کنم سعی کردم تغیرش بدم به ری اکت نوزده ولی کتاب خانه ها به روز تر بودن و بازم ب مشکل خوردم . لطفا راهنماییم کنید استاد,دوره آموزش ری اکت جی اس ( مقدماتی تا پیشرفته پروژه محور reac,HVifx7Sy6UA,0
من زبانم از این همه مرام قاصره ، یعنی اصن,دوره آموزش ری اکت جی اس ( مقدماتی تا پیشرفته پروژه محور reac,HVifx7Sy6UA,2
استاد فوق العاده بود هیچ چیزی کم نداشت آموزش های خارجی رو میدیدم یه سری نکته رو باز برام سوال میذاشت که تو این دوره به بهترین نحو توجیح شدم پر انرژی ادامه بده استاد یدونه ای❤️🌹😎,دوره آموزش ری اکت جی اس ( مقدماتی تا پیشرفته پروژه محور reac,HVifx7Sy6UA,2
شما عالی هستی و واقعا با دل و جون تدریس میکنید و وقت میزارید ممنون و سپاس فراوان 🙏🌹,دوره آموزش ری اکت جی اس ( مقدماتی تا پیشرفته پروژه محور reac,HVifx7Sy6UA,3
این دوره عالیه ممنون ازتون من دارم خیلی خوب و دقیق پیش میرم,دوره آموزش ری اکت جی اس ( مقدماتی تا پیشرفته پروژه محور reac,HVifx7Sy6UA,0
عاااااااالیه ! دوره های انگلیسی رو دیدم ولی این دوره واقعا جامع و عالی هست. خدا حفظت کنه,دوره آموزش ری اکت جی اس ( مقدماتی تا پیشرفته پروژه محور reac,HVifx7Sy6UA,3
واقعا لذت می برم از این آموزش امیدوارم که بهترین ها نصیبتون بشه. کاشکی یک نمونه پروژه بزرگتر ری اکت هم بگین استاد عالی میشه.,دوره آموزش ری اکت جی اس ( مقدماتی تا پیشرفته پروژه محور reac,HVifx7Sy6UA,3
من از اکثر دوره هاتون استفاده کردم واقعا تدریستون عالیه ازتون ممنونم,دوره آموزش ری اکت جی اس ( مقدماتی تا پیشرفته پروژه محور reac,HVifx7Sy6UA,0
واقعا دمت گرم، ده برابر پکیج های پولی ارزش داشت,دوره آموزش ری اکت جی اس ( مقدماتی تا پیشرفته پروژه محور reac,HVifx7Sy6UA,0
سلام ، من میخواستم این دوره رو ببینم الان با آپدیت های ری اکت ، این دوره منسوخ نشده؟,دوره آموزش ری اکت جی اس ( مقدماتی تا پیشرفته پروژه محور reac,HVifx7Sy6UA,0
خیلی ممنون واقعا به جرأت میشه گفت بهترین آموزش ها رو ضبط میکنین و من بیشتر چیزایی که یاد گرفتم رو مدیون شما هستم مرسی برای وقت و انرژی که میذارین,دوره آموزش ری اکت جی اس ( مقدماتی تا پیشرفته پروژه محور reac,HVifx7Sy6UA,0
هر چقد از این دوره فوق العاده بگم بازم کمه، محشره واقعا,دوره آموزش ری اکت جی اس ( مقدماتی تا پیشرفته پروژه محور reac,HVifx7Sy6UA,1
درود دارید بزرگوار، نحوه ی آموزشتون عالیه ، بی نهایت سپاس، کاش زود تر آشنا میشدم با کانالتون.,دوره آموزش ری اکت جی اس ( مقدماتی تا پیشرفته پروژه محور reac,HVifx7Sy6UA,1
خیلی آموزشت خفنه.... تسلطت به تدریس عالیه.... من هزارتا دوره دیدم تو واقعا بینظیری,دوره آموزش ری اکت جی اس ( مقدماتی تا پیشرفته پروژه محور reac,HVifx7Sy6UA,0
سلام استاد عزیز واقعا برای همه دوره ها و زحمات تون ممنونم. ازتون میخوام اگر میشه یک دوره خوب از جنگو هم بسازید خیلی خیلی ممنون میشیم.,دوره آموزش ری اکت جی اس ( مقدماتی تا پیشرفته پروژه محور reac,HVifx7Sy6UA,0
خیلی دوره عالی بود از نمونه های خارجی خیلی بهتر و جامع تر هستش دستتون درد نکنه👌,دوره آموزش ری اکت جی اس ( مقدماتی تا پیشرفته پروژه محور reac,HVifx7Sy6UA,2
بسیار عالی و کامل و همچنین قابل فهم برای برنامه نویسان مبتدی ❤❤,دوره آموزش ری اکت جی اس ( مقدماتی تا پیشرفته پروژه محور reac,HVifx7Sy6UA,0
ایشالله همیشه خیر این دوره رو ببینی و به درجات بالا برسی 😍,دوره آموزش ری اکت جی اس ( مقدماتی تا پیشرفته پروژه محور reac,HVifx7Sy6UA,1
خیلی دلم میخواست یه آموزش راجع ویو جی اس با اسکریپت ست آپ بذاری و همینجوری کامل توضیح بدی,دوره آموزش ری اکت جی اس ( مقدماتی تا پیشرفته پروژه محور reac,HVifx7Sy6UA,0
خیلی دوره مفید و خوبی بود. ممنون که وقت میذارید و این دوره ها رو آماده می کنید🙏🙏,دوره آموزش ری اکت جی اس ( مقدماتی تا پیشرفته پروژه محور reac,HVifx7Sy6UA,4
واقعا خیلی ممنون دورتون کامل ترین دوره ی فارسی ریکت هست . فقط اگه میشه یه ویدئوی کوتاه دربارهی مسیر های import کردن فایل ها به ریکت از فولدر های مختلف هم بزارید ممنون میشم. 🌹🌹🌹,دوره آموزش ری اکت جی اس ( مقدماتی تا پیشرفته پروژه محور reac,HVifx7Sy6UA,0
خسته نباشید استاد دوره عالی بود فقط اگه میشه آموزش php و angular را هم در کانال قرار دهید🙏🙏,دوره آموزش ری اکت جی اس ( مقدماتی تا پیشرفته پروژه محور reac,HVifx7Sy6UA,0
تو یکی از بهترینا هستی و من به حضورت در یوتوب افتخار میکنم. تشکرات ویژه بابت این آموزش,دوره آموزش ری اکت جی اس ( مقدماتی تا پیشرفته پروژه محور reac,HVifx7Sy6UA,0
خیلی عشقی 🤍🤍 خیلی چیزارو ازدت یاد گرفتم🙂 #زنده_باد_انسانیت نئون❤️👉,دوره آموزش ری اکت جی اس ( مقدماتی تا پیشرفته پروژه محور reac,HVifx7Sy6UA,0
فقط نسخه 19 betta اومده و یمقدار سینتکس هاش متفاوته نسخه جدید رو هم تدریس میکنین؟,دوره آموزش ری اکت جی اس ( مقدماتی تا پیشرفته پروژه محور reac,HVifx7Sy6UA,0
با اینکه کلا سه دقیقه از فیلم رو دیدم قشنگ معلومه که خیلی زحمت کشیدین و واقعا خسته نباشین❤ و,دوره آموزش ری اکت جی اس ( مقدماتی تا پیشرفته پروژه محور reac,HVifx7Sy6UA,0
درود خسته نباشید! ری اکت چقدر دردسر داره.,دوره آموزش ری اکت جی اس ( مقدماتی تا پیشرفته پروژه محور reac,HVifx7Sy6UA,0
عالی بود. همه مباحث رو عالی توضیح داده بودید. ممنونم.,دوره آموزش ری اکت جی اس ( مقدماتی تا پیشرفته پروژه محور reac,HVifx7Sy6UA,0
دمت گرررم، امیدوارم انرژی مثبت این آموزش عالی بهت برگرده,دوره آموزش ری اکت جی اس ( مقدماتی تا پیشرفته پروژه محور reac,HVifx7Sy6UA,0
سلام دوست و استاد عزیز، از انصاف به دوره از شما برای این همه دوره باارزشی که در کانال خوبتون گذاشتین تشکر نکنم. واقعا عالی آموزش میدین🙂 به نظر میاد هنوز نسل انسانهای خوبی که اولویت اولشون مسائل مالی نیست منقرض نشده☺😉 شاد و سلامت باشید,دوره آموزش ری اکت جی اس ( مقدماتی تا پیشرفته پروژه محور reac,HVifx7Sy6UA,0
واقعا ممنونم بابت این دوره های عالی تون. پر قدرت ادامه بدید ما حمایتتون می کنیم,دوره آموزش ری اکت جی اس ( مقدماتی تا پیشرفته پروژه محور reac,HVifx7Sy6UA,0
واقعا ازتون ممنونم امیدوارم همیشه موفق باشید و مسیر زندگیتان هموار،آموزش ها فوق العاده هستن،کمک بزرگی بهمون کردی❤️,دوره آموزش ری اکت جی اس ( مقدماتی تا پیشرفته پروژه محور reac,HVifx7Sy6UA,1
مثل همه کامل و جامع واقعا بزرگوارید شما موفق باشید,دوره آموزش ری اکت جی اس ( مقدماتی تا پیشرفته پروژه محور reac,HVifx7Sy6UA,0
درود بر اون شرفت,دوره آموزش ری اکت جی اس ( مقدماتی تا پیشرفته پروژه محور reac,HVifx7Sy6UA,0
من خیلی ذوق دارم ک اموزش بوت استرپتونو زودتر تموم کنم و بیام سراغ آموزش ری اکتتون استاد☹💔، شما فوق العاده اید خدایی❤❤❤,دوره آموزش ری اکت جی اس ( مقدماتی تا پیشرفته پروژه محور reac,HVifx7Sy6UA,0
سلام خیلی ممنون علی بود مثل همیشه بهترین دوره ای بود که تاحالا دیدم,دوره آموزش ری اکت جی اس ( مقدماتی تا پیشرفته پروژه محور reac,HVifx7Sy6UA,0
دستتون درد نکنه بابت این اموزش🌹❤,دوره آموزش ری اکت جی اس ( مقدماتی تا پیشرفته پروژه محور reac,HVifx7Sy6UA,0
استاد شما خیلی خوبی .❤,دوره آموزش ری اکت جی اس ( مقدماتی تا پیشرفته پروژه محور reac,HVifx7Sy6UA,0
سلام فوق العاده عالی .من یه پیشنهاد دارم.برای بک اند کاش یه فرم ورک دیگه مثل فلسک در پایتون رو با استفاده از ریکت هم توضیح بدین دیگه تقریبا اموزش های شما در زمینه وب کامل کامل خواهد بود.,دوره آموزش ری اکت جی اس ( مقدماتی تا پیشرفته پروژه محور reac,HVifx7Sy6UA,0
خیلی ممنون برای دوره غالی که گذاشتین,دوره آموزش ری اکت جی اس ( مقدماتی تا پیشرفته پروژه محور reac,HVifx7Sy6UA,0
خیلییییییییییییی عالی بود کاش ی بروژه ری اکتی بزنی لطفا,دوره آموزش ری اکت جی اس ( مقدماتی تا پیشرفته پروژه محور reac,HVifx7Sy6UA,0
خیلی عالی تدریس میکنید👌,دوره آموزش ری اکت جی اس ( مقدماتی تا پیشرفته پروژه محور reac,HVifx7Sy6UA,0
بهترین دوره ریکتی که دیدم، کامل و جامع,آموزش React Js به صورت پروژه محور | یادگیری ریکت از صفر تا ص,HUTOL5A_TZk,1
بهترین توضیحاتی بود که به این صورت کامل و جامع بود ، مرسی مهندس جان❤❤,آموزش React Js به صورت پروژه محور | یادگیری ریکت از صفر تا ص,HUTOL5A_TZk,0
تاحالا ندیده بودم یکی انقدر خوب و با تسلط مثل شما مهندس توضیح بده ک یاد بگیرم هم ریکت و هم تیلویند عالی درس دادین خسته نباشین اقعا ❤❤,آموزش React Js به صورت پروژه محور | یادگیری ریکت از صفر تا ص,HUTOL5A_TZk,1
خلاصه مختصر و مفید👏❤,آموزش React Js به صورت پروژه محور | یادگیری ریکت از صفر تا ص,HUTOL5A_TZk,0
کانالتون عالیه 😍😍,آموزش React Js به صورت پروژه محور | یادگیری ریکت از صفر تا ص,HUTOL5A_TZk,0
ممنون از شما 🎉❤,آموزش React Js به صورت پروژه محور | یادگیری ریکت از صفر تا ص,HUTOL5A_TZk,0
بسیار باکیفیت و مفید,آموزش React Js به صورت پروژه محور | یادگیری ریکت از صفر تا ص,HUTOL5A_TZk,0
خوب بود ممنونم خدا قوت ، فقط به عنوان کرش کورس اگ یکم بیشتر هوک ها رو معرفی میکردین بهتر میشد ... ولی جامع بود 👌,آموزش React Js به صورت پروژه محور | یادگیری ریکت از صفر تا ص,HUTOL5A_TZk,0
کارت واقعا تکه. هیچ جا به فارسی همچین اموزشی نیست. یا اموزشای فیک و برای جذبه یا مسخره بازی و بیزینس. مشخصه دنبال بولشت ها نیستی و فقط کار و علم میدی. ادامه بده داداش❤,آموزش React Js به صورت پروژه محور | یادگیری ریکت از صفر تا ص,HUTOL5A_TZk,0
درود، چرا داخل css استایل رو نمیدن که تمیز و جدا باشه و با sass که کلی خلاصه میکنه، بجای اینطور کلاس دادن؟ تو کار واقعی همین کار رو میکنن؟,آموزش React Js به صورت پروژه محور | یادگیری ریکت از صفر تا ص,HUTOL5A_TZk,0
تشکر از زحماتت چیزی که باید برای پروژه و بازار کار واقعی یاد بگیریم رو بگید، بیخیالِ سختی و فشار اومدن چیزیه که اول اخر باید یاد گرفت پس درد اول بهتر از اینه چیز بی‌کاربرد و الکی رو یاد گرفت اکثر اموزش ها ساختاری رو یاد میدن که فول شدی تازه باید ویرایشش بدی به روش رایج در واقعیت ممنون,آموزش React Js به صورت پروژه محور | یادگیری ریکت از صفر تا ص,HUTOL5A_TZk,0
من سال ۲۰۲۶ شروع کردم و تمام کردم ❤❤سپاس,دوره آموزش HTML مقدماتی تا پیشرفته صفر تا صد (2022 اچ تی ام ,6zcBBDcR5-M,21
الان با کلود بازی میسازن😂😂,دوره آموزش HTML مقدماتی تا پیشرفته صفر تا صد (2022 اچ تی ام ,6zcBBDcR5-M,1
استاد من سال ۲۰۲۶ دارم میبینم😂💔,دوره آموزش HTML مقدماتی تا پیشرفته صفر تا صد (2022 اچ تی ام ,6zcBBDcR5-M,25
یه ادم چقدر میتونه با شرف باشه به معنای واقعی یک انسان فوق العاده ای ممنونم ازت 😍,دوره آموزش HTML مقدماتی تا پیشرفته صفر تا صد (2022 اچ تی ام ,6zcBBDcR5-M,87
استاد امشب تصمیم گرفتم این ویدیو رو ببینم تا انشالله به هدفم برسم امشب یکشنبه 1404/9/9 روز امتحان میانترم فیزیک یک بماند به یادگار❤ امام زمان کمکم کن❤,دوره آموزش HTML مقدماتی تا پیشرفته صفر تا صد (2022 اچ تی ام ,6zcBBDcR5-M,8
آخرای 2025 هستیم و من تازه دارم می بینم. مرسی از کانال خوبتون.,دوره آموزش HTML مقدماتی تا پیشرفته صفر تا صد (2022 اچ تی ام ,6zcBBDcR5-M,60
سال ۲۰۲۶ دارم شروع میکنم😂,دوره آموزش HTML مقدماتی تا پیشرفته صفر تا صد (2022 اچ تی ام ,6zcBBDcR5-M,3
واقعا آدمایی مثل شما خیلی کم هستن ، خیلی بزرگوارید استاد❤️,دوره آموزش HTML مقدماتی تا پیشرفته صفر تا صد (2022 اچ تی ام ,6zcBBDcR5-M,95
امروزشروع کردم سی اس اس ولی دانشگاهم زبان هلندی... سردر گم بودم اومدم سراغ یوتیوب و اتفاقی با چنل خوبت آشناشدم ،ادامه بده و سپاس🌼,دوره آموزش HTML مقدماتی تا پیشرفته صفر تا صد (2022 اچ تی ام ,6zcBBDcR5-M,144
منم الان اول شهریور ۱۴۰۵ هست دارم نگاه میکنم و چون هزینه نداره و تو فشار هستیم مرسی که درست کردی ❤,دوره آموزش HTML مقدماتی تا پیشرفته صفر تا صد (2022 اچ تی ام ,6zcBBDcR5-M,1
سلام خداقوت ۱۵تیر ۴۰۵ شروع ب دیدن این ویدیو... موفق باشید.,دوره آموزش HTML مقدماتی تا پیشرفته صفر تا صد (2022 اچ تی ام ,6zcBBDcR5-M,2
من پایتون ۱۲ ساعته رو دیدم الانم این بعدشم CSS واقعا ممنونم بابت اینهمه زحمتی که کشیدین ❤,دوره آموزش HTML مقدماتی تا پیشرفته صفر تا صد (2022 اچ تی ام ,6zcBBDcR5-M,1
در وقت بسیار کم مفاهیم کاربردی را به زبان ساده بیان کردید تدریس تان عالی است استاد محترم.,دوره آموزش HTML مقدماتی تا پیشرفته صفر تا صد (2022 اچ تی ام ,6zcBBDcR5-M,19
خیلی عالیه و من پیشنهاد میکنم حتما این ویدیو رو تا اخر ببینید پشیمون نمیشد الان سال ۲۰۲۶ هس و من تازه دارم طراحی سایت رو درک میکنم با توضیحات شما :),دوره آموزش HTML مقدماتی تا پیشرفته صفر تا صد (2022 اچ تی ام ,6zcBBDcR5-M,1
کاش یه دوره برای زبان انگلیسی هم می ساختین یعنی یه دوره برای این که زبان انگلیسی حداقل اون بخشی که برنامه نویسی و کامپیوتر مربوط می‌شه رو یاد بگیریم و همه اصطلاحات رو توش بفهمیم به نظرم دوره جذاب و پر طرفدار و آموزنده و پر سودی می‌شد.,دوره آموزش HTML مقدماتی تا پیشرفته صفر تا صد (2022 اچ تی ام ,6zcBBDcR5-M,8
مهندس به هر چی که از خدا میخوای تو زندگیت برسی .ممنون که به جوونهای همیشه از همه چی محروم کشورت اهمیت میدی ممنون .,دوره آموزش HTML مقدماتی تا پیشرفته صفر تا صد (2022 اچ تی ام ,6zcBBDcR5-M,2
من کلی فیلم آموزشی دیدم ب جرعت میتونم بگم از همشون بهترو قابل درک تر آموزش ‌دادین دستتون درد نکنه واقعا 🤍,دوره آموزش HTML مقدماتی تا پیشرفته صفر تا صد (2022 اچ تی ام ,6zcBBDcR5-M,0
فقط ایشالله که ادامه بدید 🌹🌹🌹🌸🌸🌸چون واقعا ارزش داره :),دوره آموزش HTML مقدماتی تا پیشرفته صفر تا صد (2022 اچ تی ام ,6zcBBDcR5-M,13
همه نکات کامل و بصورت مفهومی تدریس شده و کاملا کاربردی برای کسانی که هیچ پیش زمینه ای ندارن و از صفر استارت زدن مثل خودم🙏🏻,دوره آموزش HTML مقدماتی تا پیشرفته صفر تا صد (2022 اچ تی ام ,6zcBBDcR5-M,1
مرد تو چقدر خوبی اصلا وااااو امیدوارم به بالاترین مقاطع برسی و به هدفت برسی _ مخصوصا منه دانشجوی بی پول میام میبینم همچین دوره های خفنی رو رایگان یاد دادی ایول دمت گرم خدا کارما و جواب خوبی هاتو بده الهی❤❤❤❤❤❤,دوره آموزش HTML مقدماتی تا پیشرفته صفر تا صد (2022 اچ تی ام ,6zcBBDcR5-M,1
درسال 2025 دارم نگاه میکنم ،❤❤,دوره آموزش HTML مقدماتی تا پیشرفته صفر تا صد (2022 اچ تی ام ,6zcBBDcR5-M,57
من درسال ۲۰۲۳ دارم ویدئو شمارو میبینم و فقط میتونم تشکر کنم🌷🌷👌👌,دوره آموزش HTML مقدماتی تا پیشرفته صفر تا صد (2022 اچ تی ام ,6zcBBDcR5-M,1
این فول کورسارو من تو یوتوب فارسی ندیده بودم خیلی خوشحالم کامیونیتی یوتوب انقد خوب شده🔥❤️,دوره آموزش HTML مقدماتی تا پیشرفته صفر تا صد (2022 اچ تی ام ,6zcBBDcR5-M,2
بهترین هستید مرسی واقعا,دوره آموزش HTML مقدماتی تا پیشرفته صفر تا صد (2022 اچ تی ام ,6zcBBDcR5-M,0
0:40 عالی استاد ۲۰۲۵ هم عالی هستی,دوره آموزش HTML مقدماتی تا پیشرفته صفر تا صد (2022 اچ تی ام ,6zcBBDcR5-M,4
توضیح شما واقعا خوب بود ممنون❤❤,دوره آموزش HTML مقدماتی تا پیشرفته صفر تا صد (2022 اچ تی ام ,6zcBBDcR5-M,1
مرررررسی خیلی عالی بود ، مرسی که وقتت رو در اختیار ما می‌زاری و رایگان به ما آموزش میدی ،,دوره آموزش HTML مقدماتی تا پیشرفته صفر تا صد (2022 اچ تی ام ,6zcBBDcR5-M,4
سلام استاد من سال دهمم و از صفر شروع کردم ویدیو تون رو دیدم واقعا ممنونم ❤,دوره آموزش HTML مقدماتی تا پیشرفته صفر تا صد (2022 اچ تی ام ,6zcBBDcR5-M,0
خیلی خفنیی خیلیی .دمت گرم خیلی واضح و شفاف توضیح میدی و واقعا برای منی که هیچ پیش زمینه ای نداشتم مطالب کاملا جا افتاد .روبه جلو همچنان مُسِر ....,دوره آموزش HTML مقدماتی تا پیشرفته صفر تا صد (2022 اچ تی ام ,6zcBBDcR5-M,2
من یمدت از طراحی وب فاصله گرفته بودم این ویدئو برای مرور عالییی بود ممنون ازتون❤ الان سال ۲۰۲۶ هستش,دوره آموزش HTML مقدماتی تا پیشرفته صفر تا صد (2022 اچ تی ام ,6zcBBDcR5-M,0
واقعا خیلی لطف کردین ♥️♥️ من الان رشتم کامپیوتره سال دهمم مدرسه که هیچی یاد نمی‌ده اومدم خودم از تو گوگل و یوتیوب چیزی یاد بگیرم خیلی بهم کمک کردین ♥️,دوره آموزش HTML مقدماتی تا پیشرفته صفر تا صد (2022 اچ تی ام ,6zcBBDcR5-M,6
90ساعت برا کل طراحی وب خیلیم عالی👌❤👌🙃🙃,دوره آموزش HTML مقدماتی تا پیشرفته صفر تا صد (2022 اچ تی ام ,6zcBBDcR5-M,2
سپاس فراوان بابت آموزش فوق العادتون 🙏 خیلی عالی ،کامل و کاربردی بود، موفق باشید 🌱,دوره آموزش HTML مقدماتی تا پیشرفته صفر تا صد (2022 اچ تی ام ,6zcBBDcR5-M,4
مرسی از آموزش ساده و کاربردی شما ❤💯,دوره آموزش HTML مقدماتی تا پیشرفته صفر تا صد (2022 اچ تی ام ,6zcBBDcR5-M,4
خیلی خوبه که هستید عالی هستن محتوا ها.,دوره آموزش HTML مقدماتی تا پیشرفته صفر تا صد (2022 اچ تی ام ,6zcBBDcR5-M,2
استاد اموزشا تون کاملا عالی و مفهومی هست واقعا از شما بابت این آموزش ها تشکر میکنم❤,دوره آموزش HTML مقدماتی تا پیشرفته صفر تا صد (2022 اچ تی ام ,6zcBBDcR5-M,2
استاد تو چقدر بزرگواری که هرچی میخوام یاد بگیرم رو رایگان و بدون منت در اخیارمون میزاری ؟! خیر ببینی انشالله ❤,دوره آموزش HTML مقدماتی تا پیشرفته صفر تا صد (2022 اچ تی ام ,6zcBBDcR5-M,0
اصلا یه وضعی این کانال عالیههههههههههههههههههههههههههههههههه !!!!!!!!!!!هم خودشون هم هم تدریسشون❤❤❤❤,دوره آموزش HTML مقدماتی تا پیشرفته صفر تا صد (2022 اچ تی ام ,6zcBBDcR5-M,1
بسیار عالی . فقط کسی که یه مهندس کامپیوتر باشه و کارش هم تدریس باشه متوجه می شه که چقدر خوب تدریس می کنید . موفق باشید . Veel succes,دوره آموزش HTML مقدماتی تا پیشرفته صفر تا صد (2022 اچ تی ام ,6zcBBDcR5-M,7
اقا دم شما گرم من با استفاده از این اموزش و مابقی اموزش های داخل چنلتون طراحی سایت رو فول شدم اقا خیلی ممنون❤,دوره آموزش HTML مقدماتی تا پیشرفته صفر تا صد (2022 اچ تی ام ,6zcBBDcR5-M,0
یکی از دوستان من شما رو معرفی کرد و با توجه به نتیجه خوب ایشون به امید خدا وب رو با شما شروع میکنم . ممنون ازت 🌹👌🏻,دوره آموزش HTML مقدماتی تا پیشرفته صفر تا صد (2022 اچ تی ام ,6zcBBDcR5-M,0
به جرعت میتونم بگم بهترین و کاملترین دوره های برنامه نویسی,دوره آموزش HTML مقدماتی تا پیشرفته صفر تا صد (2022 اچ تی ام ,6zcBBDcR5-M,0
دمتون گرم من قبلا اچ تی ام ال رو کامل بلد بودم اما به دلایلی مدت زیادی تمرین نکردم و یادم رفت اما با ویدیو شما دوباره خودمو رسوندم و دمتون گرم,دوره آموزش HTML مقدماتی تا پیشرفته صفر تا صد (2022 اچ تی ام ,6zcBBDcR5-M,18
از شما بسیار تشکر میکنم بابت اینکه این اطلاعات رو رایگان در اختیار همه میزارید ازتون خیلی ممنونم,دوره آموزش HTML مقدماتی تا پیشرفته صفر تا صد (2022 اچ تی ام ,6zcBBDcR5-M,0
خیلی عالی و کاربردی و قشنگ توضیح دادید واقعن لذت بردم ممنون از شما و آموزش های خوبتون 💚✌🏻,دوره آموزش HTML مقدماتی تا پیشرفته صفر تا صد (2022 اچ تی ام ,6zcBBDcR5-M,4
خیلی خیلی ممنون، من چند تا دوره شمارو دیدم، فقط میتونم بگم فوق العلاده هست ، پیشنهاد میشه به بقیه دوستان ، من دوره react و جاوا رو دیدم عالی بوده,دوره آموزش HTML مقدماتی تا پیشرفته صفر تا صد (2022 اچ تی ام ,6zcBBDcR5-M,1
درود بر شما که این اطلاعات مفید به رایگان در اختیار بقیه قرار می دید و به دیگران خیر می رسونید؛سلامتی،شادی و بهترین لحظات برای شما آرزو می کنم.,دوره آموزش HTML مقدماتی تا پیشرفته صفر تا صد (2022 اچ تی ام ,6zcBBDcR5-M,9
مرسی که این مدل ویدیو هارو میزاری ادامه بده واقعا تو یوتویوب یکی مثل تو نیاز بود تا خوب توضیح بده❤,دوره آموزش HTML مقدماتی تا پیشرفته صفر تا صد (2022 اچ تی ام ,6zcBBDcR5-M,0
خیلیییی عالی هستین👌🏻👌🏻 هم به اندازه، هم نکات مهم و کافی رو در زمان کم آموزش میدین ممنون ازتون🌼🌼🙌🏻,دوره آموزش HTML مقدماتی تا پیشرفته صفر تا صد (2022 اچ تی ام ,6zcBBDcR5-M,10
چه انگیزه ای وجود داره که چنین پروژه بزرگی رو فیلم برداری کردید:yougotthis:واقعا خسته نباشید👌🙏,دوره آموزش HTML مقدماتی تا پیشرفته صفر تا صد (2022 اچ تی ام ,6zcBBDcR5-M,83
عالی واقعا. اینکه سعی نکردید الکی سختش کنید و به ساده ترین شکل توضیح دادید خیلی خفن شده . خدا قوت,دوره آموزش HTML مقدماتی تا پیشرفته صفر تا صد (2022 اچ تی ام ,6zcBBDcR5-M,0
کوتاه ترین اموزشی که کامل ترینه و بی نقص و عالی 🌻,دوره آموزش HTML مقدماتی تا پیشرفته صفر تا صد (2022 اچ تی ام ,6zcBBDcR5-M,3
ممنونم ازتون خیلی خوب توضیح میدید من با کانال زبان های سخت رو خیلی اسون یاد گرفتم❤,دوره آموزش HTML مقدماتی تا پیشرفته صفر تا صد (2022 اچ تی ام ,6zcBBDcR5-M,1
سلام من همین امروز شروع کردم که تاریخ هم ۱۴۰۵ /۲۹ فروردین است سبک درس شما واقعا عالی است 🙏 بنده از افغانستان هستم ، به امید موفقیت!,دوره آموزش HTML مقدماتی تا پیشرفته صفر تا صد (2022 اچ تی ام ,6zcBBDcR5-M,0
من htmlرو با شما شروع کردم و فوق العاده عالی بود خیلی کامل و عالی واقعا ممنونم ❤❤❤,دوره آموزش HTML مقدماتی تا پیشرفته صفر تا صد (2022 اچ تی ام ,6zcBBDcR5-M,3
سروین خانم یک بانوی با تخصص و یک مدرس عالی از شیوه ی بیان مطالب شما واقعا لذت میبرم که خیلی راحت و شیوا بیان میشن و تلاش نمیکنید که کلمات رو قلنبه سلنبه بگید و همون حالت عادی بیان میکنید انسان بهتر مطلب رو میفهمه و سرعت آموزشتون فوق العادست مفاهیم کاربردی رو میگید که بدرد بخور هستن نه جزییاتی که شاید توی دوران کاری ۱۰ ساله ۲ مرتبه هم استفاده نشن واقعا ازتون متشکرم,آموزش کامل HTML و CSS | از مبتدی تا پیشرفته - دوره کامل پروژ,uUj6nyGbakk,36
از سرعت و حاشیه نرفتنتون بسیار لذت میبرم ممنون بابت اموزش خوبتون,آموزش کامل HTML و CSS | از مبتدی تا پیشرفته - دوره کامل پروژ,uUj6nyGbakk,12
ازتون بسیار ممنونم که این آموزش عالی و جامع رو رایگان در اختیار مردم میگذارید❤,آموزش کامل HTML و CSS | از مبتدی تا پیشرفته - دوره کامل پروژ,uUj6nyGbakk,1
عالی ولی کاشکی آدرس عکس ها و اینا رو توی کانال تلگرامی یا هرجایی میزاشتید و معرفی میکردید از اونجا دان میکردیم,آموزش کامل HTML و CSS | از مبتدی تا پیشرفته - دوره کامل پروژ,uUj6nyGbakk,1
خیلی خوب بود، در کمتر از یک هفته دوره ای که چند سال بود دوست داشتم یاد بگیرمو گذروندم,آموزش کامل HTML و CSS | از مبتدی تا پیشرفته - دوره کامل پروژ,uUj6nyGbakk,1
بسیار بسیار کاربردی و شیوا و روان آموزش دادید...ویدیو خیلی عالی بود👌👍,آموزش کامل HTML و CSS | از مبتدی تا پیشرفته - دوره کامل پروژ,uUj6nyGbakk,2
خیلی خیلی خیلی شیوا توضیح میدید و همین پروژه محور بودن باعث میشه از نتیجه ذوق زده بشم ممنونم ازتون:elbowcough:,آموزش کامل HTML و CSS | از مبتدی تا پیشرفته - دوره کامل پروژ,uUj6nyGbakk,6
جدای از تسلط ستودنی به مطالب،شیوه آموزش منظم،شیوا و کامل بینظیر هست❤,آموزش کامل HTML و CSS | از مبتدی تا پیشرفته - دوره کامل پروژ,uUj6nyGbakk,1
بهترین آموزش برنامه نویسی تو یوتیوب فارسی واقعا فن بیانتون عالیه 👌,آموزش کامل HTML و CSS | از مبتدی تا پیشرفته - دوره کامل پروژ,uUj6nyGbakk,1
نسخه انگلیسیشو دیده بودم چند سالپیش عالی بود، بابت زحمات شما هم برای فارسی زبان ها تشکر -,آموزش کامل HTML و CSS | از مبتدی تا پیشرفته - دوره کامل پروژ,uUj6nyGbakk,1
اینقدر دقیق بدون حاشیه اتلاف وقت ، سلامت و شاد باشی سروین جون,آموزش کامل HTML و CSS | از مبتدی تا پیشرفته - دوره کامل پروژ,uUj6nyGbakk,0
خیلی خیلی ممنونم استاد توانمند و گرامی واقعا یک مجموعه کامل ❤🙏,آموزش کامل HTML و CSS | از مبتدی تا پیشرفته - دوره کامل پروژ,uUj6nyGbakk,1
ادم باورش نمیشه این همه مهارت فقط در حوزه کامپیوتر نیست شما حتی خیاطیم یاد میدییییییییی دلم میخواد حتی اونم باهاتون یاد بگیرم,آموزش کامل HTML و CSS | از مبتدی تا پیشرفته - دوره کامل پروژ,uUj6nyGbakk,0
بسیار ممنون از وقت، انرژی و آموزش پرکاربردتان در ارائه این مباحث👏🙌,آموزش کامل HTML و CSS | از مبتدی تا پیشرفته - دوره کامل پروژ,uUj6nyGbakk,2
سروین خانم بابت این آموزش مختصر و کامل بسیار بسیار از شما قدر دان هستم و امید موفقیت روزافزون رو برای شما آرزو می کنم,آموزش کامل HTML و CSS | از مبتدی تا پیشرفته - دوره کامل پروژ,uUj6nyGbakk,0
روش تدریس شما واقعا فوق العاده است.,آموزش کامل HTML و CSS | از مبتدی تا پیشرفته - دوره کامل پروژ,uUj6nyGbakk,2
خیلی نحوه ی آموزشتون رو دوست دارم ممنون که تمرین هم در پایان هر قسمت قرار دادین,آموزش کامل HTML و CSS | از مبتدی تا پیشرفته - دوره کامل پروژ,uUj6nyGbakk,0
وااااایییییی دمتون گرمممممممم واقعا خیلی خوبید ممنونم❤ من خیلی وقت بود دنبال همچین تدریسی بودم خیلی خوشحالم با شما آشنا شدم,آموزش کامل HTML و CSS | از مبتدی تا پیشرفته - دوره کامل پروژ,uUj6nyGbakk,0
ممنونم سروین جون عالی هستی استاد حرفه ای و من استارت یادگیری رو با شما شروع کردم,آموزش کامل HTML و CSS | از مبتدی تا پیشرفته - دوره کامل پروژ,uUj6nyGbakk,0
من اهل افغانستان هستم و طراح UI/UX هستم همچنین در مورد توسعه وب اطلاعات دارم، مطالب شما را دوست دارم، بهترین آن برای جامعه فارسی است و از شما برای این درس ها متشکرم.,آموزش کامل HTML و CSS | از مبتدی تا پیشرفته - دوره کامل پروژ,uUj6nyGbakk,1
تنها دوره ای بود که کامل کردم مرحبا 🎉❤,آموزش کامل HTML و CSS | از مبتدی تا پیشرفته - دوره کامل پروژ,uUj6nyGbakk,0
بالاخره تموم شد ممنون بابت همچین ویدیو کامل و مفیدی ❤❤,آموزش کامل HTML و CSS | از مبتدی تا پیشرفته - دوره کامل پروژ,uUj6nyGbakk,0
خیییلیی خوب بود آموزش تون ، لطفا بقیه اموزشهاتونم یکجا قرار بدین,آموزش کامل HTML و CSS | از مبتدی تا پیشرفته - دوره کامل پروژ,uUj6nyGbakk,0
آموزشتون خیلی عالی بود ممنون از وقتی که برای ساختش گذاشتید. فقط قسمت فونت گوگل زبان فارسی هست باید به جای فارسی پرشین سرچ کنید,آموزش کامل HTML و CSS | از مبتدی تا پیشرفته - دوره کامل پروژ,uUj6nyGbakk,1
سلام وقتتون بخیر باشه ماشالله به این همه دانش و ساده توضیح دادن سخت ترین مسائل! با آرزوی بهترینا براتون,آموزش کامل HTML و CSS | از مبتدی تا پیشرفته - دوره کامل پروژ,uUj6nyGbakk,0
محتوای بشدت ارزشمند 🌟,آموزش کامل HTML و CSS | از مبتدی تا پیشرفته - دوره کامل پروژ,uUj6nyGbakk,2
سلام . با اینکه هدفم برنامه نویسی سایت نیست و برای پروژه های دانشگاهیم دارم یاد میگیرم ! خیلی مفید و کافی و با گویش شیوا بود مرسی,آموزش کامل HTML و CSS | از مبتدی تا پیشرفته - دوره کامل پروژ,uUj6nyGbakk,0
عالی و درجه یک. کاملا واضح برای مبتدیا,آموزش کامل HTML و CSS | از مبتدی تا پیشرفته - دوره کامل پروژ,uUj6nyGbakk,1
واقعا علی بود خسته نباشید امیدوارم ، واقعا محتوای مناسب پرکاربردی رو تدریس کردید ، خدا قوت🙌🙌🙏🙏🌹🌹,آموزش کامل HTML و CSS | از مبتدی تا پیشرفته - دوره کامل پروژ,uUj6nyGbakk,0
عاشقتم مننننن.خیلی آموزشت عالیه مرسی عزیزم🎉🎉🎉🎉🎉,آموزش کامل HTML و CSS | از مبتدی تا پیشرفته - دوره کامل پروژ,uUj6nyGbakk,0
تدریس عالی بود ممنونم از زحمت هاتون امیدوارم همیشه موفق باشید ❤,آموزش کامل HTML و CSS | از مبتدی تا پیشرفته - دوره کامل پروژ,uUj6nyGbakk,0
بسیار بسیار عالی،تشکر از وقتی که برای تهیه این مجموعه گذاشتین،قابل تحسینه،ممنون,آموزش کامل HTML و CSS | از مبتدی تا پیشرفته - دوره کامل پروژ,uUj6nyGbakk,0
درود و احترام و سپاس بیکران ....بسیار ممنون از وقت، انرژی و آموزش پرکاربردتان در ارائه این مباحث...در پناه حق تندرست و سربلند باشید بانوی بزرگوار💐,آموزش کامل HTML و CSS | از مبتدی تا پیشرفته - دوره کامل پروژ,uUj6nyGbakk,0
خیلی فوق العاده بود. ممنونم از شما بابت محتوای کاربردیتون. پایدار باشید.,آموزش کامل HTML و CSS | از مبتدی تا پیشرفته - دوره کامل پروژ,uUj6nyGbakk,0
آموزش و بیان مطلب خیلی عالی بود. دست مریزاد❤,آموزش کامل HTML و CSS | از مبتدی تا پیشرفته - دوره کامل پروژ,uUj6nyGbakk,0
واقعا تدریستون عالیه تحسینتون میکنم موفق باشید❤,آموزش کامل HTML و CSS | از مبتدی تا پیشرفته - دوره کامل پروژ,uUj6nyGbakk,0
سپاس فراوان از شما بانوی گرامی 🙏🙏,آموزش کامل HTML و CSS | از مبتدی تا پیشرفته - دوره کامل پروژ,uUj6nyGbakk,1
دمت گرم سروین خانم دوستتون داریم آموزش خوبی بود❤,آموزش کامل HTML و CSS | از مبتدی تا پیشرفته - دوره کامل پروژ,uUj6nyGbakk,0
فوق‌العاده، جامع و کامل،یک دنیا ممنون,آموزش کامل HTML و CSS | از مبتدی تا پیشرفته - دوره کامل پروژ,uUj6nyGbakk,0
خیلی ممنون . بسیار مفید واقع شد.,آموزش کامل HTML و CSS | از مبتدی تا پیشرفته - دوره کامل پروژ,uUj6nyGbakk,0
سپاس بی انتها. 💐,آموزش کامل HTML و CSS | از مبتدی تا پیشرفته - دوره کامل پروژ,uUj6nyGbakk,0
واقعا عالی هستین ممنون از شما❤❤❤,آموزش کامل HTML و CSS | از مبتدی تا پیشرفته - دوره کامل پروژ,uUj6nyGbakk,0
عالیه واقعا سپاس گزارم ازتون,آموزش کامل HTML و CSS | از مبتدی تا پیشرفته - دوره کامل پروژ,uUj6nyGbakk,0
عالی بود... ممنونم از زحمات شما,آموزش کامل HTML و CSS | از مبتدی تا پیشرفته - دوره کامل پروژ,uUj6nyGbakk,0
خیلی ممنون از زحمات شما❤❤,آموزش کامل HTML و CSS | از مبتدی تا پیشرفته - دوره کامل پروژ,uUj6nyGbakk,0
ممنون بابت زحماتتون,آموزش کامل HTML و CSS | از مبتدی تا پیشرفته - دوره کامل پروژ,uUj6nyGbakk,0
تشکر از شما استاد🙏🏻,آموزش کامل HTML و CSS | از مبتدی تا پیشرفته - دوره کامل پروژ,uUj6nyGbakk,0
خیلی ممنونم بابت آموزش خوبتون❤عالی هستین,آموزش کامل HTML و CSS | از مبتدی تا پیشرفته - دوره کامل پروژ,uUj6nyGbakk,0
ممنوت واقعا دادم با قدرت میرم جلو❤,آموزش کامل HTML و CSS | از مبتدی تا پیشرفته - دوره کامل پروژ,uUj6nyGbakk,0
ممنون بسیار عالی و کاربردی,آموزش کامل HTML و CSS | از مبتدی تا پیشرفته - دوره کامل پروژ,uUj6nyGbakk,0
واقعا عالی بود خیلی ممنون🌹💐,آموزش کامل HTML و CSS | از مبتدی تا پیشرفته - دوره کامل پروژ,uUj6nyGbakk,0
عالی عالی عالی خیلی ممنون از شما,آموزش کامل HTML و CSS | از مبتدی تا پیشرفته - دوره کامل پروژ,uUj6nyGbakk,0
آموزشتون بسیار عالی هست خانم مهندس,آموزش کامل HTML و CSS | از مبتدی تا پیشرفته - دوره کامل پروژ,uUj6nyGbakk,0
چقدر ساده گفتین تشکر❤,آموزش کامل HTML و CSS | از مبتدی تا پیشرفته - دوره کامل پروژ,uUj6nyGbakk,0
ممنون بابت آموزش خوبتان,آموزش کامل HTML و CSS | از مبتدی تا پیشرفته - دوره کامل پروژ,uUj6nyGbakk,0
من در يک نقطه زندګی ميکنم که انترنت بسيار ضعيف هست زورش به يوتيوب نميرسه اګر چينل تلګرام داريد يا امکان دريافت در واتساف باشد ممنون ميشم,آموزش طراحی سایت با html و css [قسمت 1 ] : آموزش HTML به زبا,EquuZUHjcPU,15
خیلی ممنونم اون دوره اول html واقعا خیلی ابتدایی بوده و خیلی کد ها رو من نمیدونستم,آموزش طراحی سایت با html و css [قسمت 1 ] : آموزش HTML به زبا,EquuZUHjcPU,1
چقدر شما بامزه و مهربون هستین ❤,آموزش طراحی سایت با html و css [قسمت 1 ] : آموزش HTML به زبا,EquuZUHjcPU,2
خیلیی عالی و روان بود ممنونم استاد عزیز فقط من برنامه رو دانلود کردم وقتی نیو فولدر میکنم مثله برای شما پایین فایلم html نمیاد چیکار کنم؟مربوط میشه به کدو قسمت ستینگ,آموزش طراحی سایت با html و css [قسمت 1 ] : آموزش HTML به زبا,EquuZUHjcPU,0
خانم واقعاً دستت درد نکنه و خیلی ممنون خیلی از یه قسمت یا همان یک بخش فیلم رو نگاه کردم حساب دستم اومد دمتون گرم انشا الله همینطوری که برای آموزش ما وقت گذاشتین براتون دعا میکنیم بهترین ها نصیبتون بشه,آموزش طراحی سایت با html و css [قسمت 1 ] : آموزش HTML به زبا,EquuZUHjcPU,3
ممنون بابت وقتی که صرف آموزش کردید . بسیار مفید و کارآمد بود . امید که کسب و کار و زندگی شما سرشار از برکت و مهر الهی باشد,آموزش طراحی سایت با html و css [قسمت 1 ] : آموزش HTML به زبا,EquuZUHjcPU,2
بسیار عالیی بود✔️,آموزش طراحی سایت با html و css [قسمت 1 ] : آموزش HTML به زبا,EquuZUHjcPU,2
خسته نباشید استاد محترمه واقعا عالی ترین و مفید ترین دروس را دارید,آموزش طراحی سایت با html و css [قسمت 1 ] : آموزش HTML به زبا,EquuZUHjcPU,2
بسیار زیبا و قشنگ وبا تشکر از زحمات شا,آموزش طراحی سایت با html و css [قسمت 1 ] : آموزش HTML به زبا,EquuZUHjcPU,1
مچکرم بابت همه ی آمورش های مفید تون واقعااااااا بی نظیر هستید❤❤,آموزش طراحی سایت با html و css [قسمت 1 ] : آموزش HTML به زبا,EquuZUHjcPU,0
افرین استاد خیلی خوب درس میدی,آموزش طراحی سایت با html و css [قسمت 1 ] : آموزش HTML به زبا,EquuZUHjcPU,0
وقتی مرورگر هر چیزی نوشته میشه را از بالا به پایین میخونه چه لزومی داشته این همه المنت با اسمای دیگه گذاشتند؟تمرین ها رو کجا بهتون نشون بدیم؟,آموزش طراحی سایت با html و css [قسمت 1 ] : آموزش HTML به زبا,EquuZUHjcPU,0
سلام خیلی ممنون از اموزش خوبتون,آموزش طراحی سایت با html و css [قسمت 1 ] : آموزش HTML به زبا,EquuZUHjcPU,0
با سلام و تشکر از شما استاد گرامی.,آموزش طراحی سایت با html و css [قسمت 1 ] : آموزش HTML به زبا,EquuZUHjcPU,1
خیلی ممنون از زحمتی که کشیدینن❤❤❤❤😊😊😊,آموزش طراحی سایت با html و css [قسمت 1 ] : آموزش HTML به زبا,EquuZUHjcPU,0
سلام وقت بخیر لطفا اموزش سئو رو هم بزارین. خیلی ممنونم,آموزش طراحی سایت با html و css [قسمت 1 ] : آموزش HTML به زبا,EquuZUHjcPU,0
بسیار عالی بود برای جلسه اول,آموزش طراحی سایت با html و css [قسمت 1 ] : آموزش HTML به زبا,EquuZUHjcPU,0
دست شما درد نکنه. عالی❤❤❤,آموزش طراحی سایت با html و css [قسمت 1 ] : آموزش HTML به زبا,EquuZUHjcPU,1
خیلی عالی توضیح دادین‌,آموزش طراحی سایت با html و css [قسمت 1 ] : آموزش HTML به زبا,EquuZUHjcPU,0
خیلی ممنونم ازتون. واقعن عالیه دوره هاتون و با کیفیت,آموزش طراحی سایت با html و css [قسمت 1 ] : آموزش HTML به زبا,EquuZUHjcPU,0
خیلی عالی توضیح میدید خیلی ازتون ممنونم❤🌻,آموزش طراحی سایت با html و css [قسمت 1 ] : آموزش HTML به زبا,EquuZUHjcPU,0
سلام استاد ممنون خیلی مفید بود,آموزش طراحی سایت با html و css [قسمت 1 ] : آموزش HTML به زبا,EquuZUHjcPU,0
سلام استاد گرامی آموزش های تان بسیار عالی هستن از اینها خیلی چیز هایی زیاد گرفتم موفق باشین,آموزش طراحی سایت با html و css [قسمت 1 ] : آموزش HTML به زبا,EquuZUHjcPU,0
عالی هستید سپاس از شما❤,آموزش طراحی سایت با html و css [قسمت 1 ] : آموزش HTML به زبا,EquuZUHjcPU,0
عالی و مفید ❤️❤️,آموزش طراحی سایت با html و css [قسمت 1 ] : آموزش HTML به زبا,EquuZUHjcPU,0
ممنون خیلی مفید بود❤,آموزش طراحی سایت با html و css [قسمت 1 ] : آموزش HTML به زبا,EquuZUHjcPU,0
ممنون از تشريح عالی تان,آموزش طراحی سایت با html و css [قسمت 1 ] : آموزش HTML به زبا,EquuZUHjcPU,0
واقعا عالی هستین 😍,آموزش طراحی سایت با html و css [قسمت 1 ] : آموزش HTML به زبا,EquuZUHjcPU,0
عالیههههه ممنونم ❤❤❤,آموزش طراحی سایت با html و css [قسمت 1 ] : آموزش HTML به زبا,EquuZUHjcPU,0
خیلی خوبه آموزش شما,آموزش طراحی سایت با html و css [قسمت 1 ] : آموزش HTML به زبا,EquuZUHjcPU,0
خیلییی عالییییی بود❤❤❤❤❤,آموزش طراحی سایت با html و css [قسمت 1 ] : آموزش HTML به زبا,EquuZUHjcPU,0
عالی بود استاد❤,آموزش طراحی سایت با html و css [قسمت 1 ] : آموزش HTML به زبا,EquuZUHjcPU,0
عالی خانم مهندس,آموزش طراحی سایت با html و css [قسمت 1 ] : آموزش HTML به زبا,EquuZUHjcPU,0
خیلی عالی بود،یا حوصله و با جزییات کامل☺☺☺,آموزش طراحی سایت با html و css [قسمت 1 ] : آموزش HTML به زبا,EquuZUHjcPU,0
اموزش ها عالیه,آموزش طراحی سایت با html و css [قسمت 1 ] : آموزش HTML به زبا,EquuZUHjcPU,0
خیلی عالیست استاد,آموزش طراحی سایت با html و css [قسمت 1 ] : آموزش HTML به زبا,EquuZUHjcPU,0
بسیارررر عالی 🔥,آموزش طراحی سایت با html و css [قسمت 1 ] : آموزش HTML به زبا,EquuZUHjcPU,0
مرسییییی 🫳🏻🫴🏻🪽,آموزش طراحی سایت با html و css [قسمت 1 ] : آموزش HTML به زبا,EquuZUHjcPU,0
خیلی عااالییی، پرفکت👏,آموزش طراحی سایت با html و css [قسمت 1 ] : آموزش HTML به زبا,EquuZUHjcPU,0
سلام. آفرین بارک الله واقعاً عالیست دست💐 شما درد نکنه با این آموزشتون خیلی جذاب و دلچسپ است. من خودم اولین کسی هستم که فقط اسم html آشنا بودم اما الان دیدم دگه واقعاً علاقه پیدا کردم. 🌷💐🫡,آموزش طراحی سایت با html و css [قسمت 1 ] : آموزش HTML به زبا,EquuZUHjcPU,0
بسیار عالی استاد,آموزش طراحی سایت با html و css [قسمت 1 ] : آموزش HTML به زبا,EquuZUHjcPU,0
مرسی عالی بود,آموزش طراحی سایت با html و css [قسمت 1 ] : آموزش HTML به زبا,EquuZUHjcPU,0
❤❤❤❤❤❤❤❤❤عالییییی بود,آموزش طراحی سایت با html و css [قسمت 1 ] : آموزش HTML به زبا,EquuZUHjcPU,0
بسیار عالی بود ❤,آموزش طراحی سایت با html و css [قسمت 1 ] : آموزش HTML به زبا,EquuZUHjcPU,0
ممنون آیدین عزیز,آموزش هوش مصنوعی، یادگیری ماشین - جلسه 10,sRPhBNAr2R0,2
تشکر آیدین عزیز که زحمت میکشی. سلامت و شاد باشی,آموزش هوش مصنوعی، یادگیری ماشین - جلسه 10,sRPhBNAr2R0,1
مرسی از توضیحاتت👌🏼,آموزش هوش مصنوعی، یادگیری ماشین - جلسه 10,sRPhBNAr2R0,0
"سلام تفاوت predict , score در چی هست ، منظورم اینه که تفاوت اصلیشون چیه ؟",آموزش هوش مصنوعی، یادگیری ماشین - جلسه 10,sRPhBNAr2R0,0
اقا ایدین من که زبانم ضعیفه چطور مقالات هوش مصنوعی رو بخونم منظورم اینه کتابی برای زبان تخصصی هوش مصنوعی هست خواهش میکنم جواب بدید,آموزش هوش مصنوعی، یادگیری ماشین - جلسه 10,sRPhBNAr2R0,0
دستت درد نکنه آیدین جان...بسیار مشتاقم برای دوره های بعدی بعد دیدن هر دو دوره پردازش تصویر و ماشین لرنینگت,آموزش هوش مصنوعی، یادگیری ماشین - جلسه 10,sRPhBNAr2R0,0
معرکه و عالی برگزار می کنید. محتوا کامل و بیان حرفه ای . متشکرم,‫آموزش یادگیری ماشین 8 - آشنایی با معیارهای ارزشیابی مهم و ن,veOcm4Z0xdk,6
ممنون دمت گرم استاد واقعا خیلی عالی زنده باشی,‫آموزش یادگیری ماشین 8 - آشنایی با معیارهای ارزشیابی مهم و ن,veOcm4Z0xdk,0
خیلی ممنون و عالی,‫آموزش یادگیری ماشین 8 - آشنایی با معیارهای ارزشیابی مهم و ن,veOcm4Z0xdk,4
ممنونم از زحمتی که کشیدید,‫آموزش یادگیری ماشین 8 - آشنایی با معیارهای ارزشیابی مهم و ن,veOcm4Z0xdk,2
عالی بود استاد🤍💯,‫آموزش یادگیری ماشین 8 - آشنایی با معیارهای ارزشیابی مهم و ن,veOcm4Z0xdk,3
عالی بود. ممنونم,‫آموزش یادگیری ماشین 8 - آشنایی با معیارهای ارزشیابی مهم و ن,veOcm4Z0xdk,3
واقعا خوب توضیح دادین. ممنونم که اطلاعاتتون رو در اختیار بقیه میذارین❤,‫آموزش یادگیری ماشین 8 - آشنایی با معیارهای ارزشیابی مهم و ن,veOcm4Z0xdk,1
ممنون بابت آموزش صریح و روانتون. منتظر جلسات بعدی هستیم.,‫آموزش یادگیری ماشین 8 - آشنایی با معیارهای ارزشیابی مهم و ن,veOcm4Z0xdk,1
مبحث بسیار مهمیه 🔥🔥,‫آموزش یادگیری ماشین 8 - آشنایی با معیارهای ارزشیابی مهم و ن,veOcm4Z0xdk,1
خیلی خوب بود، من همیشه اینارو قاطی میکردم و نمیدونستم به چه دردی میخورن,‫آموزش یادگیری ماشین 8 - آشنایی با معیارهای ارزشیابی مهم و ن,veOcm4Z0xdk,3
مطلب پیچیده رو خیلی خوب به سادگی منتقل میکنی . دمت کرم,‫آموزش یادگیری ماشین 8 - آشنایی با معیارهای ارزشیابی مهم و ن,veOcm4Z0xdk,3
عااالی ممنون,‫آموزش یادگیری ماشین 8 - آشنایی با معیارهای ارزشیابی مهم و ن,veOcm4Z0xdk,2
بسیار اموزنده است ، ممنون🙏,‫آموزش یادگیری ماشین 8 - آشنایی با معیارهای ارزشیابی مهم و ن,veOcm4Z0xdk,1
سلام، واقعا افسوس میخورم که چرا زودتر شما را پیدا نکردم. تشکر میکنم از دوره های مفید و کاربردی که آماده کردید و امیدوارم این مسیر را ادامه دهید.,‫آموزش یادگیری ماشین 8 - آشنایی با معیارهای ارزشیابی مهم و ن,veOcm4Z0xdk,2
با سلام و درود. بسیار عالی.,‫آموزش یادگیری ماشین 8 - آشنایی با معیارهای ارزشیابی مهم و ن,veOcm4Z0xdk,1
بدونه استسنا هر جلسه میگم آخه اینا چه کاربردی توی machine learning داره؟ بعد جلسه بعدش رو که میبینم، میفهمم که کاربرد داره، تو یکی از بهترین معلم های منی قربونت برم 💕,‫آموزش یادگیری ماشین 8 - آشنایی با معیارهای ارزشیابی مهم و ن,veOcm4Z0xdk,2
خیلی کارت درسته...❤❤❤,‫آموزش یادگیری ماشین 8 - آشنایی با معیارهای ارزشیابی مهم و ن,veOcm4Z0xdk,1
استـــــــــــــــــــــــــــــــاد مرسی,‫آموزش یادگیری ماشین 8 - آشنایی با معیارهای ارزشیابی مهم و ن,veOcm4Z0xdk,1
جناب عباسی عزیز آموزش های پیشرفته تر با پروژه هاس واقعی لطفا آموزش بدید.,‫آموزش یادگیری ماشین 8 - آشنایی با معیارهای ارزشیابی مهم و ن,veOcm4Z0xdk,1
سلام. ممنونم از آموزشهای خوبتون. من فصهای 3 و 4 و 5 ِادگیری ماشین رو پیدا نکردم . میشه بفرمایید این فصول را کجا میشه ببینم ؟ با سپاس 🙏,‫آموزش یادگیری ماشین 8 - آشنایی با معیارهای ارزشیابی مهم و ن,veOcm4Z0xdk,2
سلام خسته نباشید. ممنون بابت آموزش های خوبتون. فکر میکنم متنی که در داخل ویدیو به عنوان تعریف false negative قرار دادین اشتباه هستش. 6:20,‫آموزش یادگیری ماشین 8 - آشنایی با معیارهای ارزشیابی مهم و ن,veOcm4Z0xdk,1
سلام خسته نباشید. ممنون بابت آموزش های خوبتون. فکر میکنم متنی که در داخل ویدیو به عنوان تعریف false negative قرار دادین اشتباه هستش.,‫آموزش یادگیری ماشین 8 - آشنایی با معیارهای ارزشیابی مهم و ن,veOcm4Z0xdk,1
سلام و وقت بخیر خدمت استاد عزیز این معیار ارزیابی که توی این ویدیو آموزش دادید به الگوریتم های classification اختصاص داره؟ چون توی مدل هایی که با این الگوریتم ها آموزش داده میشدند ما گروه های مجزا داشتیم و توی رگرسیون ها نداشتیم,‫آموزش یادگیری ماشین 8 - آشنایی با معیارهای ارزشیابی مهم و ن,veOcm4Z0xdk,1
بعنوان یه اصل کلی اگر کاست فالس نگاتیو بیشتر باشه از کاست فالس پازیتیو ما ریکال رو ارجح میدونیم(این سوال خودم بود که اهمیت بالاتر رو چطور پیدا کنیم سریعا و بعد به این جواب رسیدم خواستم اینجا به اشتراک بگذارم),‫آموزش یادگیری ماشین 8 - آشنایی با معیارهای ارزشیابی مهم و ن,veOcm4Z0xdk,1
چطور باید اینا تو ذهن بمونه,‫آموزش یادگیری ماشین 8 - آشنایی با معیارهای ارزشیابی مهم و ن,veOcm4Z0xdk,0
بسیار عالی، خدا قوت، از این دوره آموزشتون بهره بردم💫,آموزش یادگیری ماشین در پایتون (جلسه بیست و پنجم): الگوریتم K,g3HvG7yYupM,0
1- سرعت حرف زدن عالی 2- مطالب مفید,ابرها - اشتباهات رایج برنامه نویسان تازه کار ( و راه حل آن ),a_eu4QrCugw,1
خیلی مفید بود👌🏻,ابرها - اشتباهات رایج برنامه نویسان تازه کار ( و راه حل آن ),a_eu4QrCugw,1
سلام و تشکر از توضیحات شما ضمنا از نظر من شما اجرای بسیار روان و بی نظیری دارید که نشاندهنده تجربه و درک عمیق شما از موضوع در حال ارائه هست . خدا قوت و ماشالله,ابرها - اشتباهات رایج برنامه نویسان تازه کار ( و راه حل آن ),a_eu4QrCugw,0
خیلی مفید بود. ممنونم.,ابرها - اشتباهات رایج برنامه نویسان تازه کار ( و راه حل آن ),a_eu4QrCugw,0
خدایا شکرت بلخره ویدیو🤧😂❤,اشتباهات رایج بین برنامه نویس های تازه کار,DBrdpr7BdKg,2
احسنت لطفا ادامه بدید,اشتباهات رایج بین برنامه نویس های تازه کار,DBrdpr7BdKg,1
استاد کاشکی آنقدر طلا داشتم تا حرفاتون رو طلا بگیرم ، عالی ⁦♥️⁩⁦♥️⁩⁦♥️⁩⁦♥️⁩⁦♥️⁩,اشتباهات رایج بین برنامه نویس های تازه کار,DBrdpr7BdKg,0
همیشه راهنماییهاتون عالیه. ممنون,اشتباهات رایج بین برنامه نویس های تازه کار,DBrdpr7BdKg,1
جناب آقای مهندس کلاگر اگرامکان داره یک ویدیو کامل درمورد گیت و گیت هاب رو یاد میدهید مرسی,اشتباهات رایج بین برنامه نویس های تازه کار,DBrdpr7BdKg,0
واقعا تک تکش درست و بجا بود,اشتباهات رایج بین برنامه نویس های تازه کار,DBrdpr7BdKg,0
عالی استاد؛ با عزت باشید.,اشتباهات رایج بین برنامه نویس های تازه کار,DBrdpr7BdKg,0
200 امین لایک,اشتباهات رایج بین برنامه نویس های تازه کار,DBrdpr7BdKg,0
خیلی عالی بود... زنده باشید. استاد لطف می‌کنید لینک کتاب clean code رو قرار بدین؟,اشتباهات رایج بین برنامه نویس های تازه کار,DBrdpr7BdKg,0
سلام کدوم رشته رو انتخاب کنم که به درد برنامه نویسی بخوره؟,اشتباهات رایج بین برنامه نویس های تازه کار,DBrdpr7BdKg,0
کی ویدیو جدید میذارید؟؟,اشتباهات رایج بین برنامه نویس های تازه کار,DBrdpr7BdKg,0
اینگونه است که در قران میگه پرهیز کنید تفکر کنید بعد حرف بزنید,اشتباهات رایج بین برنامه نویس های تازه کار,DBrdpr7BdKg,0
استاد کم پیدا شدیا🙄,اشتباهات رایج بین برنامه نویس های تازه کار,DBrdpr7BdKg,0
فکر کنم از خودتونم زود تر دیدم نه؟😂🧠,اشتباهات رایج بین برنامه نویس های تازه کار,DBrdpr7BdKg,0
بی نهایت عالی بود مرسی ازت 👌👌🙏🙏 منم دقیقا مثل جعفر عمل کردم 😅😅,اشتباهات پرتکرار برنامه نویس های مبتدی که باعث میشه کار گیرش,puouwJ9BcnM,1
همین که رایگان و با این کیفیت خیلی خوب قرار دادید خودش خیلیه. دمتون گرم بسیار عالی❤,آموزش سی شارپ مقدماتی - بخش 1,RXgL7pIQiUA,29
استاد ببخشید دوره پیشرفته سی شارپ رو هم میزارید؟,آموزش سی شارپ مقدماتی - بخش 1,RXgL7pIQiUA,7
درود بر شما اولین آموزشی که واقعا با کیفیت و صدای دلنشین بود همین بود 👏👏👏🤩,آموزش سی شارپ مقدماتی - بخش 1,RXgL7pIQiUA,12
مین که رایگان در اختیار ما قرار میدید معلوماتتون رو خیلی کار بزرگیه خیلی ممنون و سپاس گذارم,آموزش سی شارپ مقدماتی - بخش 1,RXgL7pIQiUA,4
وای من چقدر به این نیاز داشتم و دارم,آموزش سی شارپ مقدماتی - بخش 1,RXgL7pIQiUA,1
واقعا عالی ممنون که تا حد امکان ساده توضیح دادید و کاربردی چون بعضی ها خیلی پیچیده و گیج کننده توضیح میدن که شما اینطور نیستید🙏❤,آموزش سی شارپ مقدماتی - بخش 1,RXgL7pIQiUA,6
هموز ندیدم و حتما حتما میبینم و امیدوارم مثل ویدیو پیتون خوب باشه... ❤️,آموزش سی شارپ مقدماتی - بخش 1,RXgL7pIQiUA,4
آموزش ها در حد MIT ایالات متحده 👏👏,آموزش سی شارپ مقدماتی - بخش 1,RXgL7pIQiUA,1
مرسی از آموزش عالی تون ❤❤❤خیلی مفید بود برای من,آموزش سی شارپ مقدماتی - بخش 1,RXgL7pIQiUA,2
به گفته خودتان دست تان درد نکنه بسیار عالی تشریح کردین🙏,آموزش سی شارپ مقدماتی - بخش 1,RXgL7pIQiUA,3
دست گلتون درد نکنه استاد ، خدا عمرتان بده، خیلی مخلصیم.,آموزش سی شارپ مقدماتی - بخش 1,RXgL7pIQiUA,1
ممنون از این آموزش عالی واقعا ممنونم دوره ی اموزش حرفه ای سی شارپ هم اگه قرار بدید ، خیلی لطف بزرگی کردید,آموزش سی شارپ مقدماتی - بخش 1,RXgL7pIQiUA,4
عالی بود ممنون از زحماتتون استاد ❤❤,آموزش سی شارپ مقدماتی - بخش 1,RXgL7pIQiUA,5
فوق العاده عالی مسلط 👌👌👌🧡 سپاس از زحمات شما🙏🏻🙏🏻👌👌👌🧡🧡,آموزش سی شارپ مقدماتی - بخش 1,RXgL7pIQiUA,2
ممنون از ویدیوهاتون واقعا فوق العادس و کامله,آموزش سی شارپ مقدماتی - بخش 1,RXgL7pIQiUA,0
خیلیییییییییییییی عالی بود توضیحاتت کامل بود,آموزش سی شارپ مقدماتی - بخش 1,RXgL7pIQiUA,0
ممنون که اینقدر عمیق توضیح میدید🙏,آموزش سی شارپ مقدماتی - بخش 1,RXgL7pIQiUA,2
استاد یک دوره سی شارپ پیشرفته با (اسکیوال) هم بزارید....ممنون 👌👌👌👌👌👌👌🧡,آموزش سی شارپ مقدماتی - بخش 1,RXgL7pIQiUA,2
ممنون ولی ای کاش در قسمت توضیحات میگفتین که هر فصل از کدام دقیقه ویدئو شروع میشه.,آموزش سی شارپ مقدماتی - بخش 1,RXgL7pIQiUA,2
آغا چه بگم واقعا دمت گرم خیلی بزرگی,آموزش سی شارپ مقدماتی - بخش 1,RXgL7pIQiUA,0
داداش دمت گرمه خیلی ممنون خیلی کمکم کردی,آموزش سی شارپ مقدماتی - بخش 1,RXgL7pIQiUA,1
واقعا ممنون شما ساده و روان توضیح میدید,آموزش سی شارپ مقدماتی - بخش 1,RXgL7pIQiUA,0
ممنون از زحمات شما مدرس گرامی 🌹,آموزش سی شارپ مقدماتی - بخش 1,RXgL7pIQiUA,3
توی این اموزش شی گرایی هم کار میکنید؟,آموزش سی شارپ مقدماتی - بخش 1,RXgL7pIQiUA,1
خیلی خوب بود عالی درس دادی,آموزش سی شارپ مقدماتی - بخش 1,RXgL7pIQiUA,1
خیلی ممنون استاد 🌹🌹😍😍,آموزش سی شارپ مقدماتی - بخش 1,RXgL7pIQiUA,1
سلام ممنون از آموزش بسیار خوبتون🌹🌹🌹🌹,آموزش سی شارپ مقدماتی - بخش 1,RXgL7pIQiUA,0
خیلی عالی بود ❤❤,آموزش سی شارپ مقدماتی - بخش 1,RXgL7pIQiUA,2
واقعن عالیه خسته نباشید 🙏🙏,آموزش سی شارپ مقدماتی - بخش 1,RXgL7pIQiUA,2
مي خواستم بدونم چرا ويديو براي من لود نميشه مشكل از چيه لطفا راهنمايي بفرماييد 🙏,آموزش سی شارپ مقدماتی - بخش 1,RXgL7pIQiUA,0
سپاس استاد جان بسیار عالی,آموزش سی شارپ مقدماتی - بخش 1,RXgL7pIQiUA,0
عالی توضیح دادین با ریز نکات,آموزش سی شارپ مقدماتی - بخش 1,RXgL7pIQiUA,0
آموزشاتون عالیه,آموزش سی شارپ مقدماتی - بخش 1,RXgL7pIQiUA,1
دمتون گرم خیلیخوبه,آموزش سی شارپ مقدماتی - بخش 1,RXgL7pIQiUA,1
خیلی خوب توضیح میدید مرسی,آموزش سی شارپ مقدماتی - بخش 1,RXgL7pIQiUA,0
سلام استاد چطور میشه بعد از طراحی و کد نویسی فرم ویندوز آنرا به فرم های دیگه لینک داد؟؟,آموزش سی شارپ مقدماتی - بخش 1,RXgL7pIQiUA,0
درود بر شما . عالی بود,آموزش سی شارپ مقدماتی - بخش 1,RXgL7pIQiUA,0
سلام اگر میشود دوره حرفه ای آن را هم آموزش دهید با تشکر,آموزش سی شارپ مقدماتی - بخش 1,RXgL7pIQiUA,2
سلام وقتتون بخیر برا C# سطح دانشگاهی هم این ویدیو ها اوکیه؟,آموزش سی شارپ مقدماتی - بخش 1,RXgL7pIQiUA,0
عالیییییییی من دربست نوکرتم,آموزش سی شارپ مقدماتی - بخش 1,RXgL7pIQiUA,0
عالی و مفید ❤,آموزش سی شارپ مقدماتی - بخش 1,RXgL7pIQiUA,0
ممنون تان 🙏🏻🙏🏻🙏🏻🙏🏻,آموزش سی شارپ مقدماتی - بخش 1,RXgL7pIQiUA,0
چقد قشنگ توضیح میدید,آموزش سی شارپ مقدماتی - بخش 1,RXgL7pIQiUA,0
سلام و عرض خسته نباشید استاد ایا این دوره برای کار با یونیتی که نیاز به c#داره کافی و مورد نیاز هست؟,آموزش سی شارپ مقدماتی - بخش 1,RXgL7pIQiUA,0
با سلام دوست عزیز ممنون که به فکر ما هستی و ویدیو خیلی عالی بود جناب برای جذابیت صداتون پیشنهاد میکنم از یه میکرفون بهتر استفاده کنید به دیلی اینکه کمی زنندس,آموزش سی شارپ مقدماتی - بخش 1,RXgL7pIQiUA,0
سلام استاد ممنون از آموزش عالی تون،استاد من دوازده ساعت سی شارپ را مسلط بشم می تونم برم دنبال زامارین یا باید پیشرفته تر سی شارپ یاد بگیرم؟,آموزش سی شارپ مقدماتی - بخش 1,RXgL7pIQiUA,1
سلام ببخشید با دیدن این دوره کل زبان سی شارپ رو یاد میگیریم؟,آموزش سی شارپ مقدماتی - بخش 1,RXgL7pIQiUA,0
لطفا اموزش جاوا اسکریپت رو بزارید 🙏🙏🙏🙏,آموزش سی شارپ مقدماتی - بخش 1,RXgL7pIQiUA,1
لطفا دوره پیشرفتشو بزارید🙏🙏🙏🙏🙏,آموزش رایگان زبان برنامه نویسی سی شارپ (#C) از صفر تا صد همر,nN-hlvrh6Xk,0
آقا عال بود. برای کسایی که میخوان بهترین بهره رو از این ویدیو ببرن توصیه میکنم 20 الی 30 دقیقه هرروز وقت بزار ویدیو رو ببینن و 1 ساعت هم تمرین کنن که تمرین به دو بخش تقسیم میشه.بخش 1:کد ها و چیز هایی رو که یاد داد رو تکرار کنن.بخش 2:سعی کنن به خودشون توضیح بدن که هر کدی که نوشتن یعنی چی و چیکار میکنه,آموزش رایگان زبان برنامه نویسی سی شارپ (#C) از صفر تا صد همر,nN-hlvrh6Xk,0
عالی بود مرسی ازشما,آموزش رایگان زبان برنامه نویسی سی شارپ (#C) از صفر تا صد همر,nN-hlvrh6Xk,0
امیدوارم دوره پیشرفته شو هم گذاشته باشین,آموزش رایگان زبان برنامه نویسی سی شارپ (#C) از صفر تا صد همر,nN-hlvrh6Xk,0
عالی بود خدا خیرتون بده😊,آموزش رایگان زبان برنامه نویسی سی شارپ (#C) از صفر تا صد همر,nN-hlvrh6Xk,0
مرسی خوب بود,آموزش رایگان زبان برنامه نویسی سی شارپ (#C) از صفر تا صد همر,nN-hlvrh6Xk,1
برای من که برنامه نویسی هیچی بلد نبودم خیلی خوب بود ، خداخیرتون بده 😅😊,آموزش رایگان زبان برنامه نویسی سی شارپ (#C) از صفر تا صد همر,nN-hlvrh6Xk,1
خیلی ریزه کور شدم,آموزش رایگان زبان برنامه نویسی سی شارپ (#C) از صفر تا صد همر,nN-hlvrh6Xk,0
بهترین کامل ترین اموزش خیلی ممنون واقعا زحمت کشیدین بهترین دوره ❤,آموزش زبان برنامه نویسی سی شارپ به طور کامل | C# Programming,nwLZR8sMhbk,0
بسیار عالی خیلی کامل و کاربردی ، سپاس فراوان واقعا مفید بود😍,آموزش زبان برنامه نویسی سی شارپ به طور کامل | C# Programming,nwLZR8sMhbk,0
سلام، واقعا ممنونم برای این آموزش جامع. ولی ی سوال. زبان برنامه نویسی موتور بازی سازی یونیتی سی شارپه. اگه من اینو یاد بگیرم میتونم از اونم استفاده کنم؟,آموزش زبان برنامه نویسی سی شارپ به طور کامل | C# Programming,nwLZR8sMhbk,0
سلام ببخشید با این آموزشی که میدید برای گیم هم میشه بازی ساخت؟چون اشاره ای به بازی سازی برای موبایل نکردید با یونیتی,آموزش زبان برنامه نویسی سی شارپ به طور کامل | C# Programming,nwLZR8sMhbk,1
