text,video_title,video_id,likes
پرسپولیس❤❤❤❤❤❤,دخالت هوادار متمول در پرسپولیس؛ از کنار گذاشتن یحیی تا تنش د,inQUlzij3IE,2
سروش بجای رفتن و خوشگذرانی در دبی کمی برای آرامش تیم وقت بذاره نه اینکه همبازی باعث درگیری و جنجال با همبازیهاش باشه .,دخالت هوادار متمول در پرسپولیس؛ از کنار گذاشتن یحیی تا تنش د,inQUlzij3IE,0
سرانجام یکی از نوچه های درویش جایش را خواهد گرفت و پروین هم صاحب‌نظر خواهدبود,دخالت هوادار متمول در پرسپولیس؛ از کنار گذاشتن یحیی تا تنش د,inQUlzij3IE,0
ارانوف مسدود اف,دخالت هوادار متمول در پرسپولیس؛ از کنار گذاشتن یحیی تا تنش د,inQUlzij3IE,0
پیروزی حالا حالاها رفت حاشیه ببینید,دخالت هوادار متمول در پرسپولیس؛ از کنار گذاشتن یحیی تا تنش د,inQUlzij3IE,0
جانم همه هوادارای باغیرت پرسپولیس ❤️😍,جشن هواداران پرسپولیس در بهبهان پس از دربی ۱۰۰ ⚽🏆💃🕺🎉🎤,0Wt19EREE_A,0
❤️👑❤️👑❤️👑❤️👑❤️👑❤️ تبریک به هوادارای خونگرم بهبهان، تبریک به همه پرسپولیسیای ایران ❤️👑❤️👑❤️👑❤️👑❤️👑❤️,جشن هواداران پرسپولیس در بهبهان پس از دربی ۱۰۰ ⚽🏆💃🕺🎉🎤,0Wt19EREE_A,1
پرسپولیس عشق ❤❤❤❤❤❤ پرسپولیس سرور و سالار ❤❤❤❤❤❤ پرسپولیس همیشه قهرمان ❤️❤️❤️❤️❤️❤️,جشن هواداران پرسپولیس در بهبهان پس از دربی ۱۰۰ ⚽🏆💃🕺🎉🎤,0Wt19EREE_A,1
زنده باد پرسپولیس ولی دختر آبی؟,جشن هواداران پرسپولیس در بهبهان پس از دربی ۱۰۰ ⚽🏆💃🕺🎉🎤,0Wt19EREE_A,0
ارتش سرخ اسیا❤💚,جشن هواداران پرسپولیس در بهبهان پس از دربی ۱۰۰ ⚽🏆💃🕺🎉🎤,0Wt19EREE_A,1
آقای مثلاً گزارشگر اول باید بگویم که همه زبانها وفرهنگ های کشور محترم وقابل احترام می‌باشند ولی وقتی اسم بهبهان گذاشتی جا داشت با چنتا بهبهانی هم مصاحبه کنی نه همه مصاحبه هات واهنگ از برادر های عزیز لر زبان گذاشتی,جشن هواداران پرسپولیس در بهبهان پس از دربی ۱۰۰ ⚽🏆💃🕺🎉🎤,0Wt19EREE_A,0
دم مدیران پرسپولیس گرم که پول بیخود خرج نمیکنه همینجور ادامه بده,کنعانی زادگان به پرسپولیس برگشت / حرکت زننده هواداران استقلا,7BD8dLwzApw,1
دمت گرم ایمان جان تکی تک,کنعانی زادگان به پرسپولیس برگشت / حرکت زننده هواداران استقلا,7BD8dLwzApw,1
این بهترین برنامت بود ،هزارتا لایک داشت,کنعانی زادگان به پرسپولیس برگشت / حرکت زننده هواداران استقلا,7BD8dLwzApw,1
دمت گرم واقعا ایمان جان عالی بود با قدرت ادامه بده,کنعانی زادگان به پرسپولیس برگشت / حرکت زننده هواداران استقلا,7BD8dLwzApw,0
😢😢😢 حرف حساب,کنعانی زادگان به پرسپولیس برگشت / حرکت زننده هواداران استقلا,7BD8dLwzApw,1
دمت گرم واقعا حرف حق رو زدین فوتبال خوبه، بازیکن تیم محبوبت خوبه طرفداریشو کنی و. رو تیمت تعصب داشته باشی منتها تو زندگی ادم نباید برده باشه چه پول چه فوتبال چه هرچیزی,کنعانی زادگان به پرسپولیس برگشت / حرکت زننده هواداران استقلا,7BD8dLwzApw,2
عیسی بازیکن خیلی خوبیه بازیکن لحظه های طلایی هاست در عین حال باید اینو در نظر داشت که رقابت تو پرسپولیس موندن بسیار سخت و دشوار هست ❤️👑💪🚩,کنعانی زادگان به پرسپولیس برگشت / حرکت زننده هواداران استقلا,7BD8dLwzApw,1
ایول عالی گفتی یعنی این همه آدم اونجا همشون از قشر ضعیف هسن یعنی شک نکن,کنعانی زادگان به پرسپولیس برگشت / حرکت زننده هواداران استقلا,7BD8dLwzApw,1
مرسی ایمان جان لایک داری..,کنعانی زادگان به پرسپولیس برگشت / حرکت زننده هواداران استقلا,7BD8dLwzApw,0
زنده باشی و البته خسته نباشی داداش کدوم قسمت صحبت و اشاره بود ؟؟,کنعانی زادگان به پرسپولیس برگشت / حرکت زننده هواداران استقلا,7BD8dLwzApw,0
ایمان جان ممنون از صحبتهای درست و منطقی که می‌کنی که چقدر خوب تحلیل کردی ..ازت خواهش میکنم همین آخرین پست قربان زاده رو هم تحلیل کن تا واقعیت آشکار بشه .انشا الله که پر روزی باشی,کنعانی زادگان به پرسپولیس برگشت / حرکت زننده هواداران استقلا,7BD8dLwzApw,2
اگه گل عیسی به استقلال نبود قهرمان نمیشدیم بفهمید,کنعانی زادگان به پرسپولیس برگشت / حرکت زننده هواداران استقلا,7BD8dLwzApw,0
درود بر شما تحلیلی درست و شفاف ، دم شما گرم تمام بدبختی جامعه ما را خود مردم رقم می‌زنند . و هیچ انتهایی هم ندارد,کنعانی زادگان به پرسپولیس برگشت / حرکت زننده هواداران استقلا,7BD8dLwzApw,1
البته هوادار خوب هم داره استقلال ولی,کنعانی زادگان به پرسپولیس برگشت / حرکت زننده هواداران استقلا,7BD8dLwzApw,0
سلام ایمان جان از استقلال که ناامید شدیم ولی امیدوارم که پرسپولیس قهرمان لیگ آسیا بشه من یک استقلالی دوآتشه هستم ،💙💙💙💙💙💙💙,کنعانی زادگان به پرسپولیس برگشت / حرکت زننده هواداران استقلا,7BD8dLwzApw,2
تاثیر گذار بود ... غم انگیز,کنعانی زادگان به پرسپولیس برگشت / حرکت زننده هواداران استقلا,7BD8dLwzApw,0
عیسی بازیکن بازی های بزرگ ه تو بازیهای بزرگ همیشه کارسازه بوده,کنعانی زادگان به پرسپولیس برگشت / حرکت زننده هواداران استقلا,7BD8dLwzApw,0
هوادار باید هوادار باشه کولی بازی در نیاره فقط بفکر تیم خودشون باشن نه اینکه زورشون بیاد جایی دیگه دارن خوب کار میکنن,کنعانی زادگان به پرسپولیس برگشت / حرکت زننده هواداران استقلا,7BD8dLwzApw,1
آقا ایمان سوال کردید این تیمهای ریشه دار چگونه نامشون از صفحه روزگار پاک شدن، جواب سوالتون رو اینگونه میدم. هر چی میخوام بحث رو سیاسی نکنم نمیشه. ولی مشکل اصلی حکومت نالایق جمهوری اس لیه که در تمام بنیادها و ارگانها من الجمله فدراسیون ورزش و فوتبال بی کفایتیشون گریبان گیر یک ملت و مملکته,کنعانی زادگان به پرسپولیس برگشت / حرکت زننده هواداران استقلا,7BD8dLwzApw,1
یکروز و دو روز نیست این مشکل ما ... ما سیصد و شصت و پنج مشکل داریم,کنعانی زادگان به پرسپولیس برگشت / حرکت زننده هواداران استقلا,7BD8dLwzApw,0
شهاب زاهدی مگه شماره بیست نبود چرا گفتی چهارده,کنعانی زادگان به پرسپولیس برگشت / حرکت زننده هواداران استقلا,7BD8dLwzApw,0
عیسی حقش بیشتره,کنعانی زادگان به پرسپولیس برگشت / حرکت زننده هواداران استقلا,7BD8dLwzApw,0
ایمان جان استقلال به خاطره همین مسخره کردن این و اون نفرین شده ان امسال میرن دسته دو بهت قول میدم,کنعانی زادگان به پرسپولیس برگشت / حرکت زننده هواداران استقلا,7BD8dLwzApw,0
یه دونه ای ایمان جان❤❤❤,کنعانی زادگان به پرسپولیس برگشت / حرکت زننده هواداران استقلا,7BD8dLwzApw,1
ابتدا گمان میکردیم که این مملکت پادشاهِ دانا میخواهد، بعد اندیشیدیم که لابُد وزیر و وکیلِ دانا میخواهد، و اکنون بفراست دریافتیم که این مملکت، مردمِ دانا میخواهد 🌾 میرزا محمد تقی خانِ فراهانی، امیر کبیر,کنعانی زادگان به پرسپولیس برگشت / حرکت زننده هواداران استقلا,7BD8dLwzApw,1
دوس داریم عیسی بمونه اما ن با رقم قرارداد، بخاطر بازی خوبش توی اسیا,کنعانی زادگان به پرسپولیس برگشت / حرکت زننده هواداران استقلا,7BD8dLwzApw,0
ای کاش اصلا انقلابی نمیشد تا اینطور بدبخت وبیچاره بشیم....😂😂😂😂❤❤❤❤❤❤,کنعانی زادگان به پرسپولیس برگشت / حرکت زننده هواداران استقلا,7BD8dLwzApw,0
منحل بشن بره هیچی جز ریختو پاش نداره😂😂😂,کنعانی زادگان به پرسپولیس برگشت / حرکت زننده هواداران استقلا,7BD8dLwzApw,1
عیسی اگه پول زیاد میخاد بره بهتره فصل قبل مگه چیکار کرده یکی دوتا گل زده ک اونام شانسی بودن.درکل بازیکن دوستداشتنی هست بمونه بهتره ولی نه ب هر طریقی,کنعانی زادگان به پرسپولیس برگشت / حرکت زننده هواداران استقلا,7BD8dLwzApw,0
استقلال باید به لیگ دسته دو بره اونجااتفاقابراش بهتره بدونه حاشیه س اونجا,کنعانی زادگان به پرسپولیس برگشت / حرکت زننده هواداران استقلا,7BD8dLwzApw,0
خاک برسر هوادار وبازیکن افراطی که یکی ازیکی حال بهم زن ترند,کنعانی زادگان به پرسپولیس برگشت / حرکت زننده هواداران استقلا,7BD8dLwzApw,0
عیسی بازیکن خوبیه شکی نیست ولی این باید بدونه پوشیدن لباس پرسپولیس خودش سی میلیارد براش اعتبار داره از امید عالیشاه باید یاد بگیره بدون چونه زدن تمدید کرد,کنعانی زادگان به پرسپولیس برگشت / حرکت زننده هواداران استقلا,7BD8dLwzApw,0
لیگ روجم کنن بهتره,کنعانی زادگان به پرسپولیس برگشت / حرکت زننده هواداران استقلا,7BD8dLwzApw,0
آقا جون از شما بعیده.اینقد سوتی تو گزارش.علیرضا حقیقی با نساجی قهرمان حذفی شده.به نظر من تعداد ویدئو هاتونو کم کنید بجاش پر محتوا و بدون نقص.تو سطح شما نباید اطلاعات غلط به بیننده داده بشه حتی لفظی. با تشکر.ضمن عرض خسته نباشید و دستمریزاد🙋‍♂️👌❤️❤️❤️,کنعانی زادگان به پرسپولیس برگشت / حرکت زننده هواداران استقلا,7BD8dLwzApw,2
عیسی خانوادگی پرسپولیسی هستن برادرش گفته عیسی جایی غیر از پرسپولیس بازی نمیکنه,کنعانی زادگان به پرسپولیس برگشت / حرکت زننده هواداران استقلا,7BD8dLwzApw,0
کلا خواست حکومت منحل کردن استقلال هست وگرنه دو تا تیم که هر دو دولتی هستن چطور تو یه تیم این همه مشکل و مدیر بی لیاقت داره ولی پرسپولیس نه ..تنها جرم این تیم تاج بودنش هست,کنعانی زادگان به پرسپولیس برگشت / حرکت زننده هواداران استقلا,7BD8dLwzApw,1
سوتی زیاد داشتیی😜قهرمانی با نساجی تو لیگ برتر🙄,کنعانی زادگان به پرسپولیس برگشت / حرکت زننده هواداران استقلا,7BD8dLwzApw,1
دوست گرامی، لطفا وقایع رو تحریف نکنید. آقا کریم کناره گیری نکرد، برکنارش کردند.,کنعانی زادگان به پرسپولیس برگشت / حرکت زننده هواداران استقلا,7BD8dLwzApw,0
داداش کدوم کشور زندگی میکنی تورم فقط ۵۰ درصدددددد؟؟؟؟ معلومه خودت خرید نمیریا,کنعانی زادگان به پرسپولیس برگشت / حرکت زننده هواداران استقلا,7BD8dLwzApw,0
چرا میگی پرسپولیس ؟مگه فرق رو نمیبینی ؟چرا انقدر بی انصاف و رنگی صحبت میکنی؟واقعا انقدر ظلم چند ساله به استقلال رو ندیدی؟تیم حکومتی رو قاطی تاج و استقلال نکن.,کنعانی زادگان به پرسپولیس برگشت / حرکت زننده هواداران استقلا,7BD8dLwzApw,3
واقعا افسوس میخوره ادم از اینهمه نادونی مثل هوادارای استقلال,کنعانی زادگان به پرسپولیس برگشت / حرکت زننده هواداران استقلا,7BD8dLwzApw,0
عیسی باید طبق قانون باشگاه عمل کنه ..هر چی داره از پرسپولیس از پرسپولیس بزرگ تر نداریم,کنعانی زادگان به پرسپولیس برگشت / حرکت زننده هواداران استقلا,7BD8dLwzApw,0
ادم با معرفیتی علی منصوریان,کنفرانس خبری فوق جنجالی علیرضا منصوریان در اهواز ‼️🤯🎤,DEGqc-3kS-E,3
داش علی منصور بینظیره,کنفرانس خبری فوق جنجالی علیرضا منصوریان در اهواز ‼️🤯🎤,DEGqc-3kS-E,1
از تمام ورزشگاه بايد شكايت كني نه اون دوتا نميخوانت عزت نفس داشته باش هرجا رفتي نتيجه نميگيري,کنفرانس خبری فوق جنجالی علیرضا منصوریان در اهواز ‼️🤯🎤,DEGqc-3kS-E,6
داش علی کارش درسته💙💙💙🇮🇷🇮🇷💙💙💙,کنفرانس خبری فوق جنجالی علیرضا منصوریان در اهواز ‼️🤯🎤,DEGqc-3kS-E,1
خیلی آدم مظلومی هست علی آقا منصوریان,کنفرانس خبری فوق جنجالی علیرضا منصوریان در اهواز ‼️🤯🎤,DEGqc-3kS-E,0
سلطان‌داش‌علی‌منصوریان‌قربون‌مرامش میگه‌تا‌وقتی‌من‌هستم‌بچه‌تو‌نیار,کنفرانس خبری فوق جنجالی علیرضا منصوریان در اهواز ‼️🤯🎤,DEGqc-3kS-E,0
❤❤بزرگ مرد منصوریان❤❤,کنفرانس خبری فوق جنجالی علیرضا منصوریان در اهواز ‼️🤯🎤,DEGqc-3kS-E,1
با همه احترام ولی نظر شخصی من اینه که علیمنصور مربی خوبیه و قطعا نتایج درخشانی خواهد گرفت اگه بمونه من خودم پرسپولیسیم ولی تیمش واقعا خوب بازی میکنه,کنفرانس خبری فوق جنجالی علیرضا منصوریان در اهواز ‼️🤯🎤,DEGqc-3kS-E,3
داش علی عشقی سالاری تو هرکاری قطعان کردی تیمت نتیجه بگیره و نگرفته فوتباله ولی فوحش ناموسی اصلان درست نیست قابل توجه اونهایی که میگن چرا خانمها نمیایند استادیوم بشنوند 💙💙💙💙,کنفرانس خبری فوق جنجالی علیرضا منصوریان در اهواز ‼️🤯🎤,DEGqc-3kS-E,0
خوزستانی‌ها موقع برد خوبن موقع باخت میشن یزید,کنفرانس خبری فوق جنجالی علیرضا منصوریان در اهواز ‼️🤯🎤,DEGqc-3kS-E,0
از مدل حرف زدن منصوریان این بر میاد ک عمدا داره ی کاری می‌کنه ک خودش استعفا نده و اخراجش کنن کل مبلغ قرارداد رو بگیره,کنفرانس خبری فوق جنجالی علیرضا منصوریان در اهواز ‼️🤯🎤,DEGqc-3kS-E,1
من پرسپولیسیم ولی داش علی سلطان ادب +کریم باقری,کنفرانس خبری فوق جنجالی علیرضا منصوریان در اهواز ‼️🤯🎤,DEGqc-3kS-E,1
برو دنبال پيتزا فروشيت كه فحش نخورى,کنفرانس خبری فوق جنجالی علیرضا منصوریان در اهواز ‼️🤯🎤,DEGqc-3kS-E,1
خب گمشو برو،با کدوم کارنامه داری هرسال تیم می گیری؟!!! وقتی با رابطه بازی دنبال جایگاهی فکر این جاش هم باش… ولی شخصا آدم خوش قلب و دوستداشتنی هستی ….فنی صفر حداعقل تو نتیجه گیری ….,کنفرانس خبری فوق جنجالی علیرضا منصوریان در اهواز ‼️🤯🎤,DEGqc-3kS-E,1
برادر من اگه مدتهاست نتیجه نمیگیری دستیارت رو عوض کن مشورت کن شاگردی کن.اینکار رفاقت و معرفت ور نمیداره.پول میگیری که ببری تمام,کنفرانس خبری فوق جنجالی علیرضا منصوریان در اهواز ‼️🤯🎤,DEGqc-3kS-E,0
با‌۲تا‌باخت‌اسمون‌زمین‌نمیاد,کنفرانس خبری فوق جنجالی علیرضا منصوریان در اهواز ‼️🤯🎤,DEGqc-3kS-E,0
مهمان😂😂😂 بروبابا لااااااشی تیم به گاه دادی اخرفصل برد نساجی نبود. میفتادیم لیگ یک. بیشرف مهمان چی. کی فولاد از ملوان۴تاخورده ۵بازی ۵باخت یک گل ۲۰گل خورده درحد دستیار مربی فولادنوین هستی نه مربی فولادکبیر,کنفرانس خبری فوق جنجالی علیرضا منصوریان در اهواز ‼️🤯🎤,DEGqc-3kS-E,0
من به عنوان یک هوادار پرسپولیس عرض میکنم چراباید به منصوریان فحش بدن کسی که سالها توتیم ملی زحمت کشیده ویک انسان شریف هستش واقعا متاسفم برای تماشاگران اهوازی اگردوست نداریدباادبیات خوب بگید,کنفرانس خبری فوق جنجالی علیرضا منصوریان در اهواز ‼️🤯🎤,DEGqc-3kS-E,2
گناه داره بی زبون.خوب صبر کنین,کنفرانس خبری فوق جنجالی علیرضا منصوریان در اهواز ‼️🤯🎤,DEGqc-3kS-E,0
چ قشنگ گفت ناصرخان حجازی : چیمون پاکه ک فوتبالمون پاک باشه روحش شاد 11:40,پشت پرده اختلاف درویش و عالیشاه، مصاحبه جنجالی قلعه نویی و گ,qy8FbAR2-OE,8
ایمان جان صحبت‌های قلعه نویی نزار حالمون بهم میخوره از بس‌که چرت و پرت میگه،ممنون مثل همیشه عالی❤❤❤❤❤❤,پشت پرده اختلاف درویش و عالیشاه، مصاحبه جنجالی قلعه نویی و گ,qy8FbAR2-OE,13
موضوع مافیای ورزشی بود مثل همیشه,پشت پرده اختلاف درویش و عالیشاه، مصاحبه جنجالی قلعه نویی و گ,qy8FbAR2-OE,2
ایمان جان جان مادرت صحبتهای این شهر نویی نزار,پشت پرده اختلاف درویش و عالیشاه، مصاحبه جنجالی قلعه نویی و گ,qy8FbAR2-OE,0
دمت گرم ایمان جان 👍 به امید موفقیت روزافزون تاج آسیا 💙💙💙💙,پشت پرده اختلاف درویش و عالیشاه، مصاحبه جنجالی قلعه نویی و گ,qy8FbAR2-OE,0
آقا دمت گرم ،ایمان جان ،خسته نباشید,پشت پرده اختلاف درویش و عالیشاه، مصاحبه جنجالی قلعه نویی و گ,qy8FbAR2-OE,0
بهترین تایم ایمان جان ساعت ۱ از سر کار برمیگردیم اخبار شمارو دنبال میکنیم🩵🩵⭐️⭐️🩵🩵,پشت پرده اختلاف درویش و عالیشاه، مصاحبه جنجالی قلعه نویی و گ,qy8FbAR2-OE,0
لطفا از قلعه نوعی و تیم مثلا ملی چیزی نذار دمت گرم,پشت پرده اختلاف درویش و عالیشاه، مصاحبه جنجالی قلعه نویی و گ,qy8FbAR2-OE,0
سلام ایمان جان خسته نباشی 💙,پشت پرده اختلاف درویش و عالیشاه، مصاحبه جنجالی قلعه نویی و گ,qy8FbAR2-OE,0
داداش ایمان لایک شماره 5 رو زدم قربونت,پشت پرده اختلاف درویش و عالیشاه، مصاحبه جنجالی قلعه نویی و گ,qy8FbAR2-OE,0
درود به جناب ایمان گرامی ❤,پشت پرده اختلاف درویش و عالیشاه، مصاحبه جنجالی قلعه نویی و گ,qy8FbAR2-OE,0
ایمان مثل همیشه عالیه ویدو ها فقط یه زحمت بکش هر جای ویدو قرار صحبت های قلعه نوی شروع بشه روی تصویر بنویس مثلا ۵ دقیقه آینده صحبت های قلعه نوی ما بزنیم جلو نبینیمش 🙏🏻,پشت پرده اختلاف درویش و عالیشاه، مصاحبه جنجالی قلعه نویی و گ,qy8FbAR2-OE,0
قلعه نوعی یعنی بلا یعنی همچیز!!!!!!,پشت پرده اختلاف درویش و عالیشاه، مصاحبه جنجالی قلعه نویی و گ,qy8FbAR2-OE,0
راست میکه قلعه نوعی باختن ب قطر خیلی سخت بود ولی به لطف شما ، خیلی راحت انجامش دادید 30:02,پشت پرده اختلاف درویش و عالیشاه، مصاحبه جنجالی قلعه نویی و گ,qy8FbAR2-OE,1
بابا جان مادرت صحبتهای این قندعلی نزار حرف جدیدی که نمیزنه 😢,پشت پرده اختلاف درویش و عالیشاه، مصاحبه جنجالی قلعه نویی و گ,qy8FbAR2-OE,0
با این بازیکنان تیم ملی، اگر باب اسفنجی هم سرمربی تیم ملی بود زودتر از ژاپن و تیم اول آسیا به جام جهانی ۴۸ تیمی می رفتیم.,پشت پرده اختلاف درویش و عالیشاه، مصاحبه جنجالی قلعه نویی و گ,qy8FbAR2-OE,0
هه ربژی❤❤❤❤❤,پشت پرده اختلاف درویش و عالیشاه، مصاحبه جنجالی قلعه نویی و گ,qy8FbAR2-OE,0
ایمان جان مادرت سخنرانی قلعه نویی رو نذار خیلیها روانمون بهم میریزه. قطر نخواست ریسک کنه دیگه وگرنه بازم میتونست بزنه,پشت پرده اختلاف درویش و عالیشاه، مصاحبه جنجالی قلعه نویی و گ,qy8FbAR2-OE,3
تارتار هم جدیدا زیاد زرزر می کنه,پشت پرده اختلاف درویش و عالیشاه، مصاحبه جنجالی قلعه نویی و گ,qy8FbAR2-OE,1
#اخراج #قلعه نویی,پشت پرده اختلاف درویش و عالیشاه، مصاحبه جنجالی قلعه نویی و گ,qy8FbAR2-OE,0
ازچاله دراومدوافتاده توچاه،،خدابه دادمون برسه,پشت پرده اختلاف درویش و عالیشاه، مصاحبه جنجالی قلعه نویی و گ,qy8FbAR2-OE,0
لایک ۱۹۷ مرتضی از UK,پشت پرده اختلاف درویش و عالیشاه، مصاحبه جنجالی قلعه نویی و گ,qy8FbAR2-OE,0
مگه اسم این امیرقلعه نوعی نیست؟چرااسمش به انگلیسی جلوش نوشته اردشیر🤭,پشت پرده اختلاف درویش و عالیشاه، مصاحبه جنجالی قلعه نویی و گ,qy8FbAR2-OE,0
قلعه نویی هم یاد گرفته مثل دولت مردهای ما که میگن زمان شاه فلان چیزنبود ولی الان بعداز ۵۰سال ماداریم الان میگه سخت بود ولی مارفتیم جام جهانی,پشت پرده اختلاف درویش و عالیشاه، مصاحبه جنجالی قلعه نویی و گ,qy8FbAR2-OE,0
چه گزینه خوبی ۴ ۳ ۳ دفاعی😂جکه بخدا ۴ ۳ ۳ به تهاجمی بودنش معروفه.این باش دفاع می کنه.,پشت پرده اختلاف درویش و عالیشاه، مصاحبه جنجالی قلعه نویی و گ,qy8FbAR2-OE,0
‏‪18:05‬‏ تصمیماتی که ایشون رو بگیرن؟؟؟؟؟؟یا تصمیماتی که ایشون بگیرن؟؟واقعا هیچکس سر جاش نیست!!!!😂😂😂😂😂😂,پشت پرده اختلاف درویش و عالیشاه، مصاحبه جنجالی قلعه نویی و گ,qy8FbAR2-OE,0
سلام امیر قلعه نویی خودش یکی باید نگه داره بعدش اون اومده برا تیم امید مربی انتخاب کرده واقعا به کجا داریم میریم ....,پشت پرده اختلاف درویش و عالیشاه، مصاحبه جنجالی قلعه نویی و گ,qy8FbAR2-OE,0
سلام خسته نباشی ...ایمان جان میشه محبت کنی.. این همه زحمت میکشی حرف های این سرمربی تیم میلی رو نزاری بخدا مغز همه درد میگیره از اراجیفش ...ممنون,پشت پرده اختلاف درویش و عالیشاه، مصاحبه جنجالی قلعه نویی و گ,qy8FbAR2-OE,0
#اخراج قلعه نویی,پشت پرده اختلاف درویش و عالیشاه، مصاحبه جنجالی قلعه نویی و گ,qy8FbAR2-OE,0
به نظرم یحیی گل محمدی هم بنجل باید مورایس یا یک مربی خارجی خوب امتحان پس داده که تو فوتبال اروپا سابقه درخشان تو ردهای پایه داشته میاوردن سرمربی تیم ملی میکردن وگرنه با مجتبی حسینی یحیی گل محمدی سعید دقیقی تیم ملی امید به هیچ جا نمیرسید و موزگیرش میومد,پشت پرده اختلاف درویش و عالیشاه، مصاحبه جنجالی قلعه نویی و گ,qy8FbAR2-OE,0
چرا جوون نذاشتی تو زمین میانگین سن۳۰ به بالا بود!!!!,پشت پرده اختلاف درویش و عالیشاه، مصاحبه جنجالی قلعه نویی و گ,qy8FbAR2-OE,0
درود بر شما و تمامی دوستان همیشگی کانال محبوب ایمان اسپرت 🎉🎉🎉 میشائیل کاتیا از Washington DC,پشت پرده اختلاف درویش و عالیشاه، مصاحبه جنجالی قلعه نویی و گ,qy8FbAR2-OE,0
اگه بجای ایران قطربا ژاپن بازی میکرد قطر راحت 4تا میزد,پشت پرده اختلاف درویش و عالیشاه، مصاحبه جنجالی قلعه نویی و گ,qy8FbAR2-OE,0
علیشاه از پرسپولیس رفت؟,پشت پرده اختلاف درویش و عالیشاه، مصاحبه جنجالی قلعه نویی و گ,qy8FbAR2-OE,0
بازیکن هایی که دست شماست جناب گروبان قندعلی بابد قهرمان آسیا بشی واز گروه تو جام جهانی بری بالا محترمانه برو گمشو وبه مربی تیم ملی امید هم کار نداشته باش حب وبغض نکن,پشت پرده اختلاف درویش و عالیشاه، مصاحبه جنجالی قلعه نویی و گ,qy8FbAR2-OE,0
نورافکن بخاطر سو مدیریت استقلال بود ولی دانشگر بخاطر پول جهت عوض کرد چون توافق نهایی شده بود حتی استقلال پیش پرداخت داده بود دیگه همه چی اماده رونمایی بود,پشت پرده اختلاف درویش و عالیشاه، مصاحبه جنجالی قلعه نویی و گ,qy8FbAR2-OE,0
ایمان‌جان اعصاب زدی ها 😂,پشت پرده اختلاف درویش و عالیشاه، مصاحبه جنجالی قلعه نویی و گ,qy8FbAR2-OE,0
گروهبان قندلی جوری از قطر تعریف کرد قطر شد برزیل,پشت پرده اختلاف درویش و عالیشاه، مصاحبه جنجالی قلعه نویی و گ,qy8FbAR2-OE,0
خدا وکیلی کجای قلعه نوعی به مربی تیم ملی میاد نه دانشی نه شعور فوتبالی اخه چجوری میشه,پشت پرده اختلاف درویش و عالیشاه، مصاحبه جنجالی قلعه نویی و گ,qy8FbAR2-OE,0
تنها کسی که با اینده ش بازی کرد محمد حسین صادقی بود ببین کی گفتم فوتبالش تو پرسپولیس نابود میشه,پشت پرده اختلاف درویش و عالیشاه، مصاحبه جنجالی قلعه نویی و گ,qy8FbAR2-OE,0
جناب آقای حب وبغض زحمت بکش از تیم ملی محترمانه برو تمام,پشت پرده اختلاف درویش و عالیشاه، مصاحبه جنجالی قلعه نویی و گ,qy8FbAR2-OE,0
همون جانگوز درسته . ههههههههه,سوتی در برنامه زنده تلویزیونی ایران- شبکه 3,RFXN2rXmwGQ,1
تو افسانه ها ،اومده ک اینا دارن همچنان میخندن🤣🤣🤣🤣,سوتی های جالب برنامه های زنده ی تلویزیونی 😂 از دختر حمید است,ArKZTycRzSA,5
وایی اون که گفت خواب بودم همشهری منه از بندر دیّر استان بوشهر 🤣🤣🤣🤣,سوتی های جالب برنامه های زنده ی تلویزیونی 😂 از دختر حمید است,ArKZTycRzSA,1
وای دلم واسه اون مجری که گریه کرد سوخت,سوتی های جالب برنامه های زنده ی تلویزیونی 😂 از دختر حمید است,ArKZTycRzSA,23
سیلوم عیزیزوم چیرا نیصف سیبیلت سیفیده اااااااااااا😂😂😂😂😂😂😂😂😂,سوتی های جالب برنامه های زنده ی تلویزیونی 😂 از دختر حمید است,ArKZTycRzSA,0
تورو خدا موقع ویدیو ساختن این گربه هام بزار کنار دستت نمیدونی چه ذوقی میکنم واسشون من عاشق گربه ام,سوتی های جالب برنامه های زنده ی تلویزیونی 😂 از دختر حمید است,ArKZTycRzSA,4
1:40 وایییییی گور پدرشون😂😂😂🙌🏽,سوتی های جالب برنامه های زنده ی تلویزیونی 😂 از دختر حمید است,ArKZTycRzSA,0
جذابیت ویدیو هات بخاطر وجود خودته چونکه مثل بقیه زیاد حرف نمیزنی و مودبانه رفتار میکنی خیلی عالی بود,سوتی های جالب برنامه های زنده ی تلویزیونی 😂 از دختر حمید است,ArKZTycRzSA,37
این اخبار های صدا🤣 سیما چه سمی بود عاللللییییَــَ بود دمت گرم 😂😂:///,سوتی های جالب برنامه های زنده ی تلویزیونی 😂 از دختر حمید است,ArKZTycRzSA,0
عالی بود 😂😂😂کلی خندیدم ☺️🥰 ایشالا که همیشه خندون باشید 🥰❤️❤️,سوتی های جالب برنامه های زنده ی تلویزیونی 😂 از دختر حمید است,ArKZTycRzSA,8
مردم از خنده 😂 وایی,سوتی های جالب برنامه های زنده ی تلویزیونی 😂 از دختر حمید است,ArKZTycRzSA,0
سلام دم شما گرم خلی ویدویی هاجالب میزاری من ازبچه هاافغانستان هستم,سوتی های جالب برنامه های زنده ی تلویزیونی 😂 از دختر حمید است,ArKZTycRzSA,4
دوسداشتنی هستی و پرطرفدار....😂❤👌🌹,سوتی های جالب برنامه های زنده ی تلویزیونی 😂 از دختر حمید است,ArKZTycRzSA,0
درود بر آرش عزیز ممنون تو این موقعیت خنده رولبای مردم ما میاری خدایی خیلی مودب وکار درستی✌🏻🥰👉🙏🏻👍🏻,سوتی های جالب برنامه های زنده ی تلویزیونی 😂 از دختر حمید است,ArKZTycRzSA,12
ناموسآدمت گرم😅😅واسه چن لحظه هم عصاب خرابمونو خوب میکنی!درودبرتو 🌹🌹🌹🌹آرش جان 👑,سوتی های جالب برنامه های زنده ی تلویزیونی 😂 از دختر حمید است,ArKZTycRzSA,2
آقا عالی پر انرژی موادب و باشعور این سبک ویدیو هاتم درجه ۱ هستن عالییی❤️❤️🔥,سوتی های جالب برنامه های زنده ی تلویزیونی 😂 از دختر حمید است,ArKZTycRzSA,8
فقط بخند 🤣🤣🤣😃🤣😃🤣😅🤣🤣🤣🤣😅😃😂😅🤣😂😃,سوتی های جالب برنامه های زنده ی تلویزیونی 😂 از دختر حمید است,ArKZTycRzSA,0
خیلی باحالی آرش جان خوش چهره، خوش تیپ، خوش صدا، خوش سخن، خوش اخلاق واقعا بیستین... دمتون گرم,سوتی های جالب برنامه های زنده ی تلویزیونی 😂 از دختر حمید است,ArKZTycRzSA,7
ایخدا مردم از خنده دمتون گرم😂😂😂😂😂,سوتی های جالب برنامه های زنده ی تلویزیونی 😂 از دختر حمید است,ArKZTycRzSA,0
سپاس از شما آرش جان برنامه تون جذاب و فوق العادس,سوتی های جالب برنامه های زنده ی تلویزیونی 😂 از دختر حمید است,ArKZTycRzSA,15
خیلی خوبی😂😂😂خندیدم بعد یه هفته پر آشوب,سوتی های جالب برنامه های زنده ی تلویزیونی 😂 از دختر حمید است,ArKZTycRzSA,0
واقعازحمت میکشی دمت گرم آرش جون✌,سوتی های جالب برنامه های زنده ی تلویزیونی 😂 از دختر حمید است,ArKZTycRzSA,3
😂😂😂😂کفوندی همه رو از خنده ..ای وای..همیشه شاد باشید.,سوتی های جالب برنامه های زنده ی تلویزیونی 😂 از دختر حمید است,ArKZTycRzSA,6
شب حتما شدن ۶ تا😂😂,سوتی های جالب برنامه های زنده ی تلویزیونی 😂 از دختر حمید است,ArKZTycRzSA,1
فقط اونجاش ک گفت گور پدرشون😂😂,سوتی های جالب برنامه های زنده ی تلویزیونی 😂 از دختر حمید است,ArKZTycRzSA,1
بهترین خنده ها همونان که لامصب نمیشه بسه ..دمت گرم آرش عزیز ..کاش یه ویدئو ام از این مدلی خنده ها زحمت بکشی بسازی ...لحظه های خوبی واسمون درست میشه ..من که اخر ویدئو کلی خندیدم مرسی,سوتی های جالب برنامه های زنده ی تلویزیونی 😂 از دختر حمید است,ArKZTycRzSA,3
وای چه سوتی های سمی دمت گرم😂😂😂😂,سوتی های جالب برنامه های زنده ی تلویزیونی 😂 از دختر حمید است,ArKZTycRzSA,0
خیلی با ادبی آرش 😘😘 آفرین ❤,سوتی های جالب برنامه های زنده ی تلویزیونی 😂 از دختر حمید است,ArKZTycRzSA,1
خواهشا لایک وکامنت بذارید که حمایت بشه زود به زود کلیپ بذاره,سوتی های جالب برنامه های زنده ی تلویزیونی 😂 از دختر حمید است,ArKZTycRzSA,6
خیلی باهات عشق میکنم عزیزدل,سوتی های جالب برنامه های زنده ی تلویزیونی 😂 از دختر حمید است,ArKZTycRzSA,0
3:52 ممنوع الفعالیت که سهله الان باید بریم سر خاکش،بیچاره رو زنده به گور کردن احتمالا,سوتی های جالب برنامه های زنده ی تلویزیونی 😂 از دختر حمید است,ArKZTycRzSA,4
واااااای چه سوتیهای خنده داری بخصوص این اقاهه میگه درحال حاضرداشتم می اومدم اینقدبچه داشتم😂😂😂😂😂😂😂😂😂😂,سوتی های جالب برنامه های زنده ی تلویزیونی 😂 از دختر حمید است,ArKZTycRzSA,0
عالی عالی دمت گرم مرسی ارش جان کلی خندیدم😂😂😂🤣🤣🤣❤😘👌🏽👍🏼🙏,سوتی های جالب برنامه های زنده ی تلویزیونی 😂 از دختر حمید است,ArKZTycRzSA,6
درود بر شما خیلی خنده دار بود 😂😂😂😂مرسی,سوتی های جالب برنامه های زنده ی تلویزیونی 😂 از دختر حمید است,ArKZTycRzSA,0
دمت گرم واقعاً خنده ب لب های ما آوردی تواین روزهای کرونایی 👏👏👏👏👏,سوتی های جالب برنامه های زنده ی تلویزیونی 😂 از دختر حمید است,ArKZTycRzSA,11
چقدر خنده دار دادا😂😂😂😂😂😂😂😂😂,سوتی های جالب برنامه های زنده ی تلویزیونی 😂 از دختر حمید است,ArKZTycRzSA,0
عالی بود آرش,سوتی های جالب برنامه های زنده ی تلویزیونی 😂 از دختر حمید است,ArKZTycRzSA,7
سلام آرش جان عالی بود 🤩🤩🤩🤩💞💞💞💞💞💞🍀🍀🍀🍀,سوتی های جالب برنامه های زنده ی تلویزیونی 😂 از دختر حمید است,ArKZTycRzSA,0
بالاخره بعد از سه روز🥳❤😅,سوتی های جالب برنامه های زنده ی تلویزیونی 😂 از دختر حمید است,ArKZTycRzSA,9
بی نظیری از خودتونه آقای دکتر😂😂,سوتی های جالب برنامه های زنده ی تلویزیونی 😂 از دختر حمید است,ArKZTycRzSA,0
خیلی عالی بود,سوتی های جالب برنامه های زنده ی تلویزیونی 😂 از دختر حمید است,ArKZTycRzSA,5
دمت گرم که آخرش عربی گذاشتی شکرااا جزیلا،ازاهواز مزاحم میشم,سوتی های جالب برنامه های زنده ی تلویزیونی 😂 از دختر حمید است,ArKZTycRzSA,3
عجب سوتی خفنی😂😂😂😂😂👍,سوتی های جالب برنامه های زنده ی تلویزیونی 😂 از دختر حمید است,ArKZTycRzSA,0
خیلی مودب و باحال هستی. دمت گرم ❤,سوتی های جالب برنامه های زنده ی تلویزیونی 😂 از دختر حمید است,ArKZTycRzSA,82
خیلی حال کردم دمت گرم 😂,سوتی های جالب برنامه های زنده ی تلویزیونی 😂 از دختر حمید است,ArKZTycRzSA,1
خودتم بی نظیری 😂😂😂😂🎉 تمومش عالی عالی 😂😂 ممنون از ویدیوهای زیبای شما عالی 😂❤❤,سوتی های جالب برنامه های زنده ی تلویزیونی 😂 از دختر حمید است,ArKZTycRzSA,0
مرسی،خیلی عالی ❤❤❤💯,سوتی های جالب برنامه های زنده ی تلویزیونی 😂 از دختر حمید است,ArKZTycRzSA,3
کارت درسته ❤❤❤❤❤❤❤❤,سوتی های جالب برنامه های زنده ی تلویزیونی 😂 از دختر حمید است,ArKZTycRzSA,0
بابا دمت گرم ایول عاشقتم ارش⁦♥️⁩⁦♥️⁩⁦♥️⁩⁦♥️⁩⁦♥️⁩⁦♥️⁩⁦♥️⁩⁦♥️⁩⁦♥️⁩⁦♥️⁩,سوتی های جالب برنامه های زنده ی تلویزیونی 😂 از دختر حمید است,ArKZTycRzSA,8
عالی ‌بود‌‌اون‌گور‌پدرشون‌‌‌مجری‌تو‌مشهد‌‌‌‌آخرش ‌بود‌‌دمت‌گم‌‌برنامه ‌‌حرف‌نداره‌😘😘😘😘😂😂😂😂😂😂👑🌹🌹🌹❤❤💙💙,سوتی های جالب برنامه های زنده ی تلویزیونی 😂 از دختر حمید است,ArKZTycRzSA,2
عالی خیلی عالی بود ممنون داداش,سوتی های جالب برنامه های زنده ی تلویزیونی 😂 از دختر حمید است,ArKZTycRzSA,0
به به...عالی بود...🤣🤣🤣 واقعا عادل جاش خالیه توو تلویزیون...کاش برگرده دوباره...دلمون هم واسه گزارشگریش، هم واسه نود تنگ شده...☹☹☹☹☹,سوتی های جالب برنامه های زنده ی تلویزیونی 😂 از دختر حمید است,ArKZTycRzSA,14
خیلی باحالی دمت گرم,سوتی های جالب برنامه های زنده ی تلویزیونی 😂 از دختر حمید است,ArKZTycRzSA,0
اون مجری آقا که تو برنامه ی زنده نظر یه بیننده رو راجع به محرم و اینا خوند خیلی وقته خبری ازش نیس تو تلویزیون🤔🙄,سوتی های جالب برنامه های زنده ی تلویزیونی 😂 از دختر حمید است,ArKZTycRzSA,14
دمت گرم عالی هستی,سوتی های جالب برنامه های زنده ی تلویزیونی 😂 از دختر حمید است,ArKZTycRzSA,2
از خاطرات پشت صحنه مجری های خانم بگید که نمکش بیشتر باشه😂😂😂,نمک یا «سوتی‌های» مجریان و خبرنگاران ایران اینترنشنال هنگام ,76ROzWG6nMM,1
اره دیگه تو شبکه های خارجی نمکه ولی تو صدا سیمای ایران میشه گاف و سوتی,نمک یا «سوتی‌های» مجریان و خبرنگاران ایران اینترنشنال هنگام ,76ROzWG6nMM,1
فقط اونجاش که خانم مجری میکه لی لی خوبی ؟,نمک یا «سوتی‌های» مجریان و خبرنگاران ایران اینترنشنال هنگام ,76ROzWG6nMM,0
خخخخههههههههه,نمک یا «سوتی‌های» مجریان و خبرنگاران ایران اینترنشنال هنگام ,76ROzWG6nMM,0
پژمان مرادی در ایران اینترنشنال چهار روز پیش,نمک یا «سوتی‌های» مجریان و خبرنگاران ایران اینترنشنال هنگام ,76ROzWG6nMM,0
سلام عید نوروز بر تمام فاسی زبانان مبارک,نمک یا «سوتی‌های» مجریان و خبرنگاران ایران اینترنشنال هنگام ,76ROzWG6nMM,3
تلویزیون خوبیه دمتون گرم,نمک یا «سوتی‌های» مجریان و خبرنگاران ایران اینترنشنال هنگام ,76ROzWG6nMM,3
سال نو بر مادران شجاع دادخواه وعزیز میهنم ایران هم مبارک سال سرنگونی رژیم اهریمنی اسلامی 🌹🌹🌹,نمک یا «سوتی‌های» مجریان و خبرنگاران ایران اینترنشنال هنگام ,76ROzWG6nMM,9
تو خودت نمکی نمکدوووون,نمک یا «سوتی‌های» مجریان و خبرنگاران ایران اینترنشنال هنگام ,76ROzWG6nMM,0
خدایا چرا اینا رو نابود نمی کنی؟😅,نمک یا «سوتی‌های» مجریان و خبرنگاران ایران اینترنشنال هنگام ,76ROzWG6nMM,0
لیلی داری منووو لیلی😂😂😂😂,نمک یا «سوتی‌های» مجریان و خبرنگاران ایران اینترنشنال هنگام ,76ROzWG6nMM,0
دمشون گرم بیشترین مخاطب فارسی زبان در سراسر دنیا پاینده باشید ❤️❤️❤️❤️❤️,نمک یا «سوتی‌های» مجریان و خبرنگاران ایران اینترنشنال هنگام ,76ROzWG6nMM,3
اگر این نمک این شبکه است وای بحال پشت صحنه ، خاطرات خانم های مجری . . . ، اخراج شده رو هم پخش کنید ، باور کن اگر پخش بشه رکورد تاریخ شبکه های دنیا رو جابجا میکنید,نمک یا «سوتی‌های» مجریان و خبرنگاران ایران اینترنشنال هنگام ,76ROzWG6nMM,0
در کل بهترین کانال تلوزیونی هستید.,نمک یا «سوتی‌های» مجریان و خبرنگاران ایران اینترنشنال هنگام ,76ROzWG6nMM,0
اشکال نداره فدای سرتون,نمک یا «سوتی‌های» مجریان و خبرنگاران ایران اینترنشنال هنگام ,76ROzWG6nMM,0
احسنت وطن فروشا دورشون جمه,نمک یا «سوتی‌های» مجریان و خبرنگاران ایران اینترنشنال هنگام ,76ROzWG6nMM,7
لیلی هاهاها😂😂😂😂,نمک یا «سوتی‌های» مجریان و خبرنگاران ایران اینترنشنال هنگام ,76ROzWG6nMM,0
الناز کیانی قربونت برم من بیا به اغوشه وطن قول میدم بهترین هارو برات فراهم کنیم نازنینا، ما منتظرت هستیم,نمک یا «سوتی‌های» مجریان و خبرنگاران ایران اینترنشنال هنگام ,76ROzWG6nMM,0
نمره شما بابت تبریک عید به ترکی 20 از بیست می باشد. جالب بود به همه کشور هایی که عید نوروز را جشن می گیرند اشاره کردید بخصوص اسرائیل ولی به جمهوری اذربایجان اصلا اشاره نشد. فکر کنم محمد بن سلمان هنوز از ترک ستیزی دست برنداشته.,نمک یا «سوتی‌های» مجریان و خبرنگاران ایران اینترنشنال هنگام ,76ROzWG6nMM,5
ههههههههههههه واییییییی😂😂😂(به تخمم),نمک یا «سوتی‌های» مجریان و خبرنگاران ایران اینترنشنال هنگام ,76ROzWG6nMM,0
گویندهات‌ن و توصیه کنید کمتر کله پاچه بلومبونن,نمک یا «سوتی‌های» مجریان و خبرنگاران ایران اینترنشنال هنگام ,76ROzWG6nMM,0
یعنی واقعا اتفاقی، در هتل محل مرگ مشکوک قاضی منصوری اقامت داشتی و بعداز سه روز متوجه شدی. شاید هم ماموریتی داشتی. چون شما خود بازجو خبرنگار بودی،,نمک یا «سوتی‌های» مجریان و خبرنگاران ایران اینترنشنال هنگام ,76ROzWG6nMM,0
تنهاخاطره شماخیانت به کشورتون هست که تاابدننگی بر روی پیشانیتون خواهدبود وهرگزفراموش شدنی نیست,نمک یا «سوتی‌های» مجریان و خبرنگاران ایران اینترنشنال هنگام ,76ROzWG6nMM,0
درود بر اهواز از ازربایجان,فیلم/اعتراض هواداران اهوازی به داور با شکستن هزاران صندلی ور,AEgc0CnJ_uk,0
بر پدر و مادرشون لعنت,عصبانیت مجری در برنامه زنده تلویزیونی,yNhRqMXNOmA,5
واقعا هم دلاوري سلطان خيلي نوكرتيم خداييش خيلي حال ميكنم باهات اقاي دلاوري عشقي زنده باشي الهي اون برنامه ي پلي ٢٣ سال طول كشيده عالي بود خدا برات بسازه,عصبانیت مجری در برنامه زنده تلویزیونی,yNhRqMXNOmA,0
اینکه چرا باید قیمت خودرو هر سه ماه بره بالا اصلا مهم نیست🤮,عصبانیت مجری در برنامه زنده تلویزیونی,yNhRqMXNOmA,14
اصن چرا باید قیمت این فرقون ها رو باید افزایش بدین پراید ۸ میلیون به عرض ۲ سال رسیده به ۱۷۰ میلیون,عصبانیت مجری در برنامه زنده تلویزیونی,yNhRqMXNOmA,6
.چرا باید هر سه ماه خودرو بی کیفیت که حتی کیسه هوای کار نمیکنه افزایش قیمت داشته باشه؟؟؟؟البته چرا نداره چون رانت و بچاپ بچاپ و بخور بخوره ، بیچاره ما مردم,عصبانیت مجری در برنامه زنده تلویزیونی,yNhRqMXNOmA,3
جناب دلاوری ، همین ک تا همین اندازه قدرت دارین ک حرفتون رو بزنید واقعا عالیِ.,عصبانیت مجری در برنامه زنده تلویزیونی,yNhRqMXNOmA,14
فقط از خدا میخواهم لعنت کنه کسایی که خودرو را گران کردند من ماشین خودم رو ۳۶ تومان فروختم حالا نمی توانم بگیرم خدا سرنگون کنه اوامل رو...,عصبانیت مجری در برنامه زنده تلویزیونی,yNhRqMXNOmA,3
مردم الان مطلع بشن مثلا خوب کاریم مگه از دستشون برمیاد ؟! 🤔🧐🧐🧐😂😂😂😂😂😂😂,عصبانیت مجری در برنامه زنده تلویزیونی,yNhRqMXNOmA,0
انگار نارحتی محری اینه ثه جرا یهو قیمت بالا میره که مردم ناراضی بشن.. کم کم ببرن بالا مردم حس نکنن میره تو پاچشون!,عصبانیت مجری در برنامه زنده تلویزیونی,yNhRqMXNOmA,0
تا دلار میخواد ارزون بشه اینگته عمل میککند تا از طریق جلوی ارزان شدن دلار رو بگیرند,عصبانیت مجری در برنامه زنده تلویزیونی,yNhRqMXNOmA,1
آقای دلاوری بخدا خیلی بزرگی و مردمی ....خداوند بهتون عزت بده خداوند بهتون سلامتی بده عزیز دل.👏👏👏👏👏👏👏👏🥀🥀🥀🥀🥀🥀🥀🥀🥀🥀😍😍😍😍😍😍😍😍😍😍,عصبانیت مجری در برنامه زنده تلویزیونی,yNhRqMXNOmA,0
اشغال ترین خودرو با گزاف ترین قیمت نتیجه انحصاره اقایون دو لپی میخورن پولشم مردم باید بدن,عصبانیت مجری در برنامه زنده تلویزیونی,yNhRqMXNOmA,2
آقای دلاوری...بپرسید..این خودروهای از رده خارج ساخت داخل ،اساسا ارزش خرید دارند که قیمت گذاری هم میشوند...واقعا تاسف آور است....خودرو پایینتر از محصولات کره ای هزار تومان نمی ارزد...,عصبانیت مجری در برنامه زنده تلویزیونی,yNhRqMXNOmA,4
سلام خدا حفظ کنه آقای دلاوری رو کاش شما عزیز رئیس جمهور بودی,عصبانیت مجری در برنامه زنده تلویزیونی,yNhRqMXNOmA,0
ترجمه: میگه یواش یواش بمردم فرو کنید که حالیشون نشه، نه یکمرتبه که دادشون در بیاد,عصبانیت مجری در برنامه زنده تلویزیونی,yNhRqMXNOmA,2
درود بر دلاور . دوران . ادامه بده . ولی نگرانم ک یه روز نباشی,عصبانیت مجری در برنامه زنده تلویزیونی,yNhRqMXNOmA,1
چند مجری در این برنامه و مشابه و طبیعت ۳۶۰ درجه فوق العاده اند در کسب هم و کار.. بایست بهره برد از دانششون,عصبانیت مجری در برنامه زنده تلویزیونی,yNhRqMXNOmA,3
دولت دوتا صندوق داره صندوق ارزی صندوق ریالی تاچندسال پیش دولت یه شوک به دلار وطلا میداد از دست مردم ریال جمع میکرد الان دیگه سقف دلار و طلا پرشده رفتن سراغ خودرو,عصبانیت مجری در برنامه زنده تلویزیونی,yNhRqMXNOmA,0
اگر همه دست به دست بدند و تحمل كنند و واقعاً هيچ كس نخره اونوقت خواهيد ديد كه چگونه به التماس ميافتند تا نابود نشن.... هيچ مردمى حق اعتراض ندارند زيرا كه هرچى ميكشند مقصر خودشانند.... از سوار كردن حكومتى و ارباب و رهبر و غيره بر خودشان تا موارد ديگر.... پس بسوزيد و بسازيد,عصبانیت مجری در برنامه زنده تلویزیونی,yNhRqMXNOmA,8
قبل انتخابات یا بعد انتخابات. مسئله اینست,عصبانیت مجری در برنامه زنده تلویزیونی,yNhRqMXNOmA,0
این پفیوزام سوپاپ اطمینانن فقط,عصبانیت مجری در برنامه زنده تلویزیونی,yNhRqMXNOmA,1
مدیریت نمیخواهد ارازل چه میفهمند مدیریت یعنی چه یک چفیه ببند میشی مدیر بهمین راحتی.,عصبانیت مجری در برنامه زنده تلویزیونی,yNhRqMXNOmA,2
مملکت شخمی،هر سه ماه قیمت‌ها به تخمم میشه؟؟؟,عصبانیت مجری در برنامه زنده تلویزیونی,yNhRqMXNOmA,0
بادرود.میگم این مجری هنوز مشغول بکاره یا نه؟!یعنی هنوز نفس میکشه بنده خدا؟د,عصبانیت مجری در برنامه زنده تلویزیونی,yNhRqMXNOmA,0
کوتاه ترین داستان غمگین دنیا یک بیت از سعدی است شخصی همه شب بر سر بیمار گریست چون صبح شد او به مُرد و بیمار به زیست (زنده ماند) حال و حکایت مردم سرزمین ماست همه از وضع موجود می نالن اما تا یک پیش فروش پراید میاد همه از هفت قبر میان بیرون سر و دست هم را می شکنند ....,عصبانیت مجری در برنامه زنده تلویزیونی,yNhRqMXNOmA,4
یه آشغال چرا باید قیمتش بره بالا,عصبانیت مجری در برنامه زنده تلویزیونی,yNhRqMXNOmA,0
مجید باقری از حراست ایران خودرو تا قائم مقام فروش سایپا !!!!!!!!!!!!!!!!!!!! جالبه,عصبانیت مجری در برنامه زنده تلویزیونی,yNhRqMXNOmA,1
مردم توصف خریدن من بودم پرایدو میکردم ۲میلیارد,عصبانیت مجری در برنامه زنده تلویزیونی,yNhRqMXNOmA,1
😂😂😂 همتون اسکولید ، ینی الان مشکل شما اینه ک چرا شورای نمیدونم رقابت و سازمان مربوطه نامه نزده برای تورم سه ماهه اولو دوم ؟؟!!!!!,عصبانیت مجری در برنامه زنده تلویزیونی,yNhRqMXNOmA,1
این مجری یکی از شیر مردانی است که حامی مردمه...شیر مادرش حلالش,عصبانیت مجری در برنامه زنده تلویزیونی,yNhRqMXNOmA,3
فلان فلان همه شما با این ویدیوهای مزخرفتان بوگندوها.,عصبانیت مجری در برنامه زنده تلویزیونی,yNhRqMXNOmA,1
زود رنج شده دیگه بسکه اذیت ش کردن,عصبانیت شدید ابوالفضل پورعرب از شوخی عجیب مجری برنامه زنده ش,vmrs9ppD7hI,2
اوناییکه دهه 60 هستن میدونن این اقا بهروز وثوقی بعده انقلاب بود ولی اذیتش کردن ک دیگه چهره نباشه حالا تعجبم چرا دعوت اینارو قبول کرد,عصبانیت شدید ابوالفضل پورعرب از شوخی عجیب مجری برنامه زنده ش,vmrs9ppD7hI,1
بدبحت مجری چیزی نگفت دم مجری گرم اتفاقا اقا سامان کارش درسته,عصبانیت شدید ابوالفضل پورعرب از شوخی عجیب مجری برنامه زنده ش,vmrs9ppD7hI,0
کلاس جناب پور عرب میگ با کلاس رفتار کنید,عصبانیت شدید ابوالفضل پورعرب از شوخی عجیب مجری برنامه زنده ش,vmrs9ppD7hI,0
دم استاد گرم، کسی که حرمت یک‌عمر کار هنری رو با لوده‌بازی زیر پا می‌ذاره و جایگاه سوپراستاری مثل ابوالفضل پورعرب رو درک نمی‌کنه همینجور باید در انظار مردم قهوه‌ای بشه، دس‌خوش!👏👏👌✨,عصبانیت شدید ابوالفضل پورعرب از شوخی عجیب مجری برنامه زنده ش,vmrs9ppD7hI,0
نظرتون درباره پایانش چی بود؟,بررسی کامل سریال زخم کاری و نظرم درباره پایان بندی / Zakhme ,eOXChJlKgvU,71
به نظر من به موقع تموم شد ! خیلی از سریالای ایرانی با داشتن فصل دوم و قسمت های زیاد از چشم میفتن پایان بندیش رو هم دوست داشتم در کل میتونم بگم اصلا پشیمون نیستم از دیدنش🙂🤩,بررسی کامل سریال زخم کاری و نظرم درباره پایان بندی / Zakhme ,eOXChJlKgvU,105
واقعا مه لقا باقری هم بازیگر توانمندیه👌,بررسی کامل سریال زخم کاری و نظرم درباره پایان بندی / Zakhme ,eOXChJlKgvU,49
یادش بخیر اون زمان چقدر هیجان داشتیم براش الان آخر فصل ۴ ایم و گند خورده شده به سریال 😢😂,بررسی کامل سریال زخم کاری و نظرم درباره پایان بندی / Zakhme ,eOXChJlKgvU,4
اون قسمت گل مرادو خوب اومدی انصافا 🤣😂👌🏾,بررسی کامل سریال زخم کاری و نظرم درباره پایان بندی / Zakhme ,eOXChJlKgvU,20
دمت گرم خداییش من من فقط با قسمت اخر مشکلم صدای بهنام بانی بود,بررسی کامل سریال زخم کاری و نظرم درباره پایان بندی / Zakhme ,eOXChJlKgvU,8
واقعا آهنگ بهنام بانی جو رو خراب کرد بعد اصن داره راجب یه چیزه بی ربط میخونه در کل ویدیو هات خیلی باحالن ❤,بررسی کامل سریال زخم کاری و نظرم درباره پایان بندی / Zakhme ,eOXChJlKgvU,43
به نسبت سریالای ایرانی خیلی قابل قبول بود بنظرم,بررسی کامل سریال زخم کاری و نظرم درباره پایان بندی / Zakhme ,eOXChJlKgvU,10
سریال خوبی بود و پایان بندی خوبی داشت در کل از دیدنش خوشحالم و جواد عزتی شده سوپر استار بلامنازع سینمای ایران,بررسی کامل سریال زخم کاری و نظرم درباره پایان بندی / Zakhme ,eOXChJlKgvU,10
جذاب بود واقعا،با صرف نظر از صدای بهنام بانی به نظرم پایان خوبی بود👌,بررسی کامل سریال زخم کاری و نظرم درباره پایان بندی / Zakhme ,eOXChJlKgvU,58
"فقط ""عزيز دلم ""گفتن منصوره بعد از کشتن مالک :عشق، تنفر، شکستن...",بررسی کامل سریال زخم کاری و نظرم درباره پایان بندی / Zakhme ,eOXChJlKgvU,33
صحنه‌‌های صحبت مالک و پسرش عالی بودن، عالی... 👌🏻👌🏻👌🏻,بررسی کامل سریال زخم کاری و نظرم درباره پایان بندی / Zakhme ,eOXChJlKgvU,6
واقعا موافقم بهنام بانی اصلا با اثر سازگار نبود,بررسی کامل سریال زخم کاری و نظرم درباره پایان بندی / Zakhme ,eOXChJlKgvU,18
کاش بعد از این زخم کاری ۲ و ۳ وجود نداشت,بررسی کامل سریال زخم کاری و نظرم درباره پایان بندی / Zakhme ,eOXChJlKgvU,3
بهنام بانی خیلی تو ذوق میزد ! مخصوصاً این که ما تو طول سریال یه موسیقی متن تو حال هوای راک داریم,بررسی کامل سریال زخم کاری و نظرم درباره پایان بندی / Zakhme ,eOXChJlKgvU,3
بهترین سکانسش به نظرم، تشابه با سکانس قسمت اول بود(همونی که سودابه نذاشت مالک از در اصلی وارد خونه ی حاج عمو بشه)و در قسمت آخر هم دیدیم که شهین نذاشت مالک از در اصلی وارد بشه,بررسی کامل سریال زخم کاری و نظرم درباره پایان بندی / Zakhme ,eOXChJlKgvU,88
ایکاش بشود یک ویدیو کلیپ از اجرای زنده موسیقی متن ببینیم / موسیقی عالی و گیتار برقی اقای مرشد فوقالعاده بود .,بررسی کامل سریال زخم کاری و نظرم درباره پایان بندی / Zakhme ,eOXChJlKgvU,5
خدایی قدم کوچیکی نبود ، می تونم بگم قدم متوسطه رو به بالا بود بین سریال ایرانی,بررسی کامل سریال زخم کاری و نظرم درباره پایان بندی / Zakhme ,eOXChJlKgvU,8
به نظرم بهترین بازی میثم تو این 15 قسمت برای قسمت آخر بود,بررسی کامل سریال زخم کاری و نظرم درباره پایان بندی / Zakhme ,eOXChJlKgvU,4
واقعا سریال فوق العاده ای بود و بهنام بانی نقطه ضعفش بود,بررسی کامل سریال زخم کاری و نظرم درباره پایان بندی / Zakhme ,eOXChJlKgvU,36
خوشحالم از تماشای این سریال چون بازی های فوق العاده ای توش دیدم,بررسی کامل سریال زخم کاری و نظرم درباره پایان بندی / Zakhme ,eOXChJlKgvU,2
ااتفافا این که ناصر معامله کرد و منصوره انتقام گرفت بسیار واقعی و براساس شخصیت سازی های سریال بود کار تمیزی بود دمشون گرم کش دار هم نبود,بررسی کامل سریال زخم کاری و نظرم درباره پایان بندی / Zakhme ,eOXChJlKgvU,49
احسان منصوری یه دونه ای 👏👏👌,بررسی کامل سریال زخم کاری و نظرم درباره پایان بندی / Zakhme ,eOXChJlKgvU,1
ممنون از راوی محترم 🙏 برای من بسیار خوشایند بود مخصوصاً سکانس پایانی وحق منصوره بود چون روح و روانش از مالک زخم کاری خورده بود.,بررسی کامل سریال زخم کاری و نظرم درباره پایان بندی / Zakhme ,eOXChJlKgvU,2
1:33 از خنده ترکیدم😂 با نظراتت خیلی موافقم👌,بررسی کامل سریال زخم کاری و نظرم درباره پایان بندی / Zakhme ,eOXChJlKgvU,1
فوق العاده ای❤,بررسی کامل سریال زخم کاری و نظرم درباره پایان بندی / Zakhme ,eOXChJlKgvU,4
پیام فیلم و سریال قشنگ بود، اتفاقا صحنه خانواده خوشحال خیلی به جا بود😊,بررسی کامل سریال زخم کاری و نظرم درباره پایان بندی / Zakhme ,eOXChJlKgvU,0
احسان جان ممنون بابت ساخت این برنامه ، به نظرم پایان بندیش خوب بود و حس سریال ایرانی ها که همه چی به خوب و خوش تموم میشه نبود و حس واقعی داشت ، بر عکس خیلی از دوستان اتفاقا فکر میکنم که عوامل میخواستن هول هولی تمومش کنن و فکر شده بود.,بررسی کامل سریال زخم کاری و نظرم درباره پایان بندی / Zakhme ,eOXChJlKgvU,5
عاشقش شدم. بهترین سریال ایرانی بود که دیدم.,بررسی کامل سریال زخم کاری و نظرم درباره پایان بندی / Zakhme ,eOXChJlKgvU,0
دقیقا دقیقا👏👏اصلا صدای بهنام بانی تو قسمت ۱۴ بهش نمیخورد به داستان.,بررسی کامل سریال زخم کاری و نظرم درباره پایان بندی / Zakhme ,eOXChJlKgvU,10
قشنگ کلید اسرار بود,بررسی کامل سریال زخم کاری و نظرم درباره پایان بندی / Zakhme ,eOXChJlKgvU,0
اتفاقا من خیلی از اون سکانس ، خانواده خوشحال خوشم اومد که نشون میداد مالک چقد پیشمونه، و ناراحتِ به خاطر این قدرت طلبی هاش...❤️🙏,بررسی کامل سریال زخم کاری و نظرم درباره پایان بندی / Zakhme ,eOXChJlKgvU,2
احسان جان شما کارتون واقعا درسته👌❤️👏,بررسی کامل سریال زخم کاری و نظرم درباره پایان بندی / Zakhme ,eOXChJlKgvU,2
واقعا صدای بهنام بانی اصلا به اثر نمیومد پست هاتون مستدام استاد🙏🙏🙏🙏,بررسی کامل سریال زخم کاری و نظرم درباره پایان بندی / Zakhme ,eOXChJlKgvU,17
3:20 دقیقا یکی این یکی هم آهنگ آخر سریال خیلی تو ذوق زد,بررسی کامل سریال زخم کاری و نظرم درباره پایان بندی / Zakhme ,eOXChJlKgvU,7
این سریال حرف نداشت از الف تا ی عالی بود 🌹,بررسی کامل سریال زخم کاری و نظرم درباره پایان بندی / Zakhme ,eOXChJlKgvU,2
من با نظرات شما موافقم و فکر میکنم توی سریال‌های ایرانی جز بهترین ها بوده این سریال. پایان بندی هم توی ذوق نمیزد و تقریبا قابل پیشبینی بود.,بررسی کامل سریال زخم کاری و نظرم درباره پایان بندی / Zakhme ,eOXChJlKgvU,7
خیلی ممنون ویدئوتون عالی بود؛ تحلیلاتون حرفه ای بود. درکل سریال خوبی بود.,بررسی کامل سریال زخم کاری و نظرم درباره پایان بندی / Zakhme ,eOXChJlKgvU,0
یه شب منتظر قسمت آخر باش تا آخر ببین بری تو حس سکانس آخر بعد یهو با صدای بهنام بانی بیاد و همه چیو بهم بزنه خیلیا هم درد من هستن,بررسی کامل سریال زخم کاری و نظرم درباره پایان بندی / Zakhme ,eOXChJlKgvU,52
چقدر تو دوست داشتنی حاج احسان,بررسی کامل سریال زخم کاری و نظرم درباره پایان بندی / Zakhme ,eOXChJlKgvU,0
تحلیلتون کاملا منطقی و به دور از جانب داری بود👌👌 فیلم خوب اما نه آنچنان جسور به قول خودتون🧐🧐,بررسی کامل سریال زخم کاری و نظرم درباره پایان بندی / Zakhme ,eOXChJlKgvU,7
سلام احسان منصوری واقعا حرف نداری عاشقتمممم❤️❤️❤️❤️❤️❤️,بررسی کامل سریال زخم کاری و نظرم درباره پایان بندی / Zakhme ,eOXChJlKgvU,0
اون خانواده ی خوشحال و قاعدتا با سطح پایین تر اجتماعی چرا باید توی ساختمونی ک مالک پنت هوس داره خونه داشته باشن؟؟؟؟؟ منطقی نیس,بررسی کامل سریال زخم کاری و نظرم درباره پایان بندی / Zakhme ,eOXChJlKgvU,18
تحلیلت خیلی خوب بود پسر عمو 😀,بررسی کامل سریال زخم کاری و نظرم درباره پایان بندی / Zakhme ,eOXChJlKgvU,0
همچي خوب بود به جز صداي بهنام باني🤦🏻‍♂️,بررسی کامل سریال زخم کاری و نظرم درباره پایان بندی / Zakhme ,eOXChJlKgvU,22
خیلی پایان غمنگیزی‌بود 🥺🥺🥺🌹ممنونم ا‌ز ویدئوهای جذاب شما🙏👍⁦❤️⁩,بررسی کامل سریال زخم کاری و نظرم درباره پایان بندی / Zakhme ,eOXChJlKgvU,0
من به کل با شخصیت منصوره مشکل داشتم بنظرم نه حس یه دختر عاشق و درست انتقال میداد نه شخصیت یه دختر زرنگ و آب زیرکاه رو,بررسی کامل سریال زخم کاری و نظرم درباره پایان بندی / Zakhme ,eOXChJlKgvU,12
سلام پسر سرعتت عالی بود بود,بررسی کامل سریال زخم کاری و نظرم درباره پایان بندی / Zakhme ,eOXChJlKgvU,1
دقیقاااا،بهنام بانی هیچچچچ ربطی به اون سکانسا نداشت،هیچچچچچ ربطی,بررسی کامل سریال زخم کاری و نظرم درباره پایان بندی / Zakhme ,eOXChJlKgvU,16
پایانش قابل پیش بینی بود برعکس هر قسمتی که نمی تونستی پیش بینی کنی چی پیش روته,بررسی کامل سریال زخم کاری و نظرم درباره پایان بندی / Zakhme ,eOXChJlKgvU,7
بالاخره چقدر منتظر بودم که کل سریال رو نقد کنی,بررسی کامل سریال زخم کاری و نظرم درباره پایان بندی / Zakhme ,eOXChJlKgvU,0
کمترین اثرش این بود که من به کارگردانی مهدویان علاقه مند شدم و از این به بعد کاراشو دنبال میکنم,بررسی کامل سریال زخم کاری و نظرم درباره پایان بندی / Zakhme ,eOXChJlKgvU,6
خیلی خوب بود هم سریال هم احسان جان,بررسی کامل سریال زخم کاری و نظرم درباره پایان بندی / Zakhme ,eOXChJlKgvU,2
ناصر تو قسمتای اول در برابر مالک موش بود. حالا تو دو قسمت آخر گانگستر شد,بررسی کامل سریال زخم کاری و نظرم درباره پایان بندی / Zakhme ,eOXChJlKgvU,16
خیلی عالی آقا احسان 😍😍😍👌👌👌👌👌👌,بررسی کامل سریال زخم کاری و نظرم درباره پایان بندی / Zakhme ,eOXChJlKgvU,2
8:32 دقیقا مثل سریال های منوچهر هادی ولی مرتضی امینی تبار هم عالی بازی کرد😁,بررسی کامل سریال زخم کاری و نظرم درباره پایان بندی / Zakhme ,eOXChJlKgvU,7
قبولت دارم اقا احسان منصوری😘 دمت گرم لطفا ادامه بده,بررسی کامل سریال زخم کاری و نظرم درباره پایان بندی / Zakhme ,eOXChJlKgvU,0
سریال فوق العاده بود و برایِ تفسیر قبلی احسان جان حس کردم نقد تو زیاد شده ولی فوق العاده ای.سریال هم بی نظیر بود...,بررسی کامل سریال زخم کاری و نظرم درباره پایان بندی / Zakhme ,eOXChJlKgvU,3
ممنون شما واقعا عالی همیشه منتقد باعث پیشرفت میشه,بررسی کامل سریال زخم کاری و نظرم درباره پایان بندی / Zakhme ,eOXChJlKgvU,1
ببینیم یا نه؟,زخم کاری بازگشت رو ببینیم یا نه؟!/ ZAKHME KARI,2u6hK2yyYNQ,109
ای کاش تو فصل دوم احترام بیشتری به شعور مخاطب میذاشتند 🥲,زخم کاری بازگشت رو ببینیم یا نه؟!/ ZAKHME KARI,2u6hK2yyYNQ,226
در مقایسه با فصل ١ یه فاجعه کامله,زخم کاری بازگشت رو ببینیم یا نه؟!/ ZAKHME KARI,2u6hK2yyYNQ,33
مهران غفوریان جاش واقعا تو این سریال نبود حتی کامبیز دیرباز عزیز هم به نقشش نمیاد. یکسری چیزهایی هم خیلی مسخره بود مثل پیدا کردن مالک توسط دستمالچی با بیل مکانیکی,زخم کاری بازگشت رو ببینیم یا نه؟!/ ZAKHME KARI,2u6hK2yyYNQ,50
از قسمت چهار به بعد خیلی منتظر این ویدیو بودم ،قبول دارم که باید توی لیست نبینیم ها باشه ولی انگار به خاطر زخم کاری ۱ دوست دارم دنبالش کنم با اینکه خیلی از جاهارو میزنم جلو فقط 😬,زخم کاری بازگشت رو ببینیم یا نه؟!/ ZAKHME KARI,2u6hK2yyYNQ,31
واقعا بی نظیر نقد کردین هر ان چیزی که من حس میکردم نسبت به این فیلم و فقط میدونستم که یه. چیزی یه جایی از فیلم میلنگه همرو به وضوح بیان کردی دمت گرم 🌼,زخم کاری بازگشت رو ببینیم یا نه؟!/ ZAKHME KARI,2u6hK2yyYNQ,46
تو این ۵ قسمت هر موقه طلوعی رو دیدیم دکمه سر استین میبست😂😂😂😂,زخم کاری بازگشت رو ببینیم یا نه؟!/ ZAKHME KARI,2u6hK2yyYNQ,39
جدای از تحلیل دقیق و به‌جا و درجه‌یکتون، مثل همیشه حظ می‌برم از اینکه چطور کلمات رو تمام و کمال به خدمت می‌گیرید✨✨,زخم کاری بازگشت رو ببینیم یا نه؟!/ ZAKHME KARI,2u6hK2yyYNQ,18
احسنت، همچنین یه ضعفش اینه که گذر زمان مبهم و نامشخصه که از هر واقعه چه مدت گذشته! و یه مورد دیگه صحنه های تکراری غذا خوردن و سیگار کشیدن,زخم کاری بازگشت رو ببینیم یا نه؟!/ ZAKHME KARI,2u6hK2yyYNQ,21
اسم این فصل رو باید میذاشتن خراش سطحی😜🤔,زخم کاری بازگشت رو ببینیم یا نه؟!/ ZAKHME KARI,2u6hK2yyYNQ,8
اینقدر همه بدن که جواد هاشمی جزو خوبهای‌ سریاله😂. ببینید بقیه دیگه چقدر ضعیفن,زخم کاری بازگشت رو ببینیم یا نه؟!/ ZAKHME KARI,2u6hK2yyYNQ,74
کاش اصلا فصل دومی ساخته نمیشد,زخم کاری بازگشت رو ببینیم یا نه؟!/ ZAKHME KARI,2u6hK2yyYNQ,11
فصل دو شده تبلیغات، بازی های ضعیف اکثر، حذف خوبا، نشون دادن اطلاعاتی ها بعنوان کسانی ک حواسشون هست به همه چیز 😶😶 واقعا مسخره شده مث فیلمای تلوزیونی صداوسیما شده,زخم کاری بازگشت رو ببینیم یا نه؟!/ ZAKHME KARI,2u6hK2yyYNQ,45
همیشه نقد های شما برای دیدن سریال مهم بوده برام🤝🏼 مرسی از نقد های درستتون,زخم کاری بازگشت رو ببینیم یا نه؟!/ ZAKHME KARI,2u6hK2yyYNQ,56
متاسفانه زخم کاری بازگشت من رو یاد سریال های منوچهر هادی میندازه .,زخم کاری بازگشت رو ببینیم یا نه؟!/ ZAKHME KARI,2u6hK2yyYNQ,6
چقدر جملات اخرتون خوب و دقیق بود ... این فصل فاجعه تر از این نمی‌تونست باشه :) با این همه سوتی و اشتباه بدترین کار مهدویان هست,زخم کاری بازگشت رو ببینیم یا نه؟!/ ZAKHME KARI,2u6hK2yyYNQ,44
آقا شما چرا انقدر خوب جزییات را بررسی می کنی ؟؟؟ آخه چطوری میشه انقدر دقیق همه چیز دیده بشه ❤👍👍👍❤️ ؟؟؟ عالی بود,زخم کاری بازگشت رو ببینیم یا نه؟!/ ZAKHME KARI,2u6hK2yyYNQ,11
حالا همه میگیم این چه سریالیه راس میگی احسان،،، بازم تا تهش نگاه میکنیم😉😄,زخم کاری بازگشت رو ببینیم یا نه؟!/ ZAKHME KARI,2u6hK2yyYNQ,6
و چقدر عالي نقد كردين👌اميدوارم روزي برسه كارگردانها به مخاطب احترام بيشتري بزارن با نساختن فصلهاي متوالي بي كيفيت!,زخم کاری بازگشت رو ببینیم یا نه؟!/ ZAKHME KARI,2u6hK2yyYNQ,11
سریال فکر میکنم سانسور زیادی هم داشته باشه چون میثم خیلی سریع با شیدا و سیما اوکی شد واقعا معلوم نشد چطوری انقدر باهم خوب شدن سریع,زخم کاری بازگشت رو ببینیم یا نه؟!/ ZAKHME KARI,2u6hK2yyYNQ,16
واقعا زخم کاری واسه من خیلی مهم بود ، بهش احساس داشتم واسم بهترین سریال ایرانی بود که دوس داشتم به بهترین نحو فصل های بعدیش ساخته بشه پتانسیلش هم داشت حتی میتونست تبدیل به یک برند سریال سازی بشه که از توش اسپین اف های درجه یک دربیاد نه که اینجوری گند بخوره بهش، ای کاش محمدحسین مهدویان صبر میکرد صبر میکرد تا فصل دوم خیلی خیلی بهتری تحویلمون بده ، یک اثر هنری تحویلمون بده نه یک کالا,زخم کاری بازگشت رو ببینیم یا نه؟!/ ZAKHME KARI,2u6hK2yyYNQ,23
به عنوان یک دانش آموز سینما به تحلیل های شما توجه دارم و خیلی استفاده میکنم بزرگوار... نگاه حرفه ای و موشکافانه ای دارید،مچکرم,زخم کاری بازگشت رو ببینیم یا نه؟!/ ZAKHME KARI,2u6hK2yyYNQ,2
شک نکن اکثرا تا آخرش نگاه می‌کنند بعد می بان میگن اصلا نگاه نکردیم,زخم کاری بازگشت رو ببینیم یا نه؟!/ ZAKHME KARI,2u6hK2yyYNQ,1
ستاد مبارزه با ستاد مبارزه کامنت اول😂,زخم کاری بازگشت رو ببینیم یا نه؟!/ ZAKHME KARI,2u6hK2yyYNQ,2
حرفه ای ترین و بهترین نقد فیلم رو در کانال شما و کانال فیلم باز میبینم خدا شما رو واسمون نگه داره,زخم کاری بازگشت رو ببینیم یا نه؟!/ ZAKHME KARI,2u6hK2yyYNQ,4
‏‪10:55‬‏ عجب مثالی زدی... ساختمان ۱۵ طبقه... عالی بود❤,زخم کاری بازگشت رو ببینیم یا نه؟!/ ZAKHME KARI,2u6hK2yyYNQ,0
چقدر جملات آخری که گفتین رو دوس داشتم راجع به ساختمان پانزده طبقه آقا احسان عزیز❤❤,زخم کاری بازگشت رو ببینیم یا نه؟!/ ZAKHME KARI,2u6hK2yyYNQ,1
اقا احسان میشه یک بار ویدیویی بذارید درباره اینکه کدام سریالهای ایرانی، فصل دوم قویتری از فصل اولشون داشتن؟ سپاس,زخم کاری بازگشت رو ببینیم یا نه؟!/ ZAKHME KARI,2u6hK2yyYNQ,2
دقیقا همینطوره اقا احسان و چه توصیف قشنگی کردید سایه هستش همه چی تو فصل دو👌,زخم کاری بازگشت رو ببینیم یا نه؟!/ ZAKHME KARI,2u6hK2yyYNQ,1
کیف کردم ، چقدر نقد و تحلیل هات در کنار خوب و درست بودنشون هنرمندانه تر شده👏🏻❤️,زخم کاری بازگشت رو ببینیم یا نه؟!/ ZAKHME KARI,2u6hK2yyYNQ,9
کاش همون فصل یک تموم میکردن و تو اوج خدافظی میکردن واقعا بعد از چندسال یه فیلم خوب و خاطره انگیز بود ک واقعا خراب کرد با سری دومش☹️منم خیلی ناراحت شدم کاش نمیساختنش,زخم کاری بازگشت رو ببینیم یا نه؟!/ ZAKHME KARI,2u6hK2yyYNQ,3
دمت گرم. منصفانه ترین و حرفه ای ترین نقد,زخم کاری بازگشت رو ببینیم یا نه؟!/ ZAKHME KARI,2u6hK2yyYNQ,0
ممنون اقای منصوری من کلا ۱۰ دقیقه این فیلمو دیدم حالم بهم خورد,زخم کاری بازگشت رو ببینیم یا نه؟!/ ZAKHME KARI,2u6hK2yyYNQ,0
به نظرم توی ایران هر سریالی که ساخته میشه فقط باید توی 1 فصل تولید بشه مرسی بابت تحلیل💙,زخم کاری بازگشت رو ببینیم یا نه؟!/ ZAKHME KARI,2u6hK2yyYNQ,9
اینقدر خوب نقد کردی و نکات مهم گفتی ک ادم دلش میخواد بره ببینه 😅 ولی دمت گرم نمیبینیم 🙌🏻,زخم کاری بازگشت رو ببینیم یا نه؟!/ ZAKHME KARI,2u6hK2yyYNQ,0
چقدر‌خوب‌تحلیل کردین دقیقا همین بود که گفتین,زخم کاری بازگشت رو ببینیم یا نه؟!/ ZAKHME KARI,2u6hK2yyYNQ,3
خسته نباشید🙏,زخم کاری بازگشت رو ببینیم یا نه؟!/ ZAKHME KARI,2u6hK2yyYNQ,0
فوق العاده چقدر خوب وسنجیده تحلیل کردین این سریال رو اصولا تحلیلهاتون با طرز بیان زیبا وکلمات بجا باعث تاثیر چند برابری روی بیننده میشید دست مریزاد اقا احسان ❤❤,زخم کاری بازگشت رو ببینیم یا نه؟!/ ZAKHME KARI,2u6hK2yyYNQ,1
عالی واقعااا،دمت گرم,زخم کاری بازگشت رو ببینیم یا نه؟!/ ZAKHME KARI,2u6hK2yyYNQ,0
نقد بسیار عالی بود اقا کاظم ❤😂,زخم کاری بازگشت رو ببینیم یا نه؟!/ ZAKHME KARI,2u6hK2yyYNQ,0
تو چقدر خوبی پسر ❤ برات دعا کردم هیچوقت سایه احسان منصوری رو نبینیم و همیشه همینطور تو اوج باشی و هیچ اتفاقی تو زندگیت نیوفته که باعث افتت بشه یا مجبور بشیم سایتو ببینیم جای خودت..,زخم کاری بازگشت رو ببینیم یا نه؟!/ ZAKHME KARI,2u6hK2yyYNQ,0
عالی گفتید آقا احسان عالی. کاملا با نظر شما موافقم.,زخم کاری بازگشت رو ببینیم یا نه؟!/ ZAKHME KARI,2u6hK2yyYNQ,0
کاملا موافقم با تحلیل ها و آنالیزهااا تون . من که دیگه نتونستم ببینم و ادامه بدم. فقط چند قسمت دیدم سه قسمت ...,زخم کاری بازگشت رو ببینیم یا نه؟!/ ZAKHME KARI,2u6hK2yyYNQ,0
عالی بود خسته نباشی آقا احسان ❤,زخم کاری بازگشت رو ببینیم یا نه؟!/ ZAKHME KARI,2u6hK2yyYNQ,4
جمله به جمله حق❤,زخم کاری بازگشت رو ببینیم یا نه؟!/ ZAKHME KARI,2u6hK2yyYNQ,0
مثال ساختمون 15طبقه رو زیبا گفتین🔥,زخم کاری بازگشت رو ببینیم یا نه؟!/ ZAKHME KARI,2u6hK2yyYNQ,0
ممنون که بالاخره ما رو با واقعیت اینکه زخم کاری دو واقعا ارزش دیدن ندارد رو در رو کردی که با این کنار بیایم که اون چیزی که فکر میکردیم نیست و مجبوریم 😢 بذاریمش کنار,زخم کاری بازگشت رو ببینیم یا نه؟!/ ZAKHME KARI,2u6hK2yyYNQ,2
درود، هر بار خواستم فصل دوم و ببینم ، گفتم اول نظر کارشناسانه شما رو ببینم بعد . خوشحالم که قبل از دیدن فصل ۲ شما رو شنیدم و وقتم و هدر ندادم. چقدر خوب نقد میکنید. با صدای بشدت جذاب .سپاس,زخم کاری بازگشت رو ببینیم یا نه؟!/ ZAKHME KARI,2u6hK2yyYNQ,3
هر آنچه راجب فصل اول و دوم گفتید کاملا درست،تحلیلتون راجب فصل دوم هم واقعا درست بود و موافقم مخصوصا چیزی که در مورد فیلمنامه گفتید,زخم کاری بازگشت رو ببینیم یا نه؟!/ ZAKHME KARI,2u6hK2yyYNQ,0
منتظر این ویدیوت بودم😍😍😂,زخم کاری بازگشت رو ببینیم یا نه؟!/ ZAKHME KARI,2u6hK2yyYNQ,2
خیلی با دقت و عالی بررسی کردین واقعا لذت میبرم از کانالتون❤,زخم کاری بازگشت رو ببینیم یا نه؟!/ ZAKHME KARI,2u6hK2yyYNQ,2
احساس میکنم فیلم نامه یک رو دادن به هوش مصنوعی گفتن فصل دو رو بنویس,زخم کاری بازگشت رو ببینیم یا نه؟!/ ZAKHME KARI,2u6hK2yyYNQ,2
اقاااااا نمیخاااااام. من دوس دارم فصل دو رو😢😢😢,زخم کاری بازگشت رو ببینیم یا نه؟!/ ZAKHME KARI,2u6hK2yyYNQ,0
عالی بود نقدت احسان جان مرسی که حرف دل مارو به این سادگی بیان میکنی ❤,زخم کاری بازگشت رو ببینیم یا نه؟!/ ZAKHME KARI,2u6hK2yyYNQ,0
دقیقا همینه که میگی آقا احسان ❤❤,زخم کاری بازگشت رو ببینیم یا نه؟!/ ZAKHME KARI,2u6hK2yyYNQ,0
آقا احسنت دمت گرم,زخم کاری بازگشت رو ببینیم یا نه؟!/ ZAKHME KARI,2u6hK2yyYNQ,0
به نام خدا سوالت خیلی پیچیده بود,زخم کاری بازگشت رو ببینیم یا نه؟!/ ZAKHME KARI,2u6hK2yyYNQ,0
شما هم مخالف زخم کاری هستید یا اینکه دوستش دارید؟؟؟؟؟,نقد سریال زخم کاری توسط مسعود فراستی در برنامه هفت,oz-62qlj2Zg,10
فراستی صادقه و بی پرده و این برا منتقد خوبه❤,نقد سریال زخم کاری توسط مسعود فراستی در برنامه هفت,oz-62qlj2Zg,4
شما بی نظیرید استاد🙏🌹,نقد سریال زخم کاری توسط مسعود فراستی در برنامه هفت,oz-62qlj2Zg,3
درجه یک بود بینظیررررر و عالی بود نقد این برنامه,نقد سریال زخم کاری توسط مسعود فراستی در برنامه هفت,oz-62qlj2Zg,1
شکر خدا وخوشبختانه فراستی علاوه بر دانش و تجربه اش، فاسد نیست. واین فوق العاده است.,نقد سریال زخم کاری توسط مسعود فراستی در برنامه هفت,oz-62qlj2Zg,8
وااااای درخت گردو، چقد ضجه زدم واسه اون فیلمش,نقد سریال زخم کاری توسط مسعود فراستی در برنامه هفت,oz-62qlj2Zg,2
مائده و میثم بزرگترین مشکل این سریال بودند . محدودیت ها هم انقدر زیاده که دست هر فیلمنامه نویس و کارگردانی رو میبنده و مقایسه سریال ایرانی رو با نمونه خارجی خنده دار میکنه .,نقد سریال زخم کاری توسط مسعود فراستی در برنامه هفت,oz-62qlj2Zg,5
درود استاد فراستی,نقد سریال زخم کاری توسط مسعود فراستی در برنامه هفت,oz-62qlj2Zg,0
آقای استاد فراستی خیلی شمارو دوست دارم ❤❤❤❤❤❤❤❤❤❤❤❤❤❤❤❤❤❤❤,نقد سریال زخم کاری توسط مسعود فراستی در برنامه هفت,oz-62qlj2Zg,0
ممنون بابت گذاشتن همچین نقد خوبی,نقد سریال زخم کاری توسط مسعود فراستی در برنامه هفت,oz-62qlj2Zg,3
كلا خوش ساخت بود و تقاص فقط تو فيلمها هست نه تو دنيا !!!!!!!!!!,نقد سریال زخم کاری توسط مسعود فراستی در برنامه هفت,oz-62qlj2Zg,2
اقای فراستی لطفا ریش را کمی کوتاه کنید . هر چقدر ریش بلندتر شود عقل کمتر میشود . لطفا فضولی بنده را با ض ببخشید که باعث کبر و غرور ما شده . ❤❤ Way to go,نقد سریال زخم کاری توسط مسعود فراستی در برنامه هفت,oz-62qlj2Zg,0
اسم نویسنده کتاب بیست زخم کاری محمود حسینی زاد است. 8:04,نقد سریال زخم کاری توسط مسعود فراستی در برنامه هفت,oz-62qlj2Zg,0
سریال رو دوست داشتم چون پتانسیل بسیار بسیار بالایی داشت ولی متاسفانه در پایان قسمت اول زخم کاری با تمام پتانسیل هاش مرد و فصل های دیگه به کلی یچیز دیگه است انگار یکی دیگه ساختتش,نقد سریال زخم کاری توسط مسعود فراستی در برنامه هفت,oz-62qlj2Zg,0
ممنون که این قسمت ها رو در کانالتون قرار میدید,نقد سریال زخم کاری توسط مسعود فراستی در برنامه هفت,oz-62qlj2Zg,4
بي خياله مكبث اين در اصل خاسته سريال توركي فرم در بياره مخاطب جذب كنه,نقد سریال زخم کاری توسط مسعود فراستی در برنامه هفت,oz-62qlj2Zg,0
عشق من،، آقا مسعو فراستی، 👌👌👌👌🌺🌺🌺🌺👏👏👏🌹🌹🎬💓💓💓🥀🥀🥀🎞️🎥🎞️🎥🎞️🎥🎞️🎥🌾🌾🌾🌾🌾🌾🌹🌺🌹🌺🎬🎥🎬🎞️🎬🎞️👏👏👏,نقد سریال زخم کاری توسط مسعود فراستی در برنامه هفت,oz-62qlj2Zg,1
اقلا یکی رو هم بیارید .دفاع کنه ...سه نفر افتادین دارین زخم کاری رو جر میدید ....,نقد سریال زخم کاری توسط مسعود فراستی در برنامه هفت,oz-62qlj2Zg,0
عاشق فراستی ام 👌🏻👌🏻👌🏻,نقد سریال زخم کاری توسط مسعود فراستی در برنامه هفت,oz-62qlj2Zg,7
طرح کلی ،سوژه وتاحدودی متن قابل قبول بود وکارگردانی هم مقبول بود ازحیث فرم و ساختار و تصویر برداری هم مقبول بود اما مشکل اساسی انتخاب بازیگران بود به خصوص جواد عزتی که باهم تلاشی که کرد نتوانست درخشان باشد اما درکل سریال قابل قبولی بود...استفاده از بازیگران کمدیک در نقشهای جدی فاجعه می آفریند برای همین زخم کاری با وجود محاسن اش نمره متوسط میگیرد....,نقد سریال زخم کاری توسط مسعود فراستی در برنامه هفت,oz-62qlj2Zg,1
همینا هادی و هدی نمیتونن بسازن داخل ایران,نقد سریال زخم کاری توسط مسعود فراستی در برنامه هفت,oz-62qlj2Zg,1
فراستی بینظیره,نقد سریال زخم کاری توسط مسعود فراستی در برنامه هفت,oz-62qlj2Zg,7
ممنون از اقاى فراستى،و ميمان جديد,نقد سریال زخم کاری توسط مسعود فراستی در برنامه هفت,oz-62qlj2Zg,2
لطفا coda هم وقتی نقدش اومد آپلود کنید ممنون ام,نقد سریال زخم کاری توسط مسعود فراستی در برنامه هفت,oz-62qlj2Zg,0
آقا دم‌تون گرم.. خوب حق این بی‌بته‌های بالاآورده‌شده توسط سرمایه‌های حرام رو گذاشتید کف دست‌شون..,نقد سریال زخم کاری توسط مسعود فراستی در برنامه هفت,oz-62qlj2Zg,2
سابسکرایب کردم و منتظر قسمت های بعد هستم,نقد سریال زخم کاری توسط مسعود فراستی در برنامه هفت,oz-62qlj2Zg,1
ربطی ب زخم کاری نداره،مشکل مهدویان وام گرفته و سفارشی ساز که به اون پشتوانه رباوار حالا میخواد فیلمی از جنس مخاطبین عکس کارای قبلیش بسازه,نقد سریال زخم کاری توسط مسعود فراستی در برنامه هفت,oz-62qlj2Zg,0
آفرین این صفحه را ادامه بده,نقد سریال زخم کاری توسط مسعود فراستی در برنامه هفت,oz-62qlj2Zg,0
من کلا با این نگرش مشکل دارم که ثروت بد هست ، چه دلیلی داره که میخوان فیلم ساز را با نشان دادن اینکه ثروت بد هست و نهایتا بدبختی مباره تبرعه کنند اگر واقعا فیلم ساز و کارگردان میخواهد تبلیغ ثروت را بکند که خیلی هم عالی مگر ثروت چه بدی دارد چرا همه افراد ثروتمند را میخواهند بد نشان دهند !!!!!!!!!!!!!!!!!!!!!!!,نقد سریال زخم کاری توسط مسعود فراستی در برنامه هفت,oz-62qlj2Zg,1
منتظر قسمت های بعد تون هستم,نقد سریال زخم کاری توسط مسعود فراستی در برنامه هفت,oz-62qlj2Zg,1
کدا تاریخ انتشارش برای دو سال و نیم قبل به نظر خیلی عجیب میاد کسی مثل اقای فراستی که سمبل ادعا در عرصه سینما هستن تازه الان هیجان زده دیدن فیلم شدن,نقد سریال زخم کاری توسط مسعود فراستی در برنامه هفت,oz-62qlj2Zg,0
درود بر فراستی,نقد سریال زخم کاری توسط مسعود فراستی در برنامه هفت,oz-62qlj2Zg,1
"خوب است این استاد جوان هم بنظر حرفه ای و متعهد میان ۲- آیا منظور از ""سمپاتی""، سیمپفی( sympathy)((درک حسی-معنوی؟؟)) است؟ و ""سمپات"" همون کسیه که درک حسی رو رقم میزنه؟ -اگه نه ک خوب متوجه نشدم. سمپاد چیچی یس اقا؟🗣🗣 -OUT 36:25",نقد سریال زخم کاری توسط مسعود فراستی در برنامه هفت,oz-62qlj2Zg,1
زخم کاری رو من دوست نداشتم,نقد سریال زخم کاری توسط مسعود فراستی در برنامه هفت,oz-62qlj2Zg,0
فراستي بامزه است 😂,نقد سریال زخم کاری توسط مسعود فراستی در برنامه هفت,oz-62qlj2Zg,1
حیف وقت بزاری این سریالو ببینی حیف,نقد سریال زخم کاری توسط مسعود فراستی در برنامه هفت,oz-62qlj2Zg,0
واقعا زخم كارى چرت و پرت ترین سریال تا الان من دیدم,نقد سریال زخم کاری توسط مسعود فراستی در برنامه هفت,oz-62qlj2Zg,1
سه تا چلقوز نشستن نقد میکنن اخه احمق ما تو ایران با این همه محدودیت چنین سریالی ساختن بعد اینا میان در حد بزرگ‌ترین فیلمهای دنیا نقدش میکنن انگار اسکار فیس نقد میکنن,نقد سریال زخم کاری توسط مسعود فراستی در برنامه هفت,oz-62qlj2Zg,3
خیلی دوزاری بود زخم کاری,نقد سریال زخم کاری توسط مسعود فراستی در برنامه هفت,oz-62qlj2Zg,0
من عاشقه آقای استاد فراستی هستم و حرف را قبول دارم این سریال زخم کاری خیلی آشغاله اصلا بازیگران زخم کاری خیلی آشغال و داغون و بدردنخورن سریال زخم کاری دوزاری ترین و آشغال ترین سریال دنیا ست 🤬🤬🤬🤬🤬🤬🤬🤬🤬🤬🤬🤬 خیلی آقای استاد فراستی حرف درستی می زنه خیلی استاد فراستی مرد خوبیه عشق من استاد فراستی,نقد سریال زخم کاری توسط مسعود فراستی در برنامه هفت,oz-62qlj2Zg,0
❤❤❤مجتبی دفاع خوب کشورمان روح مادر شاد🖤,ستاره فوتبال ایران در یک آسایشگاه بستری شد/اولین گفتگوی مجتب,6X0ZImu6yqo,3
خدابیامرزه مادرش رو روحش شاد ،مادر یعنی همه چی,ستاره فوتبال ایران در یک آسایشگاه بستری شد/اولین گفتگوی مجتب,6X0ZImu6yqo,3
من تاجی هستم. ولی یادش بخیر زمانی که رقیبها قدرت و شخصیت داشتند و زمین چمن سبز بود نه قهوه ای,ستاره فوتبال ایران در یک آسایشگاه بستری شد/اولین گفتگوی مجتب,6X0ZImu6yqo,0
مجتبی با تعصب وتکرار نشدنی ❤❤❤,ستاره فوتبال ایران در یک آسایشگاه بستری شد/اولین گفتگوی مجتب,6X0ZImu6yqo,0
😢😢😢 مجتبی خان خیلی دوستت دارم . فراموش نمی کنم که چه خاطرات قشنگی برای نسل ما ساختی . می بوسمت بهترین دفاع چپ ایران تا همین الان . 🙏🙏🙏🙏 . در غم مادرت شریک غمتم و برات سلامتی آرزو می کنم .,ستاره فوتبال ایران در یک آسایشگاه بستری شد/اولین گفتگوی مجتب,6X0ZImu6yqo,2
... و تشکر و سپاس از تی وی پلاس که یادی از یک بزرگ خاطره انگیز کردند .🙏🙏,ستاره فوتبال ایران در یک آسایشگاه بستری شد/اولین گفتگوی مجتب,6X0ZImu6yqo,1
۸ افسانه ای .عشق دهه شصتی ها ❤❤❤❤❤❤❤❤,ستاره فوتبال ایران در یک آسایشگاه بستری شد/اولین گفتگوی مجتب,6X0ZImu6yqo,1
یه دونه ای مجتبی,ستاره فوتبال ایران در یک آسایشگاه بستری شد/اولین گفتگوی مجتب,6X0ZImu6yqo,3
دولت یا نهادها مهم نیست باید همبازیا و هم دروه ایهای محرمی بفکرش میبودن,ستاره فوتبال ایران در یک آسایشگاه بستری شد/اولین گفتگوی مجتب,6X0ZImu6yqo,3
افراطی ترین. آبی. نمیتونست تو رو دوست نداشته باشه. شما عشق رو ب بدترین زمان زندگی ما تزریق کردید.,ستاره فوتبال ایران در یک آسایشگاه بستری شد/اولین گفتگوی مجتب,6X0ZImu6yqo,1
فقط ۸ مجتبی اریک کانتونا ❤❤❤❤❤❤❤❤,ستاره فوتبال ایران در یک آسایشگاه بستری شد/اولین گفتگوی مجتب,6X0ZImu6yqo,1
فقط ۸ رو عشقه مجتبی محرمی بازی اث میلان بعد چن سال فقط به عشق قدیمیا مخصوصا محرمی رفتم استادیوم,ستاره فوتبال ایران در یک آسایشگاه بستری شد/اولین گفتگوی مجتب,6X0ZImu6yqo,2
توفوتبال پله.زیکو.مسی.رونالدو.داره تو ایران هم محرمی داریم برید نگاه کنید بازیشو یه بازیکن تمام عیار.ادمای قد کوتاه قد بلندرو میزنند اونهم به نامردی مجتبی عاشقتم.تا نسوزی نمیفهمی ما سوختیم مراقب جوانان باشید,ستاره فوتبال ایران در یک آسایشگاه بستری شد/اولین گفتگوی مجتب,6X0ZImu6yqo,4
خدا مادرتو بیامرزه 8 ابدی اسیا,ستاره فوتبال ایران در یک آسایشگاه بستری شد/اولین گفتگوی مجتب,6X0ZImu6yqo,4
خواهشا به علی پروین : پرسپولیس ،،،،بگید سلطان 😅❤❤❤❤❤❤❤❤❤❤❤❤❤,ستاره فوتبال ایران در یک آسایشگاه بستری شد/اولین گفتگوی مجتب,6X0ZImu6yqo,0
دیگه مثل مجتبی محرمی نمیاد..... تک بود.... فوتبالیستی نابغه و باهوش و با تکنیک.... ساده دل و یک روو....,ستاره فوتبال ایران در یک آسایشگاه بستری شد/اولین گفتگوی مجتب,6X0ZImu6yqo,3
چقدر سخته که مجتبی محرمی رو تواین شرایط دید,ستاره فوتبال ایران در یک آسایشگاه بستری شد/اولین گفتگوی مجتب,6X0ZImu6yqo,2
هزاران حیف .....,ستاره فوتبال ایران در یک آسایشگاه بستری شد/اولین گفتگوی مجتب,6X0ZImu6yqo,1
باید دستو پاهاشو ببندند ریشاشو بزنند، بدون ریش خیلی خوشگله. آقا مجتبی محرمی اسطوره‌ همیشگی ، مردی بزرگ هم در زمین بازی و هم در اخلاق. بزرگترین چپ ایران و آسیا تا ابد❤❤❤,ستاره فوتبال ایران در یک آسایشگاه بستری شد/اولین گفتگوی مجتب,6X0ZImu6yqo,0
اسطوره حیف شما نیست با این مجری نچسب همصحبت شدین .پیراهن آبیش معلوم 6تاییه,ستاره فوتبال ایران در یک آسایشگاه بستری شد/اولین گفتگوی مجتب,6X0ZImu6yqo,2
مردم دوستت دارن وقلعه نوعی یه تارموت نمیشه چون اهل.لابیگری نبودی,ستاره فوتبال ایران در یک آسایشگاه بستری شد/اولین گفتگوی مجتب,6X0ZImu6yqo,1
ایشون مشخص هست که اعتیاد داشتند یا دارند، قرص آسایشگاه که دندونهای آدم رو اینطور نمیکنه. اصلا فرهنگ صحبت و تفکر ایشون متعلق به یک انسان معتاد هست. البته اعتیاد جرم نیست و مریضی روحی و جسمی هست و بس,ستاره فوتبال ایران در یک آسایشگاه بستری شد/اولین گفتگوی مجتب,6X0ZImu6yqo,3
کلاغ مثه من عمر میکنه ،ببخشید لاکپشت 😅😅😅😅😅😅,ستاره فوتبال ایران در یک آسایشگاه بستری شد/اولین گفتگوی مجتب,6X0ZImu6yqo,0
اونجا ک باباش میگه بخدا ما ذاتمون خراب نیست❤️,مملی و بچه‌محل‌هایش | مستند زندگی محمد خدابنده‌لو، بازیکن پر,ELDULBSK5ns,258
من استقلالی هستم ولی اینقدر این پسر گل هست که برای اولین بار مصاحبه یک پرسپولیسی رو تا اخر نگاه کردم,مملی و بچه‌محل‌هایش | مستند زندگی محمد خدابنده‌لو، بازیکن پر,ELDULBSK5ns,97
تو دنیایی که همه رنگ عوض کردن تو یه رنگ ترینی مملی.دوست داریم پرسپولیسی با وجود,مملی و بچه‌محل‌هایش | مستند زندگی محمد خدابنده‌لو، بازیکن پر,ELDULBSK5ns,348
با اختلاف متفاوت ترین، عجیب ترین و قابل تامل ترین مستند فوتبالی😍😍 کاش گروه فوتبال 360 برای بیشتر دیده شدن این مستند در فضای مجازی تبلیغ بیشتری کنه,مملی و بچه‌محل‌هایش | مستند زندگی محمد خدابنده‌لو، بازیکن پر,ELDULBSK5ns,106
لذت بردم با اینکه استقلالیم❤💙,مملی و بچه‌محل‌هایش | مستند زندگی محمد خدابنده‌لو، بازیکن پر,ELDULBSK5ns,217
من یک استقلالی هستم ولی واقعا عاشق این پسر باادب و با معرفت شدم مگه داریم همچین آدمی من باورم نمیشه دمت گرم پسر خواهش میکنم همین جوری بمون تو نیایی که آدما بابدست آوردن یک موفقیت کوچیک گذشته خودشونو فراموش میکنن توهمین جوری بمون الگوباش برای بقیه💙💙💙,مملی و بچه‌محل‌هایش | مستند زندگی محمد خدابنده‌لو، بازیکن پر,ELDULBSK5ns,24
مرسی بابت تهیه مستندی به این جذابی,مملی و بچه‌محل‌هایش | مستند زندگی محمد خدابنده‌لو، بازیکن پر,ELDULBSK5ns,301
چه مستندی و چه پسریه این مملی دمش گرم♥️ از طرف یه تراکتوری🚜,مملی و بچه‌محل‌هایش | مستند زندگی محمد خدابنده‌لو، بازیکن پر,ELDULBSK5ns,14
من استقلالیمو اصلا حال نمیکردم باهاش چون نیومد استقلال ولی عشق کردم الان که زندگیشو دیدم واقعا بچه مشتی و خاکی و با معرفته،خیلی حال کردم باهاش💙❤,مملی و بچه‌محل‌هایش | مستند زندگی محمد خدابنده‌لو، بازیکن پر,ELDULBSK5ns,128
مملی با معرفت ، عاشقتم از استقلال کاشکی همه مثل تو یه نگاهی به عقبشون مینداختن و اصالت و معرفت خودشونو نفروشن ، دوست داریم ❤💙❤️💙❤,مملی و بچه‌محل‌هایش | مستند زندگی محمد خدابنده‌لو، بازیکن پر,ELDULBSK5ns,15
چقدر به خودم میبالم واس همچین پسر خاکیی ،عاشقت شدن یه ملت,مملی و بچه‌محل‌هایش | مستند زندگی محمد خدابنده‌لو، بازیکن پر,ELDULBSK5ns,67
شماره 7 بعدی پرسپولیس لهجه‌ی طهرونیتو عشقه♥️,مملی و بچه‌محل‌هایش | مستند زندگی محمد خدابنده‌لو، بازیکن پر,ELDULBSK5ns,8
مملی با همین طرز تفکر پیش بری، اسمت میره جز اسطوره های پرسپولیس.,مملی و بچه‌محل‌هایش | مستند زندگی محمد خدابنده‌لو، بازیکن پر,ELDULBSK5ns,91
محمد دو تا داداش هم داره، حمید و امید یکی از یکی گل تر با شخصیت تر ، وحتی فوتبالیست تر کاش دنیا پر بود ا ادم های مثل این خانواده 🙏❤,مملی و بچه‌محل‌هایش | مستند زندگی محمد خدابنده‌لو، بازیکن پر,ELDULBSK5ns,7
بهترین ویدیو کانال بود با اختلاف,مملی و بچه‌محل‌هایش | مستند زندگی محمد خدابنده‌لو، بازیکن پر,ELDULBSK5ns,133
محمد خدا بنده لو عزیز ، همه ایران رو عاشق خودت کردی پسر با مرام و با معرفت پرسپولیسی ، بهت افتخار می‌کنیم ، چه مادر مهربونی، چشام پر از اشک شد که چقدر سختی کشیده از راه دور دست مادر مهربون و فداکارت میبوسم و آرزوی سلامتی‌ و خوشبختی‌ برای همه مادران زحمتکش و فداکار را دارم. سیروس از سوئد 👋👋👋❤❤❤,مملی و بچه‌محل‌هایش | مستند زندگی محمد خدابنده‌لو، بازیکن پر,ELDULBSK5ns,16
این پسر غیرتمند رو با بیرانوند مقایسه کنین تا مشاهده کنین اصالت یعنی چی!,مملی و بچه‌محل‌هایش | مستند زندگی محمد خدابنده‌لو، بازیکن پر,ELDULBSK5ns,541
خارج از اینکه استقلالی ام مملی زندگی منو متفاوت کرد، خدابنده لو پهلوان زمین چمن با همین فرمون برو جلو دمت گرم 💙💙💙💙,مملی و بچه‌محل‌هایش | مستند زندگی محمد خدابنده‌لو، بازیکن پر,ELDULBSK5ns,9
ماشالا به مملی با غیرت❤️ایشالا تو پرسپولیس کاپیتان بشه و تو همین تیم بازنشسته بشه🩸🧿,مملی و بچه‌محل‌هایش | مستند زندگی محمد خدابنده‌لو، بازیکن پر,ELDULBSK5ns,66
کاری به رنگ تیم ندارم چقدر عشقه این پسررر چقدررر گله😍😍ادم عشق میکنه💙ایشالا دنیا هیچوقت باهاش کاری نکنه از خوب بودنش پشیمون بشه چقدرر مشتین این خانواده به هرچی برسین حلالتوننن,مملی و بچه‌محل‌هایش | مستند زندگی محمد خدابنده‌لو، بازیکن پر,ELDULBSK5ns,9
آفرین به تهیه کنندگان این فیلم آموزنده و با کیفیت۔ با شناساندن افرادی مثل محمد خدابنده لو، شخص به ایرانی بودن خودش با داشتن چنین افرادی افتخار میکنه۔ با تمام مشکلات زندگی و خانواده، محمد جوانی با غیرت و سالم بار آمده۔ خدا او را برای ایران و ایرانی حفظش کنه۔,مملی و بچه‌محل‌هایش | مستند زندگی محمد خدابنده‌لو، بازیکن پر,ELDULBSK5ns,88
کیف کردم با مملی ❤تنش سلامت باشه امیدوارم بهترین ها براش اتفاق بیوفته,مملی و بچه‌محل‌هایش | مستند زندگی محمد خدابنده‌لو، بازیکن پر,ELDULBSK5ns,43
فکر کنم الان که این مستند پخش شده خیلیا بیشتر شناختنت و بیشتر از قبل دوست دارن ولی از روزی که اومدی پرسپولیس یک حس متفاوت بهم دادی و متوجه شدم چقدر انسان خوش قلبی هستی،قلبی دوست دارم امیدوارم تو تک تک مراحل زندگیت چه فوتبال چه خارج از فوتبال بدرخشی پسر پرسپولیسی❤❤❤,مملی و بچه‌محل‌هایش | مستند زندگی محمد خدابنده‌لو، بازیکن پر,ELDULBSK5ns,11
من استقلالیم ،،ولی از ته دل به این پسر هم وطنم افتخار میکنم،و دوست دارم روز به روز پیشرفتشو ببینم,مملی و بچه‌محل‌هایش | مستند زندگی محمد خدابنده‌لو، بازیکن پر,ELDULBSK5ns,21
پسر با غیرت تو آینده نزدیک اسطوره بزرگی خواهی شد پس مثل همیشه و پر قدرت ادامه بده🙏🙏🙏,مملی و بچه‌محل‌هایش | مستند زندگی محمد خدابنده‌لو، بازیکن پر,ELDULBSK5ns,6
چقدر این پسر صداقت داره امیدوارم همینطوری خوب بمونی ❤❤❤❤❤❤❤❤❤,مملی و بچه‌محل‌هایش | مستند زندگی محمد خدابنده‌لو، بازیکن پر,ELDULBSK5ns,38
ما خانوادگی استقلالی ب دنیا میایم ، این مستند رو اتفاقی دیدم و بسیار جا خوردم از حال و هوای هم محلیه ای هاشون و خود آقای خدابنده لو ، لطفاً همونطور که خودتم گفتی همینجوری بمون و پیشرفت کن ، بسیار عالی بود مستند . ایشالا بری تیم ملی هم محلیه ای هات و خانوادت بیشتر افتخار کنند . از طرف یه استقلالی 🎉,مملی و بچه‌محل‌هایش | مستند زندگی محمد خدابنده‌لو، بازیکن پر,ELDULBSK5ns,24
مملی‌کارس‌درسته. خیلی وقت بود کسی با این تعصب و انرژی نداشتیم. این بچه با جون و دل پرسپولیسیه. داداش تا ابد بمون تو تیم. همیشه پرچمت بالاست🔥🔥🔥🔥,مملی و بچه‌محل‌هایش | مستند زندگی محمد خدابنده‌لو، بازیکن پر,ELDULBSK5ns,40
چه مستند درجه یکی ... مملی خیلی خیلی بیشتر از قبل دوستت داریم ما هواداران پرسپولیس ❤❤❤❤❤❤,مملی و بچه‌محل‌هایش | مستند زندگی محمد خدابنده‌لو، بازیکن پر,ELDULBSK5ns,6
به‌عنوان یک استقلال چهار آتیشه عاشق محمد خدابندلو شدم دمت گرم که گذشته خودتو فراموش نکردی 💙💙✌️,مملی و بچه‌محل‌هایش | مستند زندگی محمد خدابنده‌لو، بازیکن پر,ELDULBSK5ns,33
چ فدر تو گلی ممد آقا خدابنده لو آرزو بهترین ها رو داریم ایشالا قهرمانی تو آسیا با پرسپولیس بزرگ ❤❤❤❤❤❤,مملی و بچه‌محل‌هایش | مستند زندگی محمد خدابنده‌لو، بازیکن پر,ELDULBSK5ns,2
مملی گل ، محبوب همه ایرانی ها . آبی و قرمز دوست دارن عزیز 💙,مملی و بچه‌محل‌هایش | مستند زندگی محمد خدابنده‌لو، بازیکن پر,ELDULBSK5ns,2
خدایی مستند قشنگی بود ممنون ازتون ❤❤❤❤❤❤,مملی و بچه‌محل‌هایش | مستند زندگی محمد خدابنده‌لو، بازیکن پر,ELDULBSK5ns,47
انقدر گریه کردم تا اخر فیلم بخدا اخراش صفحه گوشی رو نمیدیدم 😢😢😢خدا یا شکرت داش ممد چقدر خوشحالم برات و خانوادت ❤❤❤,مملی و بچه‌محل‌هایش | مستند زندگی محمد خدابنده‌لو، بازیکن پر,ELDULBSK5ns,2
حلالت باشه تنها بازیکن پرسپولیس که خیلی باهاش حال کردم❤️,مملی و بچه‌محل‌هایش | مستند زندگی محمد خدابنده‌لو، بازیکن پر,ELDULBSK5ns,20
از اول این مصاحبه اشک. ریختم تا آخر قربون دلت مملی😭😭❤️❤️❤️❤️,مملی و بچه‌محل‌هایش | مستند زندگی محمد خدابنده‌لو، بازیکن پر,ELDULBSK5ns,1
چقدر بیش از پیش به مملی علاقه‌مند شدم… امیدوارم با بازوبند کاپیتانی پرسپولیس ببینمت و از این مهم تر تو کسی باشی که جام قهرمانی آسیا رو برای پرسپولیس بالا ببری 💪🏼❤️,مملی و بچه‌محل‌هایش | مستند زندگی محمد خدابنده‌لو، بازیکن پر,ELDULBSK5ns,19
هزار آفرین به تیم فردوسی پور بابت ساختن چنین مستند زیبایی . باز هم جای خالی فردوسی پور احساس میشه و صد افسوس دم این جوان صادق و باشهامت و دوست داشتنی گرم به امید پیشرفت روزافزون این بزرگ مرد غیرتمند ❤❤❤,مملی و بچه‌محل‌هایش | مستند زندگی محمد خدابنده‌لو، بازیکن پر,ELDULBSK5ns,4
واقعا صادق و رک هستش و خوش قلب. برای همین خدا کمکش کرده. از همه مشکلات زندگیش میگه حتی اعتیاد پدرش، فقر خانواده، خیلیها هیچوقت این مشکلات زندگیشون را هیچوقت بیان نمیکنند ولی مملی و خانواده از روی صداقت همه مشکلات را بیان کردند,مملی و بچه‌محل‌هایش | مستند زندگی محمد خدابنده‌لو، بازیکن پر,ELDULBSK5ns,28
علی بیرو یکم از این پسر یاد بگیر. ادم باش شرف داشته باش. دمت گرم مملی کوه غیرت و معرفتی,مملی و بچه‌محل‌هایش | مستند زندگی محمد خدابنده‌لو، بازیکن پر,ELDULBSK5ns,3
در دنیایی میشود مملی باشی ، بیراوند و رضاییان نباش 👍,مملی و بچه‌محل‌هایش | مستند زندگی محمد خدابنده‌لو، بازیکن پر,ELDULBSK5ns,22
مملی عشق یه ملت ❤ با تعصب خوش قلب ساده و خاکی بامرام ❤ با غیرت ❤ همه چی تمومی پسر ❤ مملی,مملی و بچه‌محل‌هایش | مستند زندگی محمد خدابنده‌لو، بازیکن پر,ELDULBSK5ns,1
وجدانا آدم به اون بالاها برسه ولی بازهم همون مرام وشخصیت ومنش رو حفظ کنه خیلی سخته نمونه بارزش رامین رضاییان بیرانوند وخیلی های دیگه اینجا معلوم میشه که محمد خدابنده لو واقعاانسان شریفی هست وهم باوجودهست هم قلب مهربونی داره❤❤❤زنده باد پرسپولیس❤❤زنده مملی❤❤❤❤,مملی و بچه‌محل‌هایش | مستند زندگی محمد خدابنده‌لو، بازیکن پر,ELDULBSK5ns,24
یکی از بهترین بیوگرافی هایی که دیدم ، دم مملی و بچه محلاش گرم 👊🏽,مملی و بچه‌محل‌هایش | مستند زندگی محمد خدابنده‌لو، بازیکن پر,ELDULBSK5ns,2
اولین باره که محتوای ۳۶۰ و لایک می‌کنم دل خوشی هم از عادل ندارم، ولی این به یاد ماندنی‌ترین مطلبی بودکه تا روزی که زنده ام از یاد نخواهم برد. ممنونم از تیم ۳۶۰ ، . مملی خیلی مراقب خودت باش و همین‌جوری شریف و دوست داشتنی بمون لطفا 💓,مملی و بچه‌محل‌هایش | مستند زندگی محمد خدابنده‌لو، بازیکن پر,ELDULBSK5ns,29
با اختلاف صادقانه ترین و دلنشینترین تعریفی ک یکی از زندگی خودش میکنه,مملی و بچه‌محل‌هایش | مستند زندگی محمد خدابنده‌لو، بازیکن پر,ELDULBSK5ns,1
جنوب شهر و معرفت و غيرت و خانواده و اعتياد و خلاف و دعوا و تلاش و بدبختي اگر نتيجه اش بشه موفقيت و رسيدن به جايگاه خوب خيلي لذت بخشه. دمت گرم پسر,مملی و بچه‌محل‌هایش | مستند زندگی محمد خدابنده‌لو، بازیکن پر,ELDULBSK5ns,27
خدا رو بنده بودی و موفق شدی پسر 🌷,مملی و بچه‌محل‌هایش | مستند زندگی محمد خدابنده‌لو، بازیکن پر,ELDULBSK5ns,1
دمت گرم که هنوز پایِ پدر مادرت وایسادی، دمت گرم که اینقد خاکی و خودمونی هستی‌، ادا در نمیاری ، هنوز اصالتت حفظ کردی و یادت نرفته از کجا امدی، خلاصه که مملی جون، پسرِ پرسپولیسی، دوست داریم ❤❤❤,مملی و بچه‌محل‌هایش | مستند زندگی محمد خدابنده‌لو، بازیکن پر,ELDULBSK5ns,14
از رشت باران استقلالی درودمیفرستم ب مملی باغیرت باتعصب دمت گرم باعشق❤,مملی و بچه‌محل‌هایش | مستند زندگی محمد خدابنده‌لو، بازیکن پر,ELDULBSK5ns,3
بسیار تکان دهنده بود..انگار زندگی خودمو مرور کردم,مملی و بچه‌محل‌هایش | مستند زندگی محمد خدابنده‌لو، بازیکن پر,ELDULBSK5ns,16
برای اولین بار یک ‌کلیپ عالی بدون کوچکترین دستکاری تو یوتیوب دیدم.واقعا ممنون از سازنده و تهیه کننده این مستند واقعا دستخوش ❤🌹🇮🇷🇮🇷🇮🇷🌹❤,مملی و بچه‌محل‌هایش | مستند زندگی محمد خدابنده‌لو، بازیکن پر,ELDULBSK5ns,2
فکر نمی‌کردم هنوز همچین آدم‌هایی وجود داشته باشن؛ چقدر این آدم مشتیه‌ خدا بهت سلامتی بده امیدوارم تو فوتبالت خیلی پیشرفت کنی و ۱ روز کاپیتان پرسپولیس بشی چون به تو می‌رسه مشتی❤,مملی و بچه‌محل‌هایش | مستند زندگی محمد خدابنده‌لو، بازیکن پر,ELDULBSK5ns,9
مملی گل امیدوارم همیشه موفق باشی و همراه بقیه بازیکنای باغیرت پرچم پرسپولیس رو مثل همیشه بالا ببرید❤❤❤,مملی و بچه‌محل‌هایش | مستند زندگی محمد خدابنده‌لو، بازیکن پر,ELDULBSK5ns,4
33:50 همونجور که ذات بد نیکو نگردد چون که بنیادش بد است،ذات خوب هم بد نمیشه اگه تمام دنیا بد بشن❤❤❤,مملی و بچه‌محل‌هایش | مستند زندگی محمد خدابنده‌لو، بازیکن پر,ELDULBSK5ns,10
مملی به مولا عشقی❤😘,مملی و بچه‌محل‌هایش | مستند زندگی محمد خدابنده‌لو، بازیکن پر,ELDULBSK5ns,1
عشق یعنی این❤❤❤❤مملی محبوب ما هوادارا,مملی و بچه‌محل‌هایش | مستند زندگی محمد خدابنده‌لو، بازیکن پر,ELDULBSK5ns,13
واقعا پسر مودب و بی نقصی هستش❤❤❤❤❤❤❤❤❤,مملی و بچه‌محل‌هایش | مستند زندگی محمد خدابنده‌لو، بازیکن پر,ELDULBSK5ns,1
بهترین مستند فوتبالی ایرانی که دیدم واقعا همین بود❤❤,مملی و بچه‌محل‌هایش | مستند زندگی محمد خدابنده‌لو، بازیکن پر,ELDULBSK5ns,21
عالی بود ، ازدل بود ‌به دل نشست، امیدوارم هوای مملی هارو بیشتر داشته باشیم❤❤❤❤,مملی و بچه‌محل‌هایش | مستند زندگی محمد خدابنده‌لو، بازیکن پر,ELDULBSK5ns,1
آقای تاج هرزمان بوی پول به مشامش می‌خورد پيداش می‌شه و هر زمان‌ که‌ گند می‌زند قلبش می‌گیره 😂😂,قلدربازی دو ساعته مهدی تاج برای خیابانی و مجری تلوزیون - همه,PXyTZifn9X4,8
لطفا فوتبال برتر را کامل بذار هر هفته. رو دمت گرم,قلدربازی دو ساعته مهدی تاج برای خیابانی و مجری تلوزیون - همه,PXyTZifn9X4,0
انگار این آدم وقیح یکاره بزرگی کرده برا ملت و خیلی افتخار داده اومده جواب سوال خیایانی رو میده و شرمنده کرده خیابانی هم خیلی ذوق کرده .خیابانیه ابلح,قلدربازی دو ساعته مهدی تاج برای خیابانی و مجری تلوزیون - همه,PXyTZifn9X4,2
زحمت کشیدی معذرت خواهی کردی 😂,قلدربازی دو ساعته مهدی تاج برای خیابانی و مجری تلوزیون - همه,PXyTZifn9X4,2
میگه هیچکس نمیتونه ادعا کنه توی انتخابات برنده میشود، بله نمیتونه، ولی یکی مثه تو همه رای هاشو خریده حالا چه دوستی با رای دهنده ها چه زیر لفظی,قلدربازی دو ساعته مهدی تاج برای خیابانی و مجری تلوزیون - همه,PXyTZifn9X4,2
اين آقا اینقدر از بالا به‌ پائین نگاه می‌کنه گويا خيلی لطف کرده و منت روی‌ مردم میزاه برای‌ جيب خوتون آمدی خجالتم نمی‌کشه,قلدربازی دو ساعته مهدی تاج برای خیابانی و مجری تلوزیون - همه,PXyTZifn9X4,5
این تاج دیگه بهش نمیشه گفت پررو!!! ایشون ک....ه پررو ست😂😂😂,قلدربازی دو ساعته مهدی تاج برای خیابانی و مجری تلوزیون - همه,PXyTZifn9X4,1
خیابانی عشقه,قلدربازی دو ساعته مهدی تاج برای خیابانی و مجری تلوزیون - همه,PXyTZifn9X4,0
بسیار اماتور هم برنامه هم مجریا و هم رییس فدراسیون! یاد عادل به خیر,قلدربازی دو ساعته مهدی تاج برای خیابانی و مجری تلوزیون - همه,PXyTZifn9X4,8
تاج، گفته مگه تو صدا و سیما شیله و پیله داریم. 😂,قلدربازی دو ساعته مهدی تاج برای خیابانی و مجری تلوزیون - همه,PXyTZifn9X4,1
عجب کرسی شعر قشنگی بود در سیرک صدا و سیما!,قلدربازی دو ساعته مهدی تاج برای خیابانی و مجری تلوزیون - همه,PXyTZifn9X4,8
سلام ریس فدراسیون نمیدونه جام چنده من بودم میگفتم جام بیست و یک,قلدربازی دو ساعته مهدی تاج برای خیابانی و مجری تلوزیون - همه,PXyTZifn9X4,0
😂😂 عجب !!! واقعا وقاحت تا چقدر!!!!,قلدربازی دو ساعته مهدی تاج برای خیابانی و مجری تلوزیون - همه,PXyTZifn9X4,1
ب خدا هم خیابانی هم تاج ب عشق پرچم. خدا را شکر ک نیمه دوم از انگلیس ا گل خوردیم ب میل هم زدیم وخ خ خ خ خ,قلدربازی دو ساعته مهدی تاج برای خیابانی و مجری تلوزیون - همه,PXyTZifn9X4,1
نه خیر عربستان چند دوره ست. هوشمندانه داره حاضر میشه ودر قطرهم نتیجه خوبی گرفت,قلدربازی دو ساعته مهدی تاج برای خیابانی و مجری تلوزیون - همه,PXyTZifn9X4,0
همش هماهنگی شده,قلدربازی دو ساعته مهدی تاج برای خیابانی و مجری تلوزیون - همه,PXyTZifn9X4,1
تيم ميلي هست نه ملي، اگر ملي بود ملت يك لحظه وقاحت شما رو تحمل نميكنه، تحمل دو تا مجري كه سوالات مردم رو مطرح ميكنن رو نداري,قلدربازی دو ساعته مهدی تاج برای خیابانی و مجری تلوزیون - همه,PXyTZifn9X4,1
فقط دنبال درصد از بازیکنان و سرمربی بوده نه پیشرفت تیم,قلدربازی دو ساعته مهدی تاج برای خیابانی و مجری تلوزیون - همه,PXyTZifn9X4,0
تاج + خیابانی = نمومه ای کوچک از وضعیت فعلی,قلدربازی دو ساعته مهدی تاج برای خیابانی و مجری تلوزیون - همه,PXyTZifn9X4,2
خُدشه دار؟؟؟😂😂😂😂😂,قلدربازی دو ساعته مهدی تاج برای خیابانی و مجری تلوزیون - همه,PXyTZifn9X4,2
مجری لال شدی چرا نمی‌دونم ،,قلدربازی دو ساعته مهدی تاج برای خیابانی و مجری تلوزیون - همه,PXyTZifn9X4,1
این آدم پر روئی هست برای مصاحبه کسی رو میخواست مثل عادل فردوسی پور که به قول بعضی ها نسخ ازش بکشه بیرون و یا اگر خیلی پرروگر,قلدربازی دو ساعته مهدی تاج برای خیابانی و مجری تلوزیون - همه,PXyTZifn9X4,2
من بودم جوابتو میدادم,قلدربازی دو ساعته مهدی تاج برای خیابانی و مجری تلوزیون - همه,PXyTZifn9X4,0
خسته نباشی ....همه ی دنیا از من بدش میاد من از این تاج...خداااا اول منو نیست کن بعد اونو نابود,قلدربازی دو ساعته مهدی تاج برای خیابانی و مجری تلوزیون - همه,PXyTZifn9X4,0
سلام. دوتا مجری با جنم بیاوردید که تاج لف بدادند.,قلدربازی دو ساعته مهدی تاج برای خیابانی و مجری تلوزیون - همه,PXyTZifn9X4,1
چقد حرفه ای دوتا مجری رو سر کار گذاشته و با اعصابشون بازی میکنه . الکی نیست بهش میگن خ ک فدراسیون .,قلدربازی دو ساعته مهدی تاج برای خیابانی و مجری تلوزیون - همه,PXyTZifn9X4,1
وقتی ساختار خراب است ، به مفهوم علمی و اجتماعی ، یعنی ورزش و فوتبالی در کشور نیست و چون نیک بنگریم ، فقط دکوری از این صنعت در کشور وجود دارد و نوع گویش و ادبیات جناب تاج هم مختص به همین دکور است و توقع بیش از این نیست,قلدربازی دو ساعته مهدی تاج برای خیابانی و مجری تلوزیون - همه,PXyTZifn9X4,1
رسول ، تاج را عصبی کرد,قلدربازی دو ساعته مهدی تاج برای خیابانی و مجری تلوزیون - همه,PXyTZifn9X4,1
میله؟؟؟؟؟؟؟؟؟؟؟؟؟؟؟؟؟؟ 27:52,قلدربازی دو ساعته مهدی تاج برای خیابانی و مجری تلوزیون - همه,PXyTZifn9X4,0
خخخخخ این چی میگه چ صبری داشتن مجریا دمتون گرم ولی میریدین بش,قلدربازی دو ساعته مهدی تاج برای خیابانی و مجری تلوزیون - همه,PXyTZifn9X4,1
اقای حاح رضایی یا مرحوم صدر باید ازاین پرس وجو کنند,قلدربازی دو ساعته مهدی تاج برای خیابانی و مجری تلوزیون - همه,PXyTZifn9X4,0
حالا درسته خوشم نمیاد ازش ولی این پسره اصا نمیذاره زر بزنه تاج ببینیم چی میگه,قلدربازی دو ساعته مهدی تاج برای خیابانی و مجری تلوزیون - همه,PXyTZifn9X4,1
خياباني قشنگ الاغه. بتنهايي ريد تو نقشه فدراسيون. فوتبال بخاطر دولتي سازي محروم شده و اگه يبار ديگه اينكار كنه بفاك ميره.,قلدربازی دو ساعته مهدی تاج برای خیابانی و مجری تلوزیون - همه,PXyTZifn9X4,0
زد به میله ی ما 😂,قلدربازی دو ساعته مهدی تاج برای خیابانی و مجری تلوزیون - همه,PXyTZifn9X4,0
این چشم گاوی خیلی داغونه.,قلدربازی دو ساعته مهدی تاج برای خیابانی و مجری تلوزیون - همه,PXyTZifn9X4,0
اینگیلیس که خودش ول کرد دو گل زدیم,قلدربازی دو ساعته مهدی تاج برای خیابانی و مجری تلوزیون - همه,PXyTZifn9X4,0
من برای فدراسیون فوتبال متاسفم یعنی به غیرازاین ادم فقیع کسی دیگری نیست تازمانی که این موجودرعیس فدراسیون فوتبال هست بایدفاتحه فوتبال راخواند,قلدربازی دو ساعته مهدی تاج برای خیابانی و مجری تلوزیون - همه,PXyTZifn9X4,0
1:33:30 داره دروغ میگه,قلدربازی دو ساعته مهدی تاج برای خیابانی و مجری تلوزیون - همه,PXyTZifn9X4,0
یه آدم با عرضه پیدا نشد جواب اینو محکم بده,قلدربازی دو ساعته مهدی تاج برای خیابانی و مجری تلوزیون - همه,PXyTZifn9X4,0
داره درست میگه درست به حرفاش گوش میدی درست میگه مردم گوش نمیدن,قلدربازی دو ساعته مهدی تاج برای خیابانی و مجری تلوزیون - همه,PXyTZifn9X4,0
وقیح تَر از این موجود ندیدم ...,قلدربازی دو ساعته مهدی تاج برای خیابانی و مجری تلوزیون - همه,PXyTZifn9X4,57
بدی جواد اینکه خیلی دستمال بدست میگیرد .,قلدربازی دو ساعته مهدی تاج برای خیابانی و مجری تلوزیون - همه,PXyTZifn9X4,0
همچین میگه ۳ و خرده ای انگار پول کمیه! ۱۲۰ میلیارد تومان میشه آقای تاج که نفست از جای گرم در میاد.,قلدربازی دو ساعته مهدی تاج برای خیابانی و مجری تلوزیون - همه,PXyTZifn9X4,0
خیلی وقیح، با این هه مخارج و دروغگویی. مثال میزنید افغانستان را؟ چه خیری از شما به فوتبال رسیده ؟,قلدربازی دو ساعته مهدی تاج برای خیابانی و مجری تلوزیون - همه,PXyTZifn9X4,4
از پای منقل بلند شده مرتکه شیش میزنه,قلدربازی دو ساعته مهدی تاج برای خیابانی و مجری تلوزیون - همه,PXyTZifn9X4,1
تا وقتی فوتبال کشورمون توسط امثال این آقا اداره میشه نباید انتظار پیشرفت داشته باشیم دو مجری دارن به صورت محترمانه از ایشون سوال میکنن و ایشون با تمسخر وکنایه جواب میدن واژه ای بهتر از شارلاتان نمیشه رو ایشون گذاشت,قلدربازی دو ساعته مهدی تاج برای خیابانی و مجری تلوزیون - همه,PXyTZifn9X4,0
این باید بر کنار شه ناموسن ملت برزیم وزارت ورزش اقا این چ وضعیتیه,قلدربازی دو ساعته مهدی تاج برای خیابانی و مجری تلوزیون - همه,PXyTZifn9X4,2
فوتبال پیرش کرد اما پول چی ...,قلدربازی دو ساعته مهدی تاج برای خیابانی و مجری تلوزیون - همه,PXyTZifn9X4,0
طرف دو خط اینگلیسی نمیتونه بخ‌نه شده ریس فدراسیون,قلدربازی دو ساعته مهدی تاج برای خیابانی و مجری تلوزیون - همه,PXyTZifn9X4,1
این آقای تاج(که حیف از اسم تاج)عجب گاویه,قلدربازی دو ساعته مهدی تاج برای خیابانی و مجری تلوزیون - همه,PXyTZifn9X4,1
خخخخ اقای خیابانی میدونی چه تبلیغاتی بین بازی قبل و بعد بازی صدا سیما میگیره باید پول باشگاهها رو بدهن و بعدم مگه تقصیر مردم و باشگاهاست که صدا ودسیما اجازه نمیده تلویزیون ورزشی خصوصی بزنن,قلدربازی دو ساعته مهدی تاج برای خیابانی و مجری تلوزیون - همه,PXyTZifn9X4,0
مهدى قائدى بدجور گذاشت درتون,حواشی جذاب و تماشایی دربی حذفی از دوربین فوتبال برتر 💥,DBp6jGVRs5Y,5
استقلال عشقه💐💐💐💙💙💙,حواشی جذاب و تماشایی دربی حذفی از دوربین فوتبال برتر 💥,DBp6jGVRs5Y,2
بخدا هنوز چهل دقیقه است دارم گریه میکنم...,حواشی جذاب و تماشایی دربی حذفی از دوربین فوتبال برتر 💥,DBp6jGVRs5Y,2
استقلال دوست داریم,حواشی جذاب و تماشایی دربی حذفی از دوربین فوتبال برتر 💥,DBp6jGVRs5Y,4
💙💙💙💙 عشق است,حواشی جذاب و تماشایی دربی حذفی از دوربین فوتبال برتر 💥,DBp6jGVRs5Y,4
نميدونم تو كدوم صحنه داور به نفع استقلال گرفت كه گل محمدى ميگه داور ب نفع گرفته خود لنگيا هم ميدونن برعكس داور ب نفع لنگيا گرفت يكيش صحنه پنالتى رو فرشيد اسماعيلى,حواشی جذاب و تماشایی دربی حذفی از دوربین فوتبال برتر 💥,DBp6jGVRs5Y,4
استقلال کبیر💙💙💙💙,حواشی جذاب و تماشایی دربی حذفی از دوربین فوتبال برتر 💥,DBp6jGVRs5Y,1
👑عشق است تاج کبیر 👑,حواشی جذاب و تماشایی دربی حذفی از دوربین فوتبال برتر 💥,DBp6jGVRs5Y,10
گل ممد چی میگه🌛 🤢🌜,حواشی جذاب و تماشایی دربی حذفی از دوربین فوتبال برتر 💥,DBp6jGVRs5Y,2
گلمحمدی چی میگه😂😂😂😂,حواشی جذاب و تماشایی دربی حذفی از دوربین فوتبال برتر 💥,DBp6jGVRs5Y,1
عشق است و تمام...؟؟ تاج بزرگ و سالار تمام تیمهای ایران....دس خوش ✔✔✔,حواشی جذاب و تماشایی دربی حذفی از دوربین فوتبال برتر 💥,DBp6jGVRs5Y,8
عکس علیکور و کنار داش ممد نذارین بابا برامون افت داره,حواشی جذاب و تماشایی دربی حذفی از دوربین فوتبال برتر 💥,DBp6jGVRs5Y,1
آقابشارچه خوشگل میگفت باختیم😁😏,حواشی جذاب و تماشایی دربی حذفی از دوربین فوتبال برتر 💥,DBp6jGVRs5Y,1
دقیقه ۲.۳۲ مجیدی به صورت اتفاقی جاخالی داد به شادی بهزاد غلامپور ، نزدیک بود کمر مجیدی رو بشکنه خدا بهش رحم کرد🤣🤣🤣,حواشی جذاب و تماشایی دربی حذفی از دوربین فوتبال برتر 💥,DBp6jGVRs5Y,2
یاشاسن تراختور 😍😍😍😍❤❤😍❤❤😍❤❤❤❤❤❤❤❤❤,حواشی جذاب و تماشایی دربی حذفی از دوربین فوتبال برتر 💥,DBp6jGVRs5Y,0
فقط تراختور وسلام ❤❤❤❤❤❤❤❤❤❤❤❤❤❤❤❤❤❤,حواشی جذاب و تماشایی دربی حذفی از دوربین فوتبال برتر 💥,DBp6jGVRs5Y,0
کی رو میگفت یحیی؟,حواشی جذاب و تماشایی دربی حذفی از دوربین فوتبال برتر 💥,DBp6jGVRs5Y,1
برا رسن تونل زدن خخخخخخ,حواشی جذاب و تماشایی دربی حذفی از دوربین فوتبال برتر 💥,DBp6jGVRs5Y,0
اگه استقلال قهرمان بشه سوپرجام دربيه ؟,حواشی جذاب و تماشایی دربی حذفی از دوربین فوتبال برتر 💥,DBp6jGVRs5Y,4
تاج کبیر آسیا سرور کل لنگیا💙⭐️⭐️💙,حواشی جذاب و تماشایی دربی حذفی از دوربین فوتبال برتر 💥,DBp6jGVRs5Y,0
وقتی نیمه نهایی و شانسی با پنالتی بری بالا اینجوری میشه یهو تو یه نیمه سه تا پشت هم میخوری و بازی واگذار میکنی وگرنه با گل شانسی دقایق پایانی از شکست فرار کردن و تو پنالتی شانسی بردن افتخاری نداره,حواشی جذاب و تماشایی دربی حذفی از دوربین فوتبال برتر 💥,DBp6jGVRs5Y,0
چیطوری یحیی موقشنگ تادقیقه88که گل زدی نیشت اندازه دروازه شیرازبازبودبعدش که باختی همه دوست داشتن ببازی پس چی بگن تیمهای دیگه تواین چندسال انواع واقسام جام بهتون تقدیم میکردند اون موقع فوتبال پاک بود نه بمیرباحرف زدنت خاک برسر,حواشی جذاب و تماشایی دربی حذفی از دوربین فوتبال برتر 💥,DBp6jGVRs5Y,2
چ بازی قشنگی سوپر گلهای قائدی و دانشگر و کلن شیش گل زیبا,حواشی جذاب و تماشایی دربی حذفی از دوربین فوتبال برتر 💥,DBp6jGVRs5Y,4
پرسپولیس همیشه سروراستقلال بدانید,حواشی جذاب و تماشایی دربی حذفی از دوربین فوتبال برتر 💥,DBp6jGVRs5Y,1
باخت توجیه نداره، اما ، بازیکنهای پرسپولیس بدون ، هوادار ها ازون راضی هستن ، دمشون گرم ، خسته نباشن ،,حواشی جذاب و تماشایی دربی حذفی از دوربین فوتبال برتر 💥,DBp6jGVRs5Y,1
دمتون گرم که حواشی بازی هم گذاشتین,حواشی جذاب و تماشایی دربی حذفی از دوربین فوتبال برتر 💥,DBp6jGVRs5Y,0
معلومه بااین صحبت‌هایی که گل محمدی میکنه نشون میده که واقعا مخ ایشون گوزیده چون دراین بازی داوری کلا به نفع پرسپولیس بود ایشون مثل اینکه حرف کارشناسان داوری هم قبول نداره آدم باید جنبه باخت راداشته باشه,حواشی جذاب و تماشایی دربی حذفی از دوربین فوتبال برتر 💥,DBp6jGVRs5Y,0
گل محمدی حرف مفت میزنه. داور بازی رو درآورد... میخواستند استقلال قهرمان جام حذفی بشه.... و از این نمونه مزخرفات. پنالتی ها که دیگه دست خودتون بود. خودتون گند زدید و باختید. حالا اینجوری میخواهی باخت خودتو ماست مالی کنی؟,حواشی جذاب و تماشایی دربی حذفی از دوربین فوتبال برتر 💥,DBp6jGVRs5Y,0
فقط اینو استقلالیا بدونن که ما به یحیی گل محمدی باختیم وگرنه استقلال هیچ وقت در حد پرسپولیس نبود و نیست,حواشی جذاب و تماشایی دربی حذفی از دوربین فوتبال برتر 💥,DBp6jGVRs5Y,2
منم تخمام رو تقدیم رهبر میکنم,فــ.ــحاشی رکـ.ـیـک به مهدی ترابی در برنامه زنده پخش فوتبال!,KP17l5Ka_h0,4
ترابی خایه مال خوب بمال خوب بمال 👍😂,فــ.ــحاشی رکـ.ـیـک به مهدی ترابی در برنامه زنده پخش فوتبال!,KP17l5Ka_h0,32
این رو قبلا دیده بودم ...فقط اومدم که بگم...آبی آبی آبی کوس ننت ترابی,فــ.ــحاشی رکـ.ـیـک به مهدی ترابی در برنامه زنده پخش فوتبال!,KP17l5Ka_h0,2
شیر مادر حلالشون هر کی، بهش فوش داد,فــ.ــحاشی رکـ.ـیـک به مهدی ترابی در برنامه زنده پخش فوتبال!,KP17l5Ka_h0,59
خایمال کی بودی تو😅😅,فــ.ــحاشی رکـ.ـیـک به مهدی ترابی در برنامه زنده پخش فوتبال!,KP17l5Ka_h0,2
ببینید یه ادم تا کجا تحت تاثیر قرار میگیره,فــ.ــحاشی رکـ.ـیـک به مهدی ترابی در برنامه زنده پخش فوتبال!,KP17l5Ka_h0,4
ابی ابی ابی ،خخخخخ,فــ.ــحاشی رکـ.ـیـک به مهدی ترابی در برنامه زنده پخش فوتبال!,KP17l5Ka_h0,0
منم آدم سیاسی نیستم آدم دولی هستم جناب ترابی سلام منو خدمت والده محترم برسانید,فــ.ــحاشی رکـ.ـیـک به مهدی ترابی در برنامه زنده پخش فوتبال!,KP17l5Ka_h0,56
"چون در آخرین کلیب بخاطر صدای بوق , شعارهای کاملا برحق هموطنان استقلالی درست شنیده نمیشد ! وظیفه خود دانستم که آن شعار خایه مال ضایع کن را دقیق بنویسم که همه اصل شعار را متوجه شوند !!! عده ای فریاد میزدند > ابی آبی آبی ! وبقیه هم جواب میدادند > کوس خواهر ترابی ! حالا یکمرتبه باهم بگید > آبی آبی آبی > کوس خواهر ترابی ! ماشالله دم همتون گرم . و",فــ.ــحاشی رکـ.ـیـک به مهدی ترابی در برنامه زنده پخش فوتبال!,KP17l5Ka_h0,2
خایه مال😂😂😂😂😂🤣🤣🤣🤣🤣🤣🤣🤣🤣🤣,فــ.ــحاشی رکـ.ـیـک به مهدی ترابی در برنامه زنده پخش فوتبال!,KP17l5Ka_h0,2
ترابی خایه مال😂🖕🏿,فــ.ــحاشی رکـ.ـیـک به مهدی ترابی در برنامه زنده پخش فوتبال!,KP17l5Ka_h0,2
ترابی جدتو گائیدم,فــ.ــحاشی رکـ.ـیـک به مهدی ترابی در برنامه زنده پخش فوتبال!,KP17l5Ka_h0,3
احمق بااين كارش ميخاد بره تيم ملي ريدي بابا ديگه خواب تيم ملي روهم نميبيني اگه دعوتت كنن خيلي بد ميشه رفتي بيش مهدي رحمتي عزيزم,فــ.ــحاشی رکـ.ـیـک به مهدی ترابی در برنامه زنده پخش فوتبال!,KP17l5Ka_h0,21
کس ننت ترابی,فــ.ــحاشی رکـ.ـیـک به مهدی ترابی در برنامه زنده پخش فوتبال!,KP17l5Ka_h0,1
خداوکیلی اینا انقد خرن یا خودشونو زدن به خریت. کار دلی بوده؟ ابرو هرچی ورزشیه برد,فــ.ــحاشی رکـ.ـیـک به مهدی ترابی در برنامه زنده پخش فوتبال!,KP17l5Ka_h0,45
صداتو گائیدم,فــ.ــحاشی رکـ.ـیـک به مهدی ترابی در برنامه زنده پخش فوتبال!,KP17l5Ka_h0,3
حتمااون پشت خبری بوده ک جلوش چیزی نوشته شدش!,فــ.ــحاشی رکـ.ـیـک به مهدی ترابی در برنامه زنده پخش فوتبال!,KP17l5Ka_h0,1
دم تماشاچیان استقلال گرم.,فــ.ــحاشی رکـ.ـیـک به مهدی ترابی در برنامه زنده پخش فوتبال!,KP17l5Ka_h0,4
واکنش طرفداران قرمز چی بوده ؟ مطابق قوانین فیفا نبایستی سیاست رو وارد فوتبال میکرد .,فــ.ــحاشی رکـ.ـیـک به مهدی ترابی در برنامه زنده پخش فوتبال!,KP17l5Ka_h0,9
کیرم دهنت ترابی.یه روز میکننت,فــ.ــحاشی رکـ.ـیـک به مهدی ترابی در برنامه زنده پخش فوتبال!,KP17l5Ka_h0,1
این کار دلیت باعث رو دلیت نشه,فــ.ــحاشی رکـ.ـیـک به مهدی ترابی در برنامه زنده پخش فوتبال!,KP17l5Ka_h0,17
ترابی خایه مال هی هی ترابی خایه مال هی هی ترابی خایه مال هی هی,فــ.ــحاشی رکـ.ـیـک به مهدی ترابی در برنامه زنده پخش فوتبال!,KP17l5Ka_h0,0
گوه زیادی خورده ولش کنید دلی بوده,فــ.ــحاشی رکـ.ـیـک به مهدی ترابی در برنامه زنده پخش فوتبال!,KP17l5Ka_h0,0
من کاری به کارش ندارم ولی آخه مگه با فحاشی چیزی درست میشه. تا کی میخوایم دنبال بهونه باشیم تا همدیگرو له کنیم. واقعا جای تأسف داره همچین مردمی داشتن. البته روی حرف با همه نیست.,فــ.ــحاشی رکـ.ـیـک به مهدی ترابی در برنامه زنده پخش فوتبال!,KP17l5Ka_h0,2
آبی آبی آبی آبی,فــ.ــحاشی رکـ.ـیـک به مهدی ترابی در برنامه زنده پخش فوتبال!,KP17l5Ka_h0,0
ینی لایق یحرفه قشنگی...هیچی تو کس ننت..,فــ.ــحاشی رکـ.ـیـک به مهدی ترابی در برنامه زنده پخش فوتبال!,KP17l5Ka_h0,0
لعنت به این آدم خایمال کثیف,فــ.ــحاشی رکـ.ـیـک به مهدی ترابی در برنامه زنده پخش فوتبال!,KP17l5Ka_h0,0
هنر نزد ایرانیان است و بس تضمین چهارمین کاپ چوسکی واونم از سلطان پروین موذیانه,فــ.ــحاشی رکـ.ـیـک به مهدی ترابی در برنامه زنده پخش فوتبال!,KP17l5Ka_h0,1
خایه مال همچین رکیکم نیست.خیلی هم بهش میاد اتفاقا.دمشون گرم,فــ.ــحاشی رکـ.ـیـک به مهدی ترابی در برنامه زنده پخش فوتبال!,KP17l5Ka_h0,21
ترابی عشقه استوره پرسپولیس 🇮🇷❤️🚀,فــ.ــحاشی رکـ.ـیـک به مهدی ترابی در برنامه زنده پخش فوتبال!,KP17l5Ka_h0,0
فیلم.سینمایی.مالش.خائه.بابازی.مهدی.ترابی,فــ.ــحاشی رکـ.ـیـک به مهدی ترابی در برنامه زنده پخش فوتبال!,KP17l5Ka_h0,1
سلام اقاپسرهای استقلالی وپرسپولیسی خواهشآ برای یک ادم بی شعور نفهم به خانواده های خودتون توهین نکنید,فــ.ــحاشی رکـ.ـیـک به مهدی ترابی در برنامه زنده پخش فوتبال!,KP17l5Ka_h0,2
کیرم تو قیافت ....,فــ.ــحاشی رکـ.ـیـک به مهدی ترابی در برنامه زنده پخش فوتبال!,KP17l5Ka_h0,0
بی ناموسسسسس,فــ.ــحاشی رکـ.ـیـک به مهدی ترابی در برنامه زنده پخش فوتبال!,KP17l5Ka_h0,0
از یه لنگی چه توقعی دارید!!!؟ اون بازیکن یه تیم دولتی و حکومتی هستش که وظیفه داره حسابی خایه مالی کنه,فــ.ــحاشی رکـ.ـیـک به مهدی ترابی در برنامه زنده پخش فوتبال!,KP17l5Ka_h0,0
مسخره ها، اینم شد برنامه و سوژه؟,فــ.ــحاشی رکـ.ـیـک به مهدی ترابی در برنامه زنده پخش فوتبال!,KP17l5Ka_h0,1
واقعا طرفدار راست میگن این کارش خایمالی بیش نیست,فــ.ــحاشی رکـ.ـیـک به مهدی ترابی در برنامه زنده پخش فوتبال!,KP17l5Ka_h0,10
واقعا که ترابی خایه مال 😂❤,فــ.ــحاشی رکـ.ـیـک به مهدی ترابی در برنامه زنده پخش فوتبال!,KP17l5Ka_h0,6
مهدی ترابی. مردی. مهدی ترابی خیلی مردی. جکر تو عشق است. مهدی ترابی. یعنی غیرت ایرانی. گور بشه. ه. کسی که نتونه. غیرت و همیت ایرانی راببینه.,فــ.ــحاشی رکـ.ـیـک به مهدی ترابی در برنامه زنده پخش فوتبال!,KP17l5Ka_h0,0
بازیکن خوبیه ولی خایماله,فــ.ــحاشی رکـ.ـیـک به مهدی ترابی در برنامه زنده پخش فوتبال!,KP17l5Ka_h0,1
آره دقیقا این یه کار کاملا خایمالی بود,فــ.ــحاشی رکـ.ـیـک به مهدی ترابی در برنامه زنده پخش فوتبال!,KP17l5Ka_h0,0
امید ترابی 🇮🇷❤️,فــ.ــحاشی رکـ.ـیـک به مهدی ترابی در برنامه زنده پخش فوتبال!,KP17l5Ka_h0,0
شما لاشی هستئ,فــ.ــحاشی رکـ.ـیـک به مهدی ترابی در برنامه زنده پخش فوتبال!,KP17l5Ka_h0,0
یعنی ورزشکاری مثل اینو باید ببندنش تو طویله,فــ.ــحاشی رکـ.ـیـک به مهدی ترابی در برنامه زنده پخش فوتبال!,KP17l5Ka_h0,10
البته از بعد از انقلاب پرسپولیس تیم آدم فروشا شده نمیبینید یدونه آدم فروش هم طرفدار تیم تاج نیست من خودم قبلا طرفدار پرسپولیس بودم بخاطر همین مسخره بازیها طرفدار استقلال عزیز شدم واقعا مردمی ترین تیمه دمت گرم استقلال خدا را شکر میکنم که آدم فروشا طرفدار تیم رقیبند و یدونه آدم فروش تابحال حداقل من ندیدم که طرفدار تاج باشه.درود بر تاج مردمی درود عزیز من درود .,فــ.ــحاشی رکـ.ـیـک به مهدی ترابی در برنامه زنده پخش فوتبال!,KP17l5Ka_h0,1
کیسه کیشه از حسادت دق کردن ۵ساله رنگ صدر رو ندیدن,فــ.ــحاشی رکـ.ـیـک به مهدی ترابی در برنامه زنده پخش فوتبال!,KP17l5Ka_h0,1
بری تو کوچه و خیابون. مردم ببیننت فحش و لعنت بهت میدن. چقدر گرفته بودی که اینکارو کردی؟ واقعا ارزش داشت؟؟؟!!,فــ.ــحاشی رکـ.ـیـک به مهدی ترابی در برنامه زنده پخش فوتبال!,KP17l5Ka_h0,0
تمام هنرمندان و ورزشکاران و حتی کارمندان وزارتخانه ها تمامش بهمین صورت ظاهرسازی میکنند و مگر علی دائی نبود وسط زمین نماز میخواند و جدیدا مد شده زیر لباس عکس شهیدها و زینب و فاطمه و سید علی میگذارند حرفی برای این قشر نیست و همه اینها تمامشان میگویند دلی..آخه دلی از قبل لباس تهیه کردن جای شک دارد..,فــ.ــحاشی رکـ.ـیـک به مهدی ترابی در برنامه زنده پخش فوتبال!,KP17l5Ka_h0,0
دمشون گرم هرچه فحاش بیشتربه این ناموس بدهندبهترخایمال زمان,فــ.ــحاشی رکـ.ـیـک به مهدی ترابی در برنامه زنده پخش فوتبال!,KP17l5Ka_h0,2
چرا آزادی بیان ی ورزشکار رو زیر سوال میبرید,فــ.ــحاشی رکـ.ـیـک به مهدی ترابی در برنامه زنده پخش فوتبال!,KP17l5Ka_h0,2
من سیاسی نیستم یعنی من گوهم بزم گوسفندم. ننم وبگاییدمسئله ای نیست هرکس اینوبگه بدونه معنیش اینه,فــ.ــحاشی رکـ.ـیـک به مهدی ترابی در برنامه زنده پخش فوتبال!,KP17l5Ka_h0,1
اولین کامنت😅 دوس داشتم مساوی شه😕,حواشی جنجالی دربی تبریز - فوتبال برتر,lpHmZYcBFxI,1
چطور میشه ی نفر دوتا تیم تو لیگ داشته باشه الان تراکتور راحت ۶امتیاز هر سال تو حسابش داره خدا کنه ماشین سقوط کنه,حواشی جنجالی دربی تبریز - فوتبال برتر,lpHmZYcBFxI,1
دمت گرم...واقعا زحمت می‌کشی...عشقی⁦♥️⁩,بهترین کمپانی موبایل دنیا از نظر مهدی شجاری,QflB44jFqGk,26
دمت‌‌گرم‌‌مهدی‌جان‌ ‌وواقعا‌که‌ادم‌با‌معرفت‌وبا‌وجدان‌کاری‌ هستی‌‌👍🙏🌹🌷,بهترین کمپانی موبایل دنیا از نظر مهدی شجاری,QflB44jFqGk,12
با معرفت با وجدان کاری🔥❤😍,بهترین کمپانی موبایل دنیا از نظر مهدی شجاری,QflB44jFqGk,17
پرچمت بالاس داداش ❤❤❤,بهترین کمپانی موبایل دنیا از نظر مهدی شجاری,QflB44jFqGk,7
مهدی شجری پرچمت بالاست همیشه ❣❣❣❤,بهترین کمپانی موبایل دنیا از نظر مهدی شجاری,QflB44jFqGk,9
دوستان نظرات از لایکا بیشتره لایکم بکنین بد نیستا !,بهترین کمپانی موبایل دنیا از نظر مهدی شجاری,QflB44jFqGk,0
کارت درسته عالی بودی هستی⁦❤️⁩⁦❤️⁩⁦❤️⁩,بهترین کمپانی موبایل دنیا از نظر مهدی شجاری,QflB44jFqGk,5
واقعا عالی باورم نمیشه همچین آدم راستگویی وجود داشته باشه,بهترین کمپانی موبایل دنیا از نظر مهدی شجاری,QflB44jFqGk,0
واقعا دمت گرم که مارو آگاه می کنی عشقی.همیشه ویدیوهاتو نگاه می کنم,بهترین کمپانی موبایل دنیا از نظر مهدی شجاری,QflB44jFqGk,1
و راستی یک فیلم هم در مورد شبکه 5G بزارین که چطور شبکه ای هست و آیا ضرر داره و واسه ما ایرانی ها خوبه یا نه و از این جور سوالات ..... که تو موبایل های الان هم هست و داره رایج میشه😙😘😚,بهترین کمپانی موبایل دنیا از نظر مهدی شجاری,QflB44jFqGk,21
سلام داداش جمالتو عشقه سپاس بزرگوار ادامه بده عالیه خدا عمرباعزت بهتون بده ان شاالله❤❤,بهترین کمپانی موبایل دنیا از نظر مهدی شجاری,QflB44jFqGk,0
عالی ❤ میت ۳۰پرو هم توی ایران ارزون شده یه تست بکن👍❤,بهترین کمپانی موبایل دنیا از نظر مهدی شجاری,QflB44jFqGk,7
اقا مهدی دمت گرم خیلی مردی همیشه پیروز و سربلند,بهترین کمپانی موبایل دنیا از نظر مهدی شجاری,QflB44jFqGk,0
عالی عالی❤❤❤,بهترین کمپانی موبایل دنیا از نظر مهدی شجاری,QflB44jFqGk,5
داداش تو کارت درسته هیچکس مثل تو نمیتونه اینقدر خوب درباره گوشی صحبت کنه و تجربه هاش رو با ما به اشتراک بزاره دمت گرم عشقی,بهترین کمپانی موبایل دنیا از نظر مهدی شجاری,QflB44jFqGk,0
موفق باشی داداش❤❤❤❤ دمت گرم👏👏👏❤❤❤❤ حرف دلتو بزن نترس👏👏👏👏❤❤❤❤ بازم میگم موفق باشی❤❤❤❤,بهترین کمپانی موبایل دنیا از نظر مهدی شجاری,QflB44jFqGk,5
عالی مهدی جان همیشه دوست داشتنی هستی از قدیم گفتن در دروازه رو میشه بست در دهن مردم رو نمیشه بست ⁦♥️⁩,بهترین کمپانی موبایل دنیا از نظر مهدی شجاری,QflB44jFqGk,0
داداش پرچمت بالاس❤❤❤☺️,بهترین کمپانی موبایل دنیا از نظر مهدی شجاری,QflB44jFqGk,4
سلام خدمت شما تشکر از رهنمایی های سودمندتان واقعا برای انتخاب گوشی خیلی کمکم کرد. موفق باشید.,بهترین کمپانی موبایل دنیا از نظر مهدی شجاری,QflB44jFqGk,0
اولین لایک😎👍🏼,بهترین کمپانی موبایل دنیا از نظر مهدی شجاری,QflB44jFqGk,5
خفن ترین خودمونییییییی به نیم میلیون هم میرسی همه دنبال فوق العاده هان 💛💛💛💛,بهترین کمپانی موبایل دنیا از نظر مهدی شجاری,QflB44jFqGk,1
داداش شما خیلیم خوبی انرژی های منفی رو بیخیال همیشه هم ویدیوهات واقعا عالی و کاربردی بوده موفق باشی🙌🏻✌🏻😉,بهترین کمپانی موبایل دنیا از نظر مهدی شجاری,QflB44jFqGk,0
آففففففففرینننن ، دمت گرم .... ادااااامه بده KEEP GOING,بهترین کمپانی موبایل دنیا از نظر مهدی شجاری,QflB44jFqGk,0
خیلی خوبه که روی هیچ برندی تعصب نداری ❤️💜💙💚👌,بهترین کمپانی موبایل دنیا از نظر مهدی شجاری,QflB44jFqGk,0
شما برا ما عزیزی 😘,بهترین کمپانی موبایل دنیا از نظر مهدی شجاری,QflB44jFqGk,0
عشقی داداش😘😘😘😘😘😘😘,بهترین کمپانی موبایل دنیا از نظر مهدی شجاری,QflB44jFqGk,0
عالی بود تا آخر دیدم دیدم و لایک هم کردم,بهترین کمپانی موبایل دنیا از نظر مهدی شجاری,QflB44jFqGk,6
ولی در کل خیلی آدم خاکی و باحالی هستی پرچمت بالاس آنباکس هایی هم که میسازی خیلی جذابه,بهترین کمپانی موبایل دنیا از نظر مهدی شجاری,QflB44jFqGk,0
کارت درسته👏🏼 همیشه موفق باشی🌹❤,بهترین کمپانی موبایل دنیا از نظر مهدی شجاری,QflB44jFqGk,0
آقا مرسی عالی بود ❤,بهترین کمپانی موبایل دنیا از نظر مهدی شجاری,QflB44jFqGk,0
6:00نایس من یاد اون پیر مرده که داشت تبلیغ میکرد افتادم شما هم یادش افتادید😂😂😂😂😂😂😂😂💞,بهترین کمپانی موبایل دنیا از نظر مهدی شجاری,QflB44jFqGk,4
دنیا همیشه با کسانی که کار درست رو میکنند مشکل داشته و سعی کرده اون ها رو از بین ببره و ..... همین طوری به کارت ادامه بده عشقی⁦♥️⁩⁦♥️⁩⁦♥️⁩👍👍👍,بهترین کمپانی موبایل دنیا از نظر مهدی شجاری,QflB44jFqGk,1
عالی دمت گرم همینطوری اکتیو باش عالی👍🏻👍🏻👍🏻,بهترین کمپانی موبایل دنیا از نظر مهدی شجاری,QflB44jFqGk,0
خداروشکر که همچیو واقعی میگی تا مردم بتونن خرید بهتریو داشته باشن😀 همین راهو ادامه بده عالی هستی❤❤,بهترین کمپانی موبایل دنیا از نظر مهدی شجاری,QflB44jFqGk,0
دمت گرم انشالله همیشه پابر جا و زنده باشی احسنت به این همه روراستی,بهترین کمپانی موبایل دنیا از نظر مهدی شجاری,QflB44jFqGk,0
عالی بود سپاس,بهترین کمپانی موبایل دنیا از نظر مهدی شجاری,QflB44jFqGk,0
دمت گرم داداش موفق باشی❤️,بهترین کمپانی موبایل دنیا از نظر مهدی شجاری,QflB44jFqGk,0
دستت درد نکنه که حرف حق رو میزنی❤❤,بهترین کمپانی موبایل دنیا از نظر مهدی شجاری,QflB44jFqGk,0
دمت گرم عالی بود❤❤❤❤,بهترین کمپانی موبایل دنیا از نظر مهدی شجاری,QflB44jFqGk,0
مرسي مهدي جان خيلي دلسوزانه👌🌹❤,بهترین کمپانی موبایل دنیا از نظر مهدی شجاری,QflB44jFqGk,0
دمت گرم داداش عشقی ویدیو های تو بود کمکم کرد یه گوشی خوب واسه سلیقه خودم بخرم واقعا کارت عالیه,بهترین کمپانی موبایل دنیا از نظر مهدی شجاری,QflB44jFqGk,0
مرسی واقعا از کارات راضی بودیم🙏👌🌹,بهترین کمپانی موبایل دنیا از نظر مهدی شجاری,QflB44jFqGk,0
ممنون کارت همیشه درست بوده و هست,بهترین کمپانی موبایل دنیا از نظر مهدی شجاری,QflB44jFqGk,0
ممنونم آقای شجری واقعا زحمت میکشید !!!🧿 ♥️♥️♥️♥️♥️♥️♥️♥️♥️♥️♥️♥️♥️ کوری چشم بد خواهات.🧿,بهترین کمپانی موبایل دنیا از نظر مهدی شجاری,QflB44jFqGk,0
بابت زحماتت ممنون,بهترین کمپانی موبایل دنیا از نظر مهدی شجاری,QflB44jFqGk,0
خیلی خیلی عالیه کارت واقعا جدی میگم خوشم میاد از کانالت دمت گرم امیدوارم تو زندگیت همیشه برکت و شادی و سلامتی باشه 🌹🌹,بهترین کمپانی موبایل دنیا از نظر مهدی شجاری,QflB44jFqGk,0
قبولت داریم...کارت عالیه!ادامه بده,بهترین کمپانی موبایل دنیا از نظر مهدی شجاری,QflB44jFqGk,0
خسته نباشی عزیز دل کارت درسته ..واسه ما که ثابت شده,بهترین کمپانی موبایل دنیا از نظر مهدی شجاری,QflB44jFqGk,0
دمت گرم مشتی ایول داری ویدیو هات خیلی بهم کمک کرد تا گوشی مناسب واسه خودم رو انتخاب کنم,بهترین کمپانی موبایل دنیا از نظر مهدی شجاری,QflB44jFqGk,0
دمت گرم صفای وجودت خیلی چیزا یاد میگیریم خسته نباشی.,بهترین کمپانی موبایل دنیا از نظر مهدی شجاری,QflB44jFqGk,0
سلام ممنون واقعا عالی بود.,بهترین کمپانی موبایل دنیا از نظر مهدی شجاری,QflB44jFqGk,0
ممنون و خسته نباشید اطلاعات بسیار خوبی میدین,بهترین کمپانی موبایل دنیا از نظر مهدی شجاری,QflB44jFqGk,0
حاجی تو کارت درسته ما قبولت داریم خیلی زحمت میکشی❤❤❤,بهترین کمپانی موبایل دنیا از نظر مهدی شجاری,QflB44jFqGk,0
این آمار ها رو دوباره بزار و دائمی کنشون خیلی کاربردی و جالبه,نتایج پرسشنامه موبونیوز ❌ آماری جذاب از بازار موبایل ایران,9I_tM2tOmPY,2
مرسی بابت اطلاعات جذابت و این پرسشنامه ک کار بسیار خوبی بود♥️🤌,نتایج پرسشنامه موبونیوز ❌ آماری جذاب از بازار موبایل ایران,9I_tM2tOmPY,1
حضوری یه لذت دیگه داره,نتایج پرسشنامه موبونیوز ❌ آماری جذاب از بازار موبایل ایران,9I_tM2tOmPY,1
احسنت به سامسونگ,نتایج پرسشنامه موبونیوز ❌ آماری جذاب از بازار موبایل ایران,9I_tM2tOmPY,1
عالی فقت سامسونگ,نتایج پرسشنامه موبونیوز ❌ آماری جذاب از بازار موبایل ایران,9I_tM2tOmPY,0
پرسشنامه هه جایزه لازم بودا 🔥❤,نتایج پرسشنامه موبونیوز ❌ آماری جذاب از بازار موبایل ایران,9I_tM2tOmPY,1
مقایسه دوربین قاتل پرچمدار ها رو هم بذار دمت گرم برو درسته😎,نتایج پرسشنامه موبونیوز ❌ آماری جذاب از بازار موبایل ایران,9I_tM2tOmPY,0
مهدی باید ویدیو رو طولانی تر میکردی دوساعتم بود میدیدم😅❤,نتایج پرسشنامه موبونیوز ❌ آماری جذاب از بازار موبایل ایران,9I_tM2tOmPY,0
همینجوری ادامه بده داداش❤️❤️❤️,نتایج پرسشنامه موبونیوز ❌ آماری جذاب از بازار موبایل ایران,9I_tM2tOmPY,0
عالی مثل همیشه عشقی😍❤️,نتایج پرسشنامه موبونیوز ❌ آماری جذاب از بازار موبایل ایران,9I_tM2tOmPY,0
خیلی منتظرش بودم 👍🏻❤️,نتایج پرسشنامه موبونیوز ❌ آماری جذاب از بازار موبایل ایران,9I_tM2tOmPY,0
مثل همیشه عالی بود👌🏻👏🏻,نتایج پرسشنامه موبونیوز ❌ آماری جذاب از بازار موبایل ایران,9I_tM2tOmPY,1
کامنت 34رم 👏👏♥️♥️🌹🌹🌹🤣,نتایج پرسشنامه موبونیوز ❌ آماری جذاب از بازار موبایل ایران,9I_tM2tOmPY,1
عالی بود .شیائومی گوشیاشو هم بهتر وباقیمتی مناسب تر از سامسونگ تراحی می‌کنه ولی سامسونگ خوبه♥️,نتایج پرسشنامه موبونیوز ❌ آماری جذاب از بازار موبایل ایران,9I_tM2tOmPY,1
110k مبارک پیشاپیش❤💚💜💙💛😍😘,نتایج پرسشنامه موبونیوز ❌ آماری جذاب از بازار موبایل ایران,9I_tM2tOmPY,0
خیلی منتظر این ویدئو بودم,نتایج پرسشنامه موبونیوز ❌ آماری جذاب از بازار موبایل ایران,9I_tM2tOmPY,0
مهدی جان ؛ ممنون از ویدیو حرفه‌ای جذاب و صمیمیت دمت گرم,نتایج پرسشنامه موبونیوز ❌ آماری جذاب از بازار موبایل ایران,9I_tM2tOmPY,0
چه ویدئو خوش رنگی,نتایج پرسشنامه موبونیوز ❌ آماری جذاب از بازار موبایل ایران,9I_tM2tOmPY,0
امیدوارم برندهایی مثل وانپلاس و ویوو هم دربازارایران جای پای محکمی ایجاد نمایند👌👍,نتایج پرسشنامه موبونیوز ❌ آماری جذاب از بازار موبایل ایران,9I_tM2tOmPY,2
کار آماری خیلی جذابی بود ، دمت گرم,نتایج پرسشنامه موبونیوز ❌ آماری جذاب از بازار موبایل ایران,9I_tM2tOmPY,0
خیلی عالی و کاربردی😘🙌❤,نتایج پرسشنامه موبونیوز ❌ آماری جذاب از بازار موبایل ایران,9I_tM2tOmPY,0
ویدیو خوبی بود، دمت گرم,نتایج پرسشنامه موبونیوز ❌ آماری جذاب از بازار موبایل ایران,9I_tM2tOmPY,0
💛💛💛👏👏عالی بود خدا قوت,نتایج پرسشنامه موبونیوز ❌ آماری جذاب از بازار موبایل ایران,9I_tM2tOmPY,0
خیلی ویدئو جالبی بود 🙃❤,نتایج پرسشنامه موبونیوز ❌ آماری جذاب از بازار موبایل ایران,9I_tM2tOmPY,0
موفق باشی مهدی جان🥰,نتایج پرسشنامه موبونیوز ❌ آماری جذاب از بازار موبایل ایران,9I_tM2tOmPY,0
عالی ازینا بیشتر بزارید مرسی,نتایج پرسشنامه موبونیوز ❌ آماری جذاب از بازار موبایل ایران,9I_tM2tOmPY,0
پس بلاخره آمار اون چیزایی که چند وقت پیش پر کردیم اودم 👌👌 چه اطلاعات خفنی ولی 👏🔥,نتایج پرسشنامه موبونیوز ❌ آماری جذاب از بازار موبایل ایران,9I_tM2tOmPY,1
عالی حاجی💖💖🌹,نتایج پرسشنامه موبونیوز ❌ آماری جذاب از بازار موبایل ایران,9I_tM2tOmPY,0
عالی بودش دمت گرم,نتایج پرسشنامه موبونیوز ❌ آماری جذاب از بازار موبایل ایران,9I_tM2tOmPY,0
عالی بود ایور ممنون,نتایج پرسشنامه موبونیوز ❌ آماری جذاب از بازار موبایل ایران,9I_tM2tOmPY,0
خیلی خوب بود مهدی جون👌👌,نتایج پرسشنامه موبونیوز ❌ آماری جذاب از بازار موبایل ایران,9I_tM2tOmPY,0
منتظر این ویدئو بودم,نتایج پرسشنامه موبونیوز ❌ آماری جذاب از بازار موبایل ایران,9I_tM2tOmPY,0
عالی دمت گرم,نتایج پرسشنامه موبونیوز ❌ آماری جذاب از بازار موبایل ایران,9I_tM2tOmPY,0
بهترین جوابو اونی داد که گفت، گوشی ایرانی نداریم ، همش ساخت چینه. واقعا همینه.,گوشی ایرانی می‌خری؟ نظر مردم درباره گوشی‌های ایرانی چیه؟,WPknL_R97G4,30
گوشی ایرانی هم یه چیزی تو مایه های خودرو ایرانی میشه,گوشی ایرانی می‌خری؟ نظر مردم درباره گوشی‌های ایرانی چیه؟,WPknL_R97G4,8
فقط اونی که گفت آیفون ۱۵ از آینده اومده بود 😂,گوشی ایرانی می‌خری؟ نظر مردم درباره گوشی‌های ایرانی چیه؟,WPknL_R97G4,4
3:54 فقط اینجا🤣🤣,گوشی ایرانی می‌خری؟ نظر مردم درباره گوشی‌های ایرانی چیه؟,WPknL_R97G4,3
فقط اون آیفون 15 منو پرتاپ کرد 👀🍙,گوشی ایرانی می‌خری؟ نظر مردم درباره گوشی‌های ایرانی چیه؟,WPknL_R97G4,2
4:27 سم بنکمن فرید مدیر صرافی اف تی اکس !,گوشی ایرانی می‌خری؟ نظر مردم درباره گوشی‌های ایرانی چیه؟,WPknL_R97G4,2
خیلی عجیب بود یه مرده داشت ازش مصاحبه میکرد گفت ایفون ۱۵ 😂😂 من همون زمانی که گفت این حروفو حنگ کردم 😂,گوشی ایرانی می‌خری؟ نظر مردم درباره گوشی‌های ایرانی چیه؟,WPknL_R97G4,6
سه بار خریدم مثل چی پشیمون شدم. هیچوقت دیگ نمیخرم,گوشی ایرانی می‌خری؟ نظر مردم درباره گوشی‌های ایرانی چیه؟,WPknL_R97G4,2
گوشی چینی درجه 3 و 4 با برند ایرانی,گوشی ایرانی می‌خری؟ نظر مردم درباره گوشی‌های ایرانی چیه؟,WPknL_R97G4,1
احتمال یه در هزار هه,گوشی ایرانی می‌خری؟ نظر مردم درباره گوشی‌های ایرانی چیه؟,WPknL_R97G4,2
سلام اقا بهزاد عزیز یه سوال دارم قصد خرید galaxy a54 دارم میخوام بدونم a54 s کی قراره معرفی بشه و ایا ارزش داره به خاطرش صبر کنم,گوشی ایرانی می‌خری؟ نظر مردم درباره گوشی‌های ایرانی چیه؟,WPknL_R97G4,0
اولین گوشی اس 9 پرچمدار داشته بعد الان آنر c7 داره که گوشی اقتصادیه او از اس 9 قدیمی تر 🤔,گوشی ایرانی می‌خری؟ نظر مردم درباره گوشی‌های ایرانی چیه؟,WPknL_R97G4,0
میشه لطفا بگید کی گوشی 12t در بازار موجود میشه و اینکه چرا موجود نیست میخوام بخرم ۳هفته منتظر موجود شدن هستم,گوشی ایرانی می‌خری؟ نظر مردم درباره گوشی‌های ایرانی چیه؟,WPknL_R97G4,0
یه جی الیکس. اسپارک داشتم.. واسه یدونه سوکت شارژ اون موقع ده برابر سوکت شارژ سامسونگ ازم پول گرفتن.. اشغال به تمام معنا... 😂😂😂,گوشی ایرانی می‌خری؟ نظر مردم درباره گوشی‌های ایرانی چیه؟,WPknL_R97G4,2
مگه a52s چه گناهی کرده ؟ 😂😅,گوشی ایرانی می‌خری؟ نظر مردم درباره گوشی‌های ایرانی چیه؟,WPknL_R97G4,5
مگه دیوانه ایم بعدش عین پراید میشه😂,گوشی ایرانی می‌خری؟ نظر مردم درباره گوشی‌های ایرانی چیه؟,WPknL_R97G4,4
لطفا ب جنس اسلامی نگین جنس ایرانی,گوشی ایرانی می‌خری؟ نظر مردم درباره گوشی‌های ایرانی چیه؟,WPknL_R97G4,2
فقط اونی که گفت جی ال ایکس داشتم حتی تماس هم جواب نمی‌داد,گوشی ایرانی می‌خری؟ نظر مردم درباره گوشی‌های ایرانی چیه؟,WPknL_R97G4,3
خدا کنه نسازن که اگر بسازن نتیجش میشه عاقبت ایرانخودرو و سایپا با مردم,گوشی ایرانی می‌خری؟ نظر مردم درباره گوشی‌های ایرانی چیه؟,WPknL_R97G4,8
من به شخصه جرعت ندارم گوشی ایرانی بخرم بجز کیفیت و غیره احساس میکنم کلا زیر نظرم😂,گوشی ایرانی می‌خری؟ نظر مردم درباره گوشی‌های ایرانی چیه؟,WPknL_R97G4,7
من یه جی ال ایکس اسپایدر داشتم اون موقع(۶سال پیش)۷۰۰تومن دادم بهش خریدن واقعاپشیمونم کرد هرچنداگه بتونن یه چیزی درحد شیائمومی ردمی۱۲یاپوکوx4 بزنن شایدبازم بخرم,گوشی ایرانی می‌خری؟ نظر مردم درباره گوشی‌های ایرانی چیه؟,WPknL_R97G4,0
دوست دارم که مسعولین علاقه دارن همه چیو ملی کنن ولی تو همشم ...,گوشی ایرانی می‌خری؟ نظر مردم درباره گوشی‌های ایرانی چیه؟,WPknL_R97G4,0
فقط اونی که گفتم یادم نمیاد گوشی اولم چی بوده 🤢,گوشی ایرانی می‌خری؟ نظر مردم درباره گوشی‌های ایرانی چیه؟,WPknL_R97G4,0
فکر کن گوشی ایرانی داری بعد یه کاری میکنی یا یه چیزی میگی گوشی منفجر میشه,گوشی ایرانی می‌خری؟ نظر مردم درباره گوشی‌های ایرانی چیه؟,WPknL_R97G4,1
اون خانمه خیلی جالب شما ازش میپرسی اولین گوشی که داشتید چی بود برگشته میگه نمیدونم ولی قبلی 12 پرو بود😐😐😐 چه ربطی داشت نمی‌دونم آیا این یه نوع فخرفروشی بود,گوشی ایرانی می‌خری؟ نظر مردم درباره گوشی‌های ایرانی چیه؟,WPknL_R97G4,0
یه روز کاری باهامون میکنن که مجبور بشیم اونم با منت و با صف بخریم,گوشی ایرانی می‌خری؟ نظر مردم درباره گوشی‌های ایرانی چیه؟,WPknL_R97G4,0
غذای ایرانی رو با گوشی ایرانی مقایسه نکنید,گوشی ایرانی می‌خری؟ نظر مردم درباره گوشی‌های ایرانی چیه؟,WPknL_R97G4,1
من گوشی ایرانی ارزون هم باشه نمیگیرم,گوشی ایرانی می‌خری؟ نظر مردم درباره گوشی‌های ایرانی چیه؟,WPknL_R97G4,0
منی که الان گوشی ایرانی(gplus x20) دارم و راضیم,گوشی ایرانی می‌خری؟ نظر مردم درباره گوشی‌های ایرانی چیه؟,WPknL_R97G4,0
دم اونی که گفت ایرانی هر کاریش کنی گند میزنه دمش گرم هزاران درود برتو❤❤❤❤,گوشی ایرانی می‌خری؟ نظر مردم درباره گوشی‌های ایرانی چیه؟,WPknL_R97G4,4
گوشی خارجی بخرید,گوشی ایرانی می‌خری؟ نظر مردم درباره گوشی‌های ایرانی چیه؟,WPknL_R97G4,0
گوشی بخرید بخرید بخرید,گوشی ایرانی می‌خری؟ نظر مردم درباره گوشی‌های ایرانی چیه؟,WPknL_R97G4,0
اگه ایرانی خوب باشه ، افتخار هم میکنیم ، منتها هنوز فاصله داریم,گوشی ایرانی می‌خری؟ نظر مردم درباره گوشی‌های ایرانی چیه؟,WPknL_R97G4,0
😂 دوستان شما گوشی ایرانی بخرید اما نمیتونی بیای یوتیوب و اپلیکیشن های خارجی فقط ایرانی میتونی بازم انتخاب با خودت,گوشی ایرانی می‌خری؟ نظر مردم درباره گوشی‌های ایرانی چیه؟,WPknL_R97G4,0
اگه قیمت مناسب و مشخصات در حد رقبا داشته باشه میخرم گوشی ایرانی ،حمایت هم میکنم,گوشی ایرانی می‌خری؟ نظر مردم درباره گوشی‌های ایرانی چیه؟,WPknL_R97G4,0
اصلا مگه گوشی ایرانی داریم؟ 😐 فقط به جای اینکه یه چینی بیاد اسمبلش کنه یه کارگر ایرانی بوده که پولی هم نصیبش نمیشه,گوشی ایرانی می‌خری؟ نظر مردم درباره گوشی‌های ایرانی چیه؟,WPknL_R97G4,3
چقدر بد این مجری واقعا بی کلاس درپیت,گوشی ایرانی می‌خری؟ نظر مردم درباره گوشی‌های ایرانی چیه؟,WPknL_R97G4,0
